idx,gene_symbol,entrez
0,CH17-408M7.1,102724558
1,DDX11L1,100287102
2,WASH7P,653635
3,FAM138A,645520
4,OR4F5,79501
5,HYDIN2,100288805
6,LOC729737,729737
7,LOC100132062,100132062
8,OR4F29,729759
9,LOC101928626,101928626
10,OR4F16,81399
11,LOC100133331,100133331
12,LOC100288069,100288069
13,FAM87B,400728
14,LINC00115,79854
15,LINC01128,643837
16,FAM41C,284593
17,LOC100130417,100130417
18,SAMD11,148398
19,NOC2L,26155
20,KLHL17,339451
21,PLEKHN1,84069
22,PERM1,84808
23,HES4,57801
24,ISG15,9636
25,AGRN,375790
26,RNF223,401934
27,C1orf159,54991
28,LINC01342,254099
29,TTLL10,254173
30,TNFRSF18,8784
31,TNFRSF4,7293
32,SDF4,51150
33,B3GALT6,126792
34,FAM132A,388581
35,UBE2J2,118424
36,SCNN1D,6339
37,ACAP3,116983
38,PUSL1,126789
39,CPSF3L,54973
40,CPTP,80772
41,TAS1R3,83756
42,DVL1,1855
43,MXRA8,54587
44,AURKAIP1,54998
45,CCNL2,81669
46,LOC148413,148413
47,MRPL20,55052
48,ANKRD65,441869
49,TMEM88B,643965
50,LOC102724312,102724312
51,VWA1,64856
52,ATAD3C,219293
53,ATAD3B,83858
54,ATAD3A,55210
55,TMEM240,339453
56,SSU72,29101
57,C1orf233,643988
58,MIB2,142678
59,MMP23B,8510
60,CDK11B,984
61,SLC35E2B,728661
62,MMP23A,8511
63,CDK11A,728642
64,SLC35E2,9906
65,NADK,65220
66,GNB1,2782
67,CALML6,163688
68,TMEM52,339456
69,CFAP74,85452
70,GABRD,2563
71,PRKCZ,5590
72,FAAP20,199990
73,SKI,6497
74,MORN1,79906
75,LOC100129534,100129534
76,RER1,11079
77,PEX10,5192
78,PLCH2,9651
79,PANK4,55229
80,HES5,388585
81,LOC115110,115110
82,TNFRSF14,8764
83,LOC100996583,100996583
84,FAM213B,127281
85,MMEL1,79258
86,TTC34,100287898
87,ACTRT2,140625
88,LINC00982,440556
89,PRDM16,63976
90,ARHGEF16,27237
91,MEGF6,1953
92,TPRG1L,127262
93,WRAP73,49856
94,TP73,7161
95,TP73-AS1,57212
96,CCDC27,148870
97,SMIM1,388588
98,LRRC47,57470
99,CEP104,9731
100,DFFB,1677
101,C1orf174,339448
102,LINC01134,100133612
103,LINC01346,728716
104,LOC284661,284661
105,AJAP1,55966
106,NPHP4,261734
107,KCNAB2,8514
108,CHD5,26038
109,RPL22,6146
110,LOC102724450,102724450
111,RNF207,388591
112,ICMT,23463
113,LINC00337,148645
114,HES3,390992
115,GPR153,387509
116,ACOT7,11332
117,HES2,54626
118,ESPN,83715
119,TNFRSF25,8718
120,PLEKHG5,57449
121,NOL9,79707
122,TAS1R1,80835
123,ZBTB48,3104
124,KLHL21,9903
125,PHF13,148479
126,THAP3,90326
127,DNAJC11,55735
128,CAMTA1,23261
129,VAMP3,9341
130,PER3,8863
131,UTS2,10911
132,TNFRSF9,3604
133,PARK7,11315
134,ERRFI1,54206
135,LOC102724539,102724539
136,SLC45A1,50651
137,RERE,473
138,LOC102724552,102724552
139,ENO1,2023
140,MIR6728,102465436
141,ENO1-AS1,100505975
142,CA6,765
143,SLC2A7,155184
144,SLC2A5,6518
145,GPR157,80045
146,H6PD,9563
147,SPSB1,80176
148,LOC100506022,100506022
149,SLC25A33,84275
150,TMEM201,199953
151,PIK3CD,5293
152,PIK3CD-AS1,644997
153,PIK3CD-AS2,101929074
154,CLSTN1,22883
155,CTNNBIP1,56998
156,LZIC,84328
157,NMNAT1,64802
158,RBP7,116362
159,UBE4B,10277
160,KIF1B,23095
161,PGD,5226
162,APITD1,378708
163,APITD1-CORT,100526739
164,CORT,1325
165,DFFA,1676
166,PEX14,5195
167,CASZ1,54897
168,C1orf127,148345
169,TARDBP,23435
170,MASP2,10747
171,SRM,6723
172,EXOSC10,5394
173,MTOR,2475
174,MTOR-AS1,100873935
175,ANGPTL7,10218
176,UBIAD1,29914
177,PTCHD2,57540
178,LOC101929181,101929181
179,FBXO2,26232
180,FBXO44,93611
181,FBXO6,26270
182,MAD2L2,10459
183,DRAXIN,374946
184,AGTRAP,57085
185,C1orf167,284498
186,LOC102724659,102724659
187,MTHFR,4524
188,CLCN6,1185
189,NPPA-AS1,100379251
190,NPPA,4878
191,NPPB,4879
192,KIAA2013,90231
193,PLOD1,5351
194,MFN2,9927
195,MIIP,60672
196,TNFRSF8,943
197,TNFRSF1B,7133
198,VPS13D,55187
199,SNORA59A,677885
200,DHRS3,9249
201,AADACL4,343066
202,AADACL3,126767
203,C1orf158,93190
204,PRAMEF12,390999
205,PRAMEF1,65121
206,PRAMEF11,440560
207,LOC101060301,101060301
208,HNRNPCL3,649330
209,HNRNPCL1,343069
210,PRAMEF2,65122
211,PRAMEF4,400735
212,PRAMEF7,441871
213,PRAMEF6,440561
214,PRAMEF9,343070
215,PRAMEF18,391003
216,PRAMEF25,441873
217,LOC645359,645359
218,HNRNPCL2,440563
219,PRAMEF5,343068
220,PRAMEF16,654348
221,PRAMEF15,653619
222,PRAMEF14,729528
223,PRAMEF19,645414
224,PRAMEF17,391004
225,PRAMEF20,645425
226,LRRC38,126755
227,PDPN,10630
228,PRDM2,7799
229,KAZN,23254
230,TMEM51-AS1,200197
231,TMEM51,55092
232,C1orf195,727684
233,FHAD1,114827
234,EFHD2,79180
235,CTRC,11330
236,CELA2A,63036
237,CELA2B,51032
238,CASP9,842
239,DNAJC16,23341
240,AGMAT,79814
241,DDI2,84301
242,RSC1A1,6248
243,PLEKHM2,23207
244,SLC25A34,284723
245,TMEM82,388595
246,FBLIM1,54751
247,UQCRHL,440567
248,FLJ37453,729614
249,SPEN,23013
250,ZBTB17,7709
251,C1orf64,149563
252,HSPB7,27129
253,CLCNKA,1187
254,CLCNKB,1188
255,FAM131C,348487
256,EPHA2,1969
257,ARHGEF19,128272
258,RSG1,79363
259,FBXO42,54455
260,SZRD1,26099
261,SPATA21,374955
262,NECAP2,55707
263,CROCCP3,114819
264,LOC100133301,100133301
265,NBPF1,55672
266,CROCCP2,84809
267,MST1P2,11209
268,ESPNP,284729
269,MST1L,11223
270,CROCC,9696
271,MFAP2,4237
272,ATP13A2,23400
273,SDHB,6390
274,PADI2,11240
275,PADI1,29943
276,PADI3,51702
277,PADI4,23569
278,PADI6,353238
279,RCC2,55920
280,ARHGEF10L,55160
281,ACTL8,81569
282,LOC101927876,101927876
283,IGSF21,84966
284,KLHDC7A,127707
285,PAX7,5081
286,TAS1R2,80834
287,ALDH4A1,8659
288,IFFO2,126917
289,UBR4,23352
290,EMC1,23065
291,MRTO4,51154
292,AKR7L,246181
293,AKR7A3,22977
294,LOC100506730,100506730
295,AKR7A2,8574
296,PQLC2,54896
297,CAPZB,832
298,MINOS1,440574
299,MINOS1-NBL1,100532736
300,RPS14P3,644068
301,NBL1,4681
302,HTR6,3362
303,TMCO4,255104
304,RNF186,54546
305,OTUD3,23252
306,PLA2G2E,30814
307,PLA2G2A,5320
308,PLA2G5,5322
309,PLA2G2D,26279
310,PLA2G2F,64600
311,PLA2G2C,391013
312,UBXN10-AS1,101928017
313,UBXN10,127733
314,VWA5B1,127731
315,LINC01141,339505
316,CAMK2N1,55450
317,MUL1,79594
318,FAM43B,163933
319,CDA,978
320,PINK1,65018
321,MIR6084,102464833
322,PINK1-AS,100861548
323,DDOST,1650
324,KIF17,57576
325,SH2D5,400745
326,HP1BP3,50809
327,EIF4G3,8672
328,ECE1,1889
329,LOC100506801,100506801
330,NBPF3,84224
331,ALPL,249
332,RAP1GAP,5909
333,USP48,84196
334,LDLRAD2,401944
335,HSPG2,3339
336,CELA3B,23436
337,CELA3A,10136
338,LOC101928043,101928043
339,LINC00339,29092
340,CDC42,998
341,WNT4,54361
342,ZBTB40,9923
343,EPHA8,2046
344,C1QA,712
345,C1QC,714
346,C1QB,713
347,EPHB2,2048
348,LACTBL1,646262
349,C1orf234,729059
350,KDM1A,23028
351,LUZP1,7798
352,HTR1D,3352
353,LOC100996511,100996511
354,HNRNPR,10236
355,ZNF436,80818
356,ZNF436-AS1,148898
357,TCEA3,6920
358,ASAP3,55616
359,E2F2,1870
360,LOC101928163,101928163
361,ID3,3399
362,MDS2,259283
363,RPL11,6135
364,TCEB3,6924
365,TCEB3-AS1,100506963
366,PITHD1,57095
367,LYPLA2,11313
368,GALE,2582
369,HMGCL,3155
370,FUCA1,2517
371,CNR2,1269
372,PNRC2,55629
373,SRSF10,10772
374,MYOM3,127294
375,IL22RA1,58985
376,IFNLR1,163702
377,LOC284632,284632
378,GRHL3,57822
379,STPG1,90529
380,NIPAL3,57185
381,RCAN3AS,100750325
382,RCAN3,11123
383,LOC100506985,100506985
384,NCMAP,400746
385,SRRM1,10250
386,CLIC4,25932
387,RUNX3,864
388,SYF2,25949
389,RSRP1,57035
390,RHD,6007
391,TMEM50A,23585
392,RHCE,6006
393,TMEM57,55219
394,LDLRAP1,26119
395,MAN1C1,57134
396,SEPN1,57190
397,MTFR1L,56181
398,LOC646471,646471
399,AUNIP,79000
400,PAQR7,164091
401,STMN1,3925
402,PAFAH2,5051
403,EXTL1,2134
404,SLC30A2,7780
405,TRIM63,84676
406,PDIK1L,149420
407,FAM110D,79927
408,ZNF593,51042
409,CNKSR1,10256
410,CATSPER4,378807
411,LOC101928303,101928303
412,CEP85,64793
413,SH3BGRL3,83442
414,UBXN11,91544
415,CD52,1043
416,AIM1L,55057
417,ZNF683,257101
418,LIN28A,79727
419,DHDDS,79947
420,LOC101928324,101928324
421,HMGN2,3151
422,RPS6KA1,6195
423,ARID1A,8289
424,PIGV,55650
425,ZDHHC18,84243
426,SFN,2810
427,GPN2,54707
428,GPATCH3,63906
429,NR0B2,8431
430,NUDC,10726
431,KDF1,126695
432,TRNP1,388610
433,FAM46B,115572
434,SLC9A1,6548
435,WDTC1,23038
436,TMEM222,84065
437,ACTG1P20,644961
438,SYTL1,84958
439,MAP3K6,9064
440,FCN3,8547
441,CD164L2,388611
442,GPR3,2827
443,WASF2,10163
444,AHDC1,27245
445,FGR,2268
446,IFI6,2537
447,FAM76A,199870
448,STX12,23673
449,PPP1R8,5511
450,SCARNA1,677774
451,THEMIS2,9473
452,RPA2,6118
453,SMPDL3B,27293
454,XKR8,55113
455,EYA3,2140
456,PTAFR,5724
457,DNAJC8,22826
458,ATPIF1,93974
459,SESN2,83667
460,MED18,54797
461,PHACTR4,65979
462,SNHG3,8420
463,RCC1,1104
464,SNORA73B,6081
465,TRNAU1AP,54952
466,SNHG12,85028
467,SNORA61,677838
468,SNORA44,677825
469,SNORA16A,692073
470,RAB42,115273
471,TAF12,6883
472,RNU11,26824
473,GMEB1,10691
474,YTHDF2,51441
475,OPRD1,4985
476,EPB41,2035
477,TMEM200B,399474
478,SRSF4,6429
479,MECR,51102
480,PTPRU,10076
481,LOC101928460,101928460
482,LOC101929406,101929406
483,MATN1,4146
484,MATN1-AS1,100129196
485,LAPTM5,7805
486,SDC3,9672
487,PUM1,9698
488,NKAIN1,79570
489,SNRNP40,9410
490,ZCCHC17,51538
491,FABP3,2170
492,SERINC2,347735
493,LINC01225,149086
494,LINC01226,284551
495,TINAGL1,64129
496,HCRTR1,3061
497,PEF1,553115
498,COL16A1,1307
499,ADGRB2,576
500,SPOCD1,90853
501,PTP4A2,8073
502,KHDRBS1,10657
503,TMEM39B,55116
504,KPNA6,23633
505,TXLNA,200081
506,CCDC28B,79140
507,IQCC,55721
508,DCDC2B,149069
509,TMEM234,56063
510,EIF3I,8668
511,MTMR9LP,339483
512,FAM167B,84734
513,LCK,3932
514,HDAC1,3065
515,MARCKSL1,65108
516,FAM229A,100128071
517,TSSK3,81629
518,BSDC1,55108
519,ZBTB8B,728116
520,ZBTB8A,653121
521,ZBTB8OS,339487
522,RBBP4,5928
523,SYNC,81493
524,KIAA1522,57648
525,YARS,8565
526,S100PBP,64766
527,FNDC5,252995
528,HPCA,3208
529,TMEM54,113452
530,RNF19B,127544
531,AK2,204
532,AZIN2,113451
533,TRIM62,55223
534,ZNF362,149076
535,A3GALT2,127550
536,PHC2,1912
537,LOC101929464,101929464
538,ZSCAN20,7579
539,CSMD2,114784
540,HMGB4,127540
541,CSMD2-AS1,402779
542,C1orf94,84970
543,GJB5,2709
544,GJB4,127534
545,GJB3,2707
546,GJA4,2701
547,SMIM12,113444
548,DLGAP3,58512
549,LOC653160,653160
550,ZMYM6NB,100506144
551,ZMYM6,9204
552,ZMYM1,79830
553,SFPQ,6421
554,ZMYM4,9202
555,KIAA0319L,79932
556,NCDN,23154
557,TFAP2E,339488
558,PSMB2,5690
559,C1orf216,127703
560,CLSPN,63967
561,AGO4,192670
562,AGO1,26523
563,AGO3,192669
564,TEKT2,27285
565,ADPRHL2,54936
566,COL8A2,1296
567,TRAPPC3,27095
568,MAP7D1,55700
569,THRAP3,9967
570,SH3D21,79729
571,EVA1B,55194
572,STK40,83931
573,LSM10,84967
574,OSCP1,127700
575,MRPS15,64960
576,CSF3R,1441
577,GRIK3,2899
578,LINC01137,728431
579,ZC3H12A,80149
580,MEAF6,64769
581,SNIP1,79753
582,DNALI1,7802
583,GNL2,29889
584,RSPO1,284654
585,C1orf109,54955
586,CDCA8,55143
587,EPHA10,284656
588,MANEAL,149175
589,YRDC,79693
590,C1orf122,127687
591,MTF1,4520
592,INPP5B,3633
593,SF3A3,10946
594,FHL3,2275
595,UTP11L,51118
596,POU3F1,5453
597,LINC01343,339442
598,RRAGC,64121
599,MYCBP,26292
600,GJA9-MYCBP,100527950
601,GJA9,81025
602,RHBDL2,54933
603,AKIRIN1,79647
604,NDUFS5,4725
605,MACF1,23499
606,KIAA0754,643314
607,BMP8A,353500
608,PPIEL,728448
609,PABPC4,8761
610,LOC101929516,101929516
611,SNORA55,677834
612,HEYL,26508
613,NT5C1A,84618
614,HPCAL4,51440
615,PPIE,10450
616,BMP8B,656
617,OXCT2,64064
618,TRIT1,54802
619,MYCL,4610
620,MFSD2A,84879
621,CAP1,10487
622,PPT1,5538
623,RLF,6018
624,ZMPSTE24,10269
625,COL9A2,1298
626,SMAP2,64744
627,ZFP69B,65243
628,ZFP69,339559
629,EXO5,64789
630,ZNF684,127396
631,RIMS3,9783
632,NFYC-AS1,100130557
633,NFYC,4802
634,KCNQ4,9132
635,CITED4,163732
636,CTPS1,1503
637,SLFNL1-AS1,100507178
638,SLFNL1,200172
639,SCMH1,22955
640,FOXO6,100132074
641,EDN2,1907
642,HIVEP3,59269
643,GUCA2B,2981
644,GUCA2A,2980
645,FOXJ3,22887
646,RIMKLA,284716
647,ZMYND12,84217
648,PPCS,79717
649,CCDC30,728621
650,PPIH,10465
651,YBX1,4904
652,CLDN19,149461
653,P3H1,64175
654,C1orf50,79078
655,LOC100129924,100129924
656,SVBP,374969
657,ERMAP,114625
658,ZNF691,51058
659,LOC339539,339539
660,SLC2A1,6513
661,SLC2A1-AS1,440584
662,FAM183A,440585
663,EBNA1BP2,10969
664,CFAP57,149465
665,TMEM125,128218
666,C1orf210,149466
667,TIE1,7075
668,MPL,4352
669,CDC20,991
670,ELOVL1,64834
671,MED8,112950
672,SZT2,23334
673,HYI,81888
674,PTPRF,5792
675,KDM4A,9682
676,KDM4A-AS1,100132774
677,ST3GAL3,6487
678,LOC101929592,101929592
679,ARTN,9048
680,IPO13,9670
681,DPH2,1802
682,ATP6V0B,533
683,B4GALT2,8704
684,CCDC24,149473
685,SLC6A9,6536
686,KLF17,128209
687,DMAP1,55929
688,ERI3,79033
689,ERI3-IT1,100874278
690,RNF220,55182
691,TMEM53,79639
692,C1orf228,339541
693,KIF2C,11004
694,RPS8,6202
695,BEST4,266675
696,PLK3,1263
697,TCTEX1D4,343521
698,BTBD19,149478
699,PTCH2,8643
700,EIF2B3,8891
701,HECTD3,79654
702,UROD,7389
703,ZSWIM5,57643
704,LINC01144,400752
705,HPDL,84842
706,MUTYH,4595
707,TOE1,114034
708,TESK2,10420
709,CCDC163P,126661
710,MMACHC,25974
711,PRDX1,5052
712,AKR1A1,10327
713,NASP,4678
714,CCDC17,149483
715,GPBP1L1,60313
716,RPS15AP10,728963
717,TMEM69,51249
718,IPP,3652
719,MAST2,23139
720,PIK3R3,8503
721,LOC101929626,101929626
722,TSPAN1,10103
723,POMGNT1,55624
724,LURAP1,541468
725,RAD54L,8438
726,LRRC41,10489
727,UQCRH,7388
728,NSUN4,387338
729,FAAH,2166
730,FAAHP1,729041
731,LINC01398,101929651
732,DMBX1,127343
733,MKNK1-AS1,100507423
734,KNCN,148930
735,MKNK1,8569
736,MOB3C,148932
737,ATPAF1,64756
738,TEX38,374973
739,EFCAB14-AS1,100130197
740,EFCAB14,9813
741,CYP4B1,1580
742,CYP4Z2P,163720
743,CYP4A11,1579
744,CYP4X1,260293
745,CYP4Z1,199974
746,CYP4A22,284541
747,LINC00853,100874253
748,PDZK1IP1,10158
749,TAL1,6886
750,STIL,6491
751,CMPK1,51727
752,LINC01389,102724077
753,FOXE3,2301
754,FOXD2-AS1,84793
755,FOXD2,2306
756,TRABD2B,388630
757,SKINTL,391037
758,SLC5A9,200010
759,SPATA6,54558
760,AGBL4,84871
761,BEND5,79656
762,LOC101929721,101929721
763,AGBL4-IT1,100874313
764,ELAVL4,1996
765,DMRTA2,63950
766,FAF1,11124
767,CDKN2C,1031
768,C1orf185,284546
769,RNF11,26994
770,TTC39A,22996
771,TTC39A-AS1,102724097
772,EPS15,2060
773,OSBPL9,114883
774,NRDC,4898
775,RAB3B,5865
776,TXNDC12,51060
777,KTI12,112970
778,TXNDC12-AS1,104355143
779,BTF3L4,91408
780,ZFYVE9,9372
781,CC2D1B,200014
782,ORC1,4998
783,PRPF38A,84950
784,ZCCHC11,23318
785,GPX7,2882
786,FAM159A,348378
787,COA7,65260
788,ZYG11B,79699
789,ZYG11A,440590
790,ECHDC2,55268
791,SCP2,6342
792,PODN,127435
793,SLC1A7,6512
794,CPT2,1376
795,C1orf123,54987
796,MAGOH,4116
797,LOC100507564,100507564
798,LRP8,7804
799,LOC105378732,105378732
800,SLC25A3P1,163742
801,DMRTB1,63948
802,GLIS1,148979
803,NDC1,55706
804,YIPF1,54432
805,DIO1,1733
806,HSPB11,51668
807,LRRC42,115353
808,LDLRAD1,388633
809,TMEM59,9528
810,TCEANC2,127428
811,CDCP2,200008
812,CYB5RL,606495
813,MRPL37,51253
814,SSBP3,23648
815,C1orf191,619518
816,ACOT11,26027
817,FAM151A,338094
818,MROH7,374977
819,MROH7-TTC4,100527960
820,TTC4,7268
821,PARS2,25973
822,TTC22,55001
823,LEXM,163747
824,DHCR24,1718
825,TMEM61,199964
826,BSND,7809
827,PCSK9,255738
828,USP24,23358
829,LOC100507634,100507634
830,PLPP3,8613
831,PRKAA2,5563
832,C1orf168,199920
833,C8A,731
834,C8B,732
835,DAB1,1600
836,DAB1-AS1,101926890
837,OMA1,115209
838,TACSTD2,4070
839,MYSM1,114803
840,JUN,3725
841,LINC01135,100131060
842,LINC01358,101926925
843,HSD52,729467
844,FGGY,55277
845,LOC101926944,101926944
846,HOOK1,51361
847,CYP2J2,1573
848,C1orf87,127795
849,LOC101926964,101926964
850,LOC100996570,100996570
851,NFIA,4774
852,LOC645030,645030
853,MGC34796,414927
854,TM2D1,83941
855,INADL,10207
856,L1TD1,54596
857,KANK4,163782
858,USP1,7398
859,DOCK7,85440
860,ANGPTL3,27329
861,ATG4C,84938
862,LINC00466,199899
863,LOC100996301,100996301
864,FOXD3,27022
865,ALG6,29929
866,ITGB3BP,23421
867,EFCAB7,84455
868,DLEU2L,79469
869,PGM1,5236
870,ROR1,4919
871,ROR1-AS1,101927034
872,UBE2U,148581
873,CACHD1,57685
874,RAVER2,55225
875,JAK1,3716
876,LINC01359,101927084
877,AK4,205
878,DNAJC6,9829
879,LEPROT,54741
880,LEPR,3953
881,PDE4B,5142
882,LOC101927139,101927139
883,SGIP1,84251
884,TCTEX1D1,200132
885,INSL5,10022
886,WDR78,79819
887,MIER1,57708
888,SLC35D1,23169
889,C1orf141,400757
890,IL23R,149233
891,IL12RB2,3595
892,SERBP1,26135
893,GADD45A,1647
894,GNG12,55970
895,GNG12-AS1,100289178
896,DIRAS3,9077
897,WLS,79971
898,RPE65,6121
899,DEPDC1,55635
900,DEPDC1-AS1,101927220
901,LRRC7,57554
902,PIN1P1,5301
903,LRRC40,55631
904,SRSF11,9295
905,ANKRD13C,81573
906,HHLA3,11147
907,CTH,1491
908,LOC101927244,101927244
909,PTGER3,5733
910,ZRANB2-AS1,100132618
911,ZRANB2,9406
912,ZRANB2-AS2,100852410
913,NEGR1,257194
914,LINC01360,101927295
915,LRRIQ3,127255
916,FPGT,8790
917,FPGT-TNNI3K,100526835
918,TNNI3K,51086
919,ERICH3,127254
920,ERICH3-AS1,101927320
921,CRYZ,1429
922,TYW3,127253
923,LHX8,431707
924,SLC44A5,204962
925,ACADM,34
926,DLSTP1,1744
927,RABGGTB,5876
928,MSH4,4438
929,ASB17,127247
930,LOC101927342,101927342
931,ST6GALNAC3,256435
932,ST6GALNAC5,81849
933,PIGK,10026
934,AK5,26289
935,ZZZ3,26009
936,USP33,23032
937,FAM73A,374986
938,NEXN-AS1,374987
939,NEXN,91624
940,FUBP1,8880
941,DNAJB4,11080
942,GIPC2,54810
943,MGC27382,149047
944,PTGFR,5737
945,IFI44L,10964
946,IFI44,10561
947,ADGRL4,64123
948,LOC101927412,101927412
949,LOC101927434,101927434
950,ADGRL2,23266
951,LINC01361,101927498
952,LOC101927587,101927587
953,LOC101927560,101927560
954,TTLL7,79739
955,PRKACB,5567
956,SAMD13,148418
957,UOX,391051
958,DNASE2B,58511
959,RPF1,80135
960,GNG5,2787
961,SPATA1,100505741
962,CTBS,1486
963,LINC01461,103695366
964,LINC01555,439927
965,SSX2IP,117178
966,LPAR3,23566
967,MCOLN2,255231
968,MCOLN3,55283
969,WDR63,126820
970,SYDE2,84144
971,C1orf52,148423
972,BCL10,8915
973,LOC646626,646626
974,DDAH1,23576
975,CYR61,3491
976,ZNHIT6,54680
977,COL24A1,255631
978,ODF2L,57489
979,CLCA2,9635
980,CLCA1,1179
981,CLCA4,22802
982,CLCA3P,9629
983,SH3GLB1,51100
984,SEP15,9403
985,HS2ST1,9653
986,LINC01140,339524
987,LOC101927844,101927844
988,LMO4,8543
989,LINC01364,100505768
990,PKN2-AS1,101927891
991,PKN2,5586
992,GTF2B,2959
993,CCBL2,56267
994,RBMXL1,494115
995,GBP3,2635
996,GBP1,2633
997,GBP2,2634
998,GBP7,388646
999,GBP4,115361
1000,GBP5,115362
1001,LOC729930,729930
1002,GBP6,163351
1003,GBP1P1,400759
1004,LRRC8B,23507
1005,FLJ27354,400761
1006,LRRC8C,84230
1007,LRRC8D,55144
1008,GEMIN8P4,492303
1009,ZNF326,284695
1010,BARHL2,343472
1011,ZNF644,84146
1012,HFM1,164045
1013,CDC7,8317
1014,TGFBR3,7049
1015,BRDT,676
1016,EPHX4,253152
1017,SETP18,646817
1018,BTBD8,284697
1019,KIAA1107,23285
1020,C1orf146,388649
1021,GLMN,11146
1022,RPAP2,79871
1023,GFI1,2672
1024,EVI5,7813
1025,RPL5,6125
1026,FAM69A,388650
1027,SNORA66,26782
1028,MTF2,22823
1029,TMED5,50999
1030,CCDC18,343099
1031,CCDC18-AS1,100131564
1032,DR1,1810
1033,FNBP1L,54874
1034,BCAR3,8412
1035,LOC100129046,100129046
1036,DNTTIP2,30836
1037,GCLM,2730
1038,ABCA4,24
1039,ARHGAP29,9411
1040,ABCD3,5825
1041,F3,2152
1042,LINC01057,101928079
1043,SLC44A3,126969
1044,CNN3,1266
1045,LOC729970,729970
1046,ALG14,199857
1047,TMEM56,148534
1048,TMEM56-RWDD3,100527978
1049,LOC101928118,101928118
1050,RWDD3,25950
1051,FLJ31662,440594
1052,LOC100996635,100996635
1053,LOC102723661,102723661
1054,LOC101928241,101928241
1055,PTBP2,58155
1056,DPYD,1806
1057,DPYD-AS1,100873932
1058,DPYD-AS2,100873933
1059,MIR137HG,400765
1060,MIR2682,100616452
1061,LOC729987,729987
1062,SNX7,51375
1063,PLPPR5,163404
1064,LOC100129620,100129620
1065,PLPPR4,9890
1066,PALMD,54873
1067,FRRS1,391059
1068,AGL,178
1069,SLC35A3,23443
1070,MFSD14A,64645
1071,SASS6,163786
1072,TRMT13,54482
1073,LRRC39,127495
1074,DBT,1629
1075,LOC100506007,100506007
1076,RTCA,8634
1077,CDC14A,8556
1078,GPR88,54112
1079,VCAM1,7412
1080,EXTL2,2135
1081,SLC30A7,148867
1082,DPH5,51611
1083,LOC102606465,102606465
1084,LOC101928370,101928370
1085,S1PR1,1901
1086,LINC01307,104355286
1087,OLFM3,118427
1088,DNAJA1P5,94236
1089,COL11A1,1301
1090,LOC101928436,101928436
1091,RNPC3,55599
1092,AMY2B,280
1093,ACTG1P4,648740
1094,AMY2A,279
1095,AMY1A,276
1096,AMY1B,277
1097,AMY1C,278
1098,LOC100129138,100129138
1099,PRMT6,55170
1100,NTNG1,22854
1101,VAV3,10451
1102,VAV3-AS1,100873946
1103,SLC25A24,29957
1104,NBPF4,148545
1105,NBPF6,653149
1106,FAM102B,284611
1107,HENMT1,113802
1108,PRPF38B,55119
1109,FNDC7,163479
1110,STXBP3,6814
1111,AKNAD1,254268
1112,SPATA42,642864
1113,GPSM2,29899
1114,CLCC1,23155
1115,WDR47,22911
1116,TAF13,6884
1117,TMEM167B,56900
1118,SCARNA2,677766
1119,C1orf194,127003
1120,KIAA1324,57535
1121,SARS,6301
1122,CELSR2,1952
1123,PSRC1,84722
1124,MYBPHL,343263
1125,SORT1,6272
1126,PSMA5,5686
1127,SYPL2,284612
1128,ATXN7L2,127002
1129,CYB561D1,284613
1130,AMIGO1,57463
1131,GPR61,83873
1132,GNAI3,2773
1133,GNAT2,2780
1134,AMPD2,271
1135,GSTM4,2948
1136,GSTM2,2946
1137,GSTM1,2944
1138,GSTM5,2949
1139,GSTM3,2947
1140,EPS8L3,79574
1141,CSF1,1435
1142,AHCYL1,10768
1143,STRIP1,85369
1144,ALX3,257
1145,LINC01397,104355139
1146,UBL4B,164153
1147,SLC6A17,388662
1148,KCNC4-AS1,100873974
1149,KCNC4,3749
1150,LOC440600,440600
1151,RBM15,64783
1152,SLC16A4,9122
1153,LAMTOR5,10542
1154,LAMTOR5-AS1,101410535
1155,PROK1,84432
1156,CYMP,643160
1157,LOC440602,440602
1158,KCNA10,3744
1159,KCNA2,3737
1160,KCNA3,3738
1161,CD53,963
1162,LRIF1,55791
1163,DRAM2,128338
1164,CEPT1,10390
1165,DENND2D,79961
1166,CHI3L2,1117
1167,CHIAP2,149620
1168,CHIA,27159
1169,PIFO,128344
1170,PGCP1,441897
1171,OVGP1,5016
1172,WDR77,79084
1173,ATP5F1,515
1174,C1orf162,128346
1175,TMIGD3,57413
1176,ADORA3,140
1177,LINC01160,100129269
1178,RAP1A,5906
1179,FAM212B,55924
1180,FAM212B-AS1,100506343
1181,LOC101928718,101928718
1182,DDX20,11218
1183,KCND3,3752
1184,KCND3-IT1,100874295
1185,KCND3-AS1,100873995
1186,LOC643355,643355
1187,CTTNBP2NL,55917
1188,WNT2B,7482
1189,ST7L,54879
1190,CAPZA1,829
1191,MOV10,4343
1192,RHOC,389
1193,PPM1J,333926
1194,FAM19A3,284467
1195,LOC100996702,100996702
1196,SLC16A1,6566
1197,AKR7A2P1,246182
1198,LOC100506392,100506392
1199,LOC100996251,100996251
1200,LRIG2,9860
1201,LOC643441,643441
1202,MAGI3,260425
1203,PHTF1,10745
1204,RSBN1,54665
1205,AP4B1-AS1,100287722
1206,PTPN22,26191
1207,BCL2L15,440603
1208,AP4B1,10717
1209,DCLRE1B,64858
1210,HIPK1-AS1,101928846
1211,HIPK1,204851
1212,OLFML3,56944
1213,SYT6,148281
1214,TRIM33,51592
1215,BCAS2,10286
1216,DENND2C,163259
1217,AMPD1,270
1218,NRAS,4893
1219,CSDE1,7812
1220,SIKE1,80143
1221,SYCP1,6847
1222,TSPAN2,10100
1223,NGF,4803
1224,VANGL1,81839
1225,CASQ2,845
1226,NHLH2,4808
1227,LOC101928995,101928995
1228,LOC101928977,101928977
1229,SLC22A15,55356
1230,MAB21L3,126868
1231,ATP1A1,476
1232,ATP1A1-AS1,84852
1233,LOC101929023,101929023
1234,CD58,965
1235,IGSF3,3321
1236,C1orf137,388667
1237,CD2,914
1238,PTGFRN,5738
1239,CD101,9398
1240,LOC101929099,101929099
1241,TTF2,8458
1242,TRIM45,80263
1243,VTCN1,79679
1244,MAN1A2,10905
1245,FAM46C,54855
1246,GDAP2,54834
1247,WDR3,10885
1248,SPAG17,200162
1249,TBX15,6913
1250,WARS2,10352
1251,WARS2-IT1,104472716
1252,LOC101929147,101929147
1253,HAO2,51179
1254,HSD3B2,3284
1255,HSD3B1,3283
1256,HSD3BP4,128102
1257,LINC00622,644242
1258,ZNF697,90874
1259,PHGDH,26227
1260,HMGCS2,3158
1261,REG4,83998
1262,NBPF7,343505
1263,ADAM30,11085
1264,NOTCH2,4853
1265,FAM72B,653820
1266,HIST2H2BA,337875
1267,FCGR1B,2210
1268,SRGAP2-AS1,100873165
1269,SRGAP2B,647135
1270,EMBP1,647121
1271,ANKRD20A12P,100874392
1272,LOC102723769,102723769
1273,LINC01138,388685
1274,PPIAL4G,644591
1275,FAM72D,728833
1276,NBPF20,641590
1277,PFN1P2,767846
1278,NBPF9,400818
1279,LOC653513,653513
1280,PDE4DIP,9659
1281,SEC22B,9554
1282,NOTCH2NL,388677
1283,NBPF10,100132406
1284,LOC101928979,101928979
1285,HFE2,148738
1286,TXNIP,10628
1287,POLR3GL,84265
1288,ANKRD34A,284615
1289,LIX1L,128077
1290,RBM8A,9939
1291,GNRHR2,114814
1292,PEX11B,8799
1293,ITGA10,8515
1294,ANKRD35,148741
1295,PIAS3,10401
1296,NUDT17,200035
1297,POLR3C,10623
1298,RNF115,27246
1299,CD160,11126
1300,PDZK1,5174
1301,GPR89A,653519
1302,NBPF12,149013
1303,LOC728989,728989
1304,RNVU1-8,101447996
1305,NBPF13P,644861
1306,PRKAB2,5565
1307,PDIA3P1,171423
1308,FMO5,2330
1309,CHD1L,9557
1310,LINC00624,100289211
1311,BCL9,607
1312,ACP6,51205
1313,GJA5,2702
1314,GJA8,2703
1315,GPR89B,51463
1316,PDZK1P1,728939
1317,NBPF11,200030
1318,LOC101927468,101927468
1319,RNU1-13P,26860
1320,LOC100132057,100132057
1321,NBPF14,25832
1322,NBPF15,284565
1323,DRD5P2,1818
1324,LOC645166,645166
1325,LOC388692,388692
1326,LOC644634,644634
1327,FCGR1C,100132417
1328,PPIAL4A,164022
1329,LINC00869,57234
1330,LOC103091866,103091866
1331,RNVU1-20,101954268
1332,HIST2H2BF,440689
1333,FCGR1A,2209
1334,HIST2H3D,653604
1335,HIST2H4A,8370
1336,HIST2H3A,333932
1337,HIST2H2AA4,723790
1338,HIST2H2BC,337873
1339,HIST2H2AA3,8337
1340,HIST2H3C,126961
1341,HIST2H4B,554313
1342,HIST2H2BE,8349
1343,HIST2H2AC,8338
1344,HIST2H2AB,317772
1345,BOLA1,51027
1346,SV2A,9900
1347,SF3B4,10262
1348,MTMR11,10903
1349,OTUD7B,56957
1350,VPS45,11311
1351,PLEKHO1,51177
1352,ANP32E,81611
1353,CA14,23632
1354,APH1A,51107
1355,C1orf54,79630
1356,CIART,148523
1357,MRPS21,54460
1358,PRPF3,9129
1359,RPRD2,23248
1360,TARS2,80222
1361,ECM1,1893
1362,FALEC,100874054
1363,ADAMTSL4,54507
1364,C1orf138,574406
1365,MCL1,4170
1366,ENSA,2029
1367,GOLPH3L,55204
1368,HORMAD1,84072
1369,CTSS,1520
1370,CTSK,1513
1371,ARNT,405
1372,SETDB1,9869
1373,CERS2,29956
1374,ANXA9,8416
1375,FAM63A,55793
1376,PRUNE,58497
1377,BNIPL,149428
1378,C1orf56,54964
1379,CDC42SE1,56882
1380,MLLT11,10962
1381,GABPB2,126626
1382,SEMA6C,10500
1383,TNFAIP8L2,79626
1384,TNFAIP8L2-SCNM1,100534012
1385,LYSMD1,388695
1386,SCNM1,79005
1387,TMOD4,29765
1388,VPS72,6944
1389,PIP5K1A,8394
1390,PSMD4,5710
1391,ZNF687,57592
1392,PI4KB,5298
1393,RFX5,5993
1394,GBAT2,101927886
1395,SELENBP1,8991
1396,PSMB4,5692
1397,POGZ,23126
1398,CGN,57530
1399,TUFT1,7286
1400,SNX27,81609
1401,CELF3,11189
1402,RIIAD1,284485
1403,MRPL9,65005
1404,OAZ3,51686
1405,TDRKH,11022
1406,LINGO4,339398
1407,RORC,6097
1408,C2CD4D,100191040
1409,LOC100132111,100132111
1410,THEM5,284486
1411,THEM4,117145
1412,S100A10,6281
1413,NBPF18P,441908
1414,S100A11,6282
1415,LOC100131107,100131107
1416,TCHHL1,126637
1417,TCHH,7062
1418,RPTN,126638
1419,HRNR,388697
1420,FLG,2312
1421,FLG-AS1,339400
1422,FLG2,388698
1423,CRNN,49860
1424,LCE5A,254910
1425,CRCT1,54544
1426,LCE3E,353145
1427,LCE3D,84648
1428,LCE3C,353144
1429,LCE3B,353143
1430,LCE3A,353142
1431,LCE2D,353141
1432,LCE2C,353140
1433,LCE2B,26239
1434,LCE2A,353139
1435,LCE4A,199834
1436,C1orf68,100129271
1437,KPRP,448834
1438,LCE1F,353137
1439,LCE1E,353135
1440,LCE1D,353134
1441,LCE1C,353133
1442,LCE1B,353132
1443,LCE1A,353131
1444,LCE6A,448835
1445,SMCP,4184
1446,IVL,3713
1447,SPRR4,163778
1448,SPRR1A,6698
1449,SPRR3,6707
1450,SPRR1B,6699
1451,SPRR2D,6703
1452,SPRR2A,6700
1453,SPRR2B,6701
1454,SPRR2E,6704
1455,SPRR2F,6705
1456,SPRR2C,6702
1457,SPRR2G,6706
1458,LOC101928009,101928009
1459,LELP1,149018
1460,PRR9,574414
1461,LOR,4014
1462,PGLYRP3,114771
1463,PGLYRP4,57115
1464,S100A9,6280
1465,S100A12,6283
1466,S100A8,6279
1467,S100A7A,338324
1468,S100A7,6278
1469,S100A6,6277
1470,S100A5,6276
1471,S100A4,6275
1472,LOC101928034,101928034
1473,S100A3,6274
1474,S100A2,6273
1475,S100A16,140576
1476,S100A14,57402
1477,S100A13,6284
1478,S100A1,6271
1479,CHTOP,26097
1480,SNAPIN,23557
1481,ILF2,3608
1482,NPR1,4881
1483,INTS3,65123
1484,SLC27A3,11000
1485,LOC343052,343052
1486,GATAD2B,57459
1487,DENND4B,9909
1488,CRTC2,200186
1489,SLC39A1,27173
1490,CREB3L4,148327
1491,JTB,10899
1492,RAB13,5872
1493,RPS27,6232
1494,NUP210L,91181
1495,TPM3,7170
1496,C1orf189,388701
1497,C1orf43,25912
1498,UBAP2L,9898
1499,HAX1,10456
1500,AQP10,89872
1501,ATP8B2,57198
1502,IL6R,3570
1503,SHE,126669
1504,TDRD10,126668
1505,UBE2Q1,55585
1506,UBE2Q1-AS1,100874097
1507,CHRNB2,1141
1508,ADAR,103
1509,KCNN3,3782
1510,PMVK,10654
1511,PBXIP1,57326
1512,PYGO2,90780
1513,SHC1,6464
1514,CKS1B,1163
1515,FLAD1,80308
1516,LENEP,55891
1517,ZBTB7B,51043
1518,DCST2,127579
1519,DCST1,149095
1520,LOC100505666,100505666
1521,ADAM15,8751
1522,EFNA4,1945
1523,EFNA3,1944
1524,EFNA1,1942
1525,SLC50A1,55974
1526,DPM3,54344
1527,KRTCAP2,200185
1528,TRIM46,80128
1529,MUC1,4582
1530,THBS3,7059
1531,MTX1,4580
1532,GBAP1,2630
1533,GBA,2629
1534,FAM189B,10712
1535,SCAMP3,10067
1536,CLK2,1196
1537,HCN3,57657
1538,PKLR,5313
1539,FDPS,2224
1540,RUSC1-AS1,284618
1541,RUSC1,23623
1542,ASH1L,55870
1543,POU5F1P4,645682
1544,ASH1L-AS1,645676
1545,MSTO1,55154
1546,YY1AP1,55249
1547,DAP3,7818
1548,MSTO2P,100129405
1549,GON4L,54856
1550,SYT11,23208
1551,RIT1,6016
1552,KIAA0907,22889
1553,SNORA80E,677823
1554,SCARNA4,677771
1555,RXFP4,339403
1556,ARHGEF2,9181
1557,SSR2,6746
1558,UBQLN4,56893
1559,LAMTOR2,28956
1560,RAB25,57111
1561,MEX3A,92312
1562,LMNA,4000
1563,SEMA4A,64218
1564,SLC25A44,9673
1565,PMF1,11243
1566,PMF1-BGLAP,100527963
1567,BGLAP,632
1568,PAQR6,79957
1569,SMG5,23381
1570,TMEM79,84283
1571,GLMP,112770
1572,VHLL,391104
1573,CCT3,7203
1574,TSACC,128229
1575,RHBG,57127
1576,C1orf61,10485
1577,MEF2D,4209
1578,IQGAP3,128239
1579,TTC24,164118
1580,APOA1BP,128240
1581,GPATCH4,54865
1582,HAPLN2,60484
1583,BCAN,63827
1584,NES,10763
1585,CRABP2,1382
1586,ISG20L2,81875
1587,RRNAD1,51093
1588,MRPL24,79590
1589,HDGF,3068
1590,PRCC,5546
1591,SH2D2A,9047
1592,NTRK1,4914
1593,INSRR,3645
1594,PEAR1,375033
1595,LRRC71,149499
1596,ARHGEF11,9826
1597,ETV3L,440695
1598,ETV3,2117
1599,CYCSP52,360155
1600,FCRL5,83416
1601,FCRL4,83417
1602,FCRL3,115352
1603,FCRL2,79368
1604,FCRL1,115350
1605,CD5L,922
1606,KIRREL,55243
1607,LOC646268,646268
1608,CD1D,912
1609,CD1A,909
1610,CD1C,911
1611,CD1B,910
1612,CD1E,913
1613,OR10T2,128360
1614,OR10K2,391107
1615,OR10K1,391109
1616,OR10R2,343406
1617,OR6Y1,391112
1618,OR6P1,128366
1619,OR10X1,128367
1620,OR10Z1,128368
1621,SPTA1,6708
1622,OR6K2,81448
1623,OR6K3,391114
1624,OR6K6,128371
1625,OR6N1,128372
1626,OR6N2,81442
1627,MNDA,4332
1628,PYHIN1,149628
1629,IFI16,3428
1630,AIM2,9447
1631,CADM3,57863
1632,CADM3-AS1,100131825
1633,ACKR1,2532
1634,FCER1A,2205
1635,OR10J3,441911
1636,OR10J1,26476
1637,OR10J5,127385
1638,APCS,325
1639,CRP,1401
1640,DUSP23,54935
1641,FCRL6,343413
1642,SLAMF8,56833
1643,C1orf204,284677
1644,VSIG8,391123
1645,CFAP45,25790
1646,TAGLN2,8407
1647,IGSF9,57549
1648,SLAMF9,89886
1649,LINC01133,100505633
1650,PIGM,93183
1651,KCNJ10,3766
1652,KCNJ9,3765
1653,IGSF8,93185
1654,ATP1A2,477
1655,ATP1A4,480
1656,CASQ1,844
1657,LOC729867,729867
1658,PEA15,8682
1659,DCAF8,50717
1660,PEX19,5824
1661,COPA,1314
1662,SUMO1P3,474338
1663,NCSTN,23385
1664,NHLH1,4807
1665,VANGL2,57216
1666,SLAMF6,114836
1667,CD84,8832
1668,SLAMF1,6504
1669,CD48,962
1670,SLAMF7,57823
1671,LY9,4063
1672,CD244,51744
1673,ITLN1,55600
1674,LOC101928372,101928372
1675,ITLN2,142683
1676,F11R,50848
1677,TSTD1,100131187
1678,USF1,7391
1679,ARHGAP30,257106
1680,PVRL4,81607
1681,KLHDC9,126823
1682,PFDN2,5202
1683,NIT1,4817
1684,DEDD,9191
1685,UFC1,51506
1686,USP21,27005
1687,PPOX,5498
1688,B4GALT3,8703
1689,ADAMTS4,9507
1690,NDUFS2,4720
1691,FCER1G,2207
1692,APOA2,336
1693,TOMM40L,84134
1694,NR1I3,9970
1695,PCP4L1,654790
1696,MPZ,4359
1697,SDHC,6391
1698,CFAP126,257177
1699,FCGR2A,2212
1700,HSPA6,3310
1701,FCGR3A,2214
1702,FCGR2C,9103
1703,HSPA7,3311
1704,FCGR3B,2215
1705,FCGR2B,2213
1706,RPL31P11,641311
1707,FCRLA,84824
1708,FCRLB,127943
1709,DUSP12,11266
1710,ATF6,22926
1711,OLFML2B,25903
1712,NOS1AP,9722
1713,C1orf111,284680
1714,C1orf226,400793
1715,SH2D1B,117157
1716,UHMK1,127933
1717,UAP1,6675
1718,DDR2,4921
1719,HSD17B7,51478
1720,CCDC190,339512
1721,RGS4,5999
1722,RGS5,8490
1723,LOC101928404,101928404
1724,NUF2,83540
1725,LOC100422212,100422212
1726,PBX1,5087
1727,LOC100505795,100505795
1728,LMX1A,4009
1729,RXRG,6258
1730,LOC400794,400794
1731,LRRC52,440699
1732,MGST3,4259
1733,ALDH9A1,223
1734,LOC440700,440700
1735,TMCO1,54499
1736,LOC100147773,100147773
1737,UCK2,7371
1738,FAM78B,149297
1739,FMO9P,116123
1740,POGK,57645
1741,TADA1,117143
1742,ILDR2,387597
1743,MAEL,84944
1744,GPA33,10223
1745,DUSP27,92235
1746,LINC01363,101928484
1747,POU2F1,5451
1748,CD247,919
1749,CREG1,8804
1750,RCSD1,92241
1751,MPZL1,9019
1752,ADCY10,55811
1753,MPC2,25874
1754,DCAF6,55827
1755,GPR161,23432
1756,TIPRL,261726
1757,SFT2D2,375035
1758,ANKRD36BP1,84832
1759,TBX19,9095
1760,LOC100505918,100505918
1761,LOC101928565,101928565
1762,XCL2,6846
1763,XCL1,6375
1764,DPT,1805
1765,LINC00626,79100
1766,LINC00970,101978719
1767,ATP1B1,481
1768,NME7,29922
1769,BLZF1,8548
1770,CCDC181,57821
1771,SLC19A2,10560
1772,F5,2153
1773,SELP,6403
1774,SELL,6402
1775,SELE,6401
1776,METTL18,92342
1777,C1orf112,55732
1778,SCYL3,57147
1779,KIFAP3,22920
1780,METTL11B,149281
1781,LINC01142,284688
1782,LOC101928650,101928650
1783,GORAB,92344
1784,PRRX1,5396
1785,MROH9,80133
1786,FMO3,2328
1787,FMO6P,388714
1788,FMO2,2327
1789,FMO1,2326
1790,FMO4,2329
1791,TOP1P1,7151
1792,PRRC2C,23215
1793,MYOC,4653
1794,VAMP4,8674
1795,METTL13,51603
1796,DNM3,26052
1797,DNM3-IT1,100874284
1798,DNM3OS,100628315
1799,MIR214,406996
1800,C1orf105,92346
1801,PIGC,5279
1802,SUCO,51430
1803,FASLG,356
1804,TNFSF18,8995
1805,TNFSF4,7292
1806,LOC100506023,100506023
1807,LOC101928673,101928673
1808,PRDX6,9588
1809,SLC9C2,284525
1810,ANKRD45,339416
1811,LOC730159,730159
1812,KLHL20,27252
1813,CENPL,91687
1814,DARS2,55157
1815,GAS5-AS1,100506046
1816,GAS5,60674
1817,ZBTB37,84614
1818,SERPINC1,462
1819,RC3H1,149041
1820,LOC102724601,102724601
1821,RABGAP1L,9910
1822,GPR52,9293
1823,LOC101928696,101928696
1824,CACYBP,27101
1825,MRPS14,63931
1826,TNN,63923
1827,KIAA0040,9674
1828,TNR,7143
1829,LOC101928751,101928751
1830,RFWD2,64326
1831,SCARNA3,677679
1832,PAPPA2,60676
1833,ASTN1,460
1834,BRINP2,57795
1835,LOC101928778,101928778
1836,SEC16B,89866
1837,LOC730102,730102
1838,RASAL2-AS1,100302401
1839,RASAL2,9462
1840,TEX35,84066
1841,C1orf220,400798
1842,RALGPS2,55103
1843,ANGPTL1,9068
1844,FAM20B,9917
1845,TOR3A,64222
1846,ABL2,27
1847,SOAT1,6646
1848,AXDND1,126859
1849,NPHS2,7827
1850,TDRD5,163589
1851,FAM163A,148753
1852,TOR1AIP2,163590
1853,TOR1AIP1,26092
1854,CEP350,9857
1855,QSOX1,5768
1856,FLJ23867,200058
1857,LHX4,89884
1858,LHX4-AS1,100527964
1859,ACBD6,84320
1860,OVAAL,148756
1861,XPR1,9213
1862,KIAA1614,57710
1863,STX6,10228
1864,MR1,3140
1865,IER5,51278
1866,LOC101928973,101928973
1867,CACNA1E,777
1868,ZNF648,127665
1869,FLJ46134,400799
1870,GLUL,2752
1871,TEDDM1,127670
1872,LINC00272,388719
1873,RGSL1,353299
1874,RNASEL,6041
1875,RGS16,6004
1876,LOC284648,284648
1877,RGS8,85397
1878,NPL,80896
1879,DHX9,1660
1880,SHCBP1L,81626
1881,LAMC1,3915
1882,LAMC2,3918
1883,NMNAT2,23057
1884,SMG7-AS1,284649
1885,SMG7,9887
1886,NCF2,4688
1887,ARPC5,10092
1888,RGL1,23179
1889,APOBEC4,403314
1890,COLGALT2,23127
1891,TSEN15,116461
1892,C1orf21,81563
1893,EDEM3,80267
1894,FAM129A,116496
1895,RNF2,6045
1896,TRMT1L,81627
1897,SWT1,54823
1898,IVNS1ABP,10625
1899,GS1-279B7.1,100288079
1900,LINC01350,101929093
1901,HMCN1,83872
1902,PRG4,10216
1903,TPR,7175
1904,C1orf27,54953
1905,OCLM,10896
1906,LOC102724919,102724919
1907,PDC,5132
1908,PTGS2,5743
1909,PACERR,103752588
1910,PLA2G4A,5321
1911,LINC01036,104169671
1912,BRINP3,339479
1913,LINC01351,101929120
1914,LOC440704,440704
1915,RGS18,64407
1916,RGS21,431704
1917,RGS1,5996
1918,RGS13,6003
1919,RGS2,5997
1920,LINC01032,102724954
1921,UCHL5,51377
1922,TROVE2,6738
1923,GLRX2,51022
1924,CDC73,79577
1925,B3GALT2,8707
1926,LINC01031,101929184
1927,KCNT2,343450
1928,CFH,3075
1929,CFHR3,10878
1930,CFHR1,3078
1931,CFHR4,10877
1932,CFHR5,81494
1933,F13B,2165
1934,ASPM,259266
1935,ZBTB41,360023
1936,CRB1,23418
1937,DENND1B,163486
1938,C1orf53,388722
1939,LHX9,56956
1940,NEK7,140609
1941,ATP6V1G3,127124
1942,PTPRC,5788
1943,MIR181A1HG,100131234
1944,LINC01222,102800316
1945,LINC01221,104266961
1946,NR5A2,2494
1947,LINC00862,554279
1948,ZNF281,23528
1949,KIF14,9928
1950,DDX59,83479
1951,LOC101929224,101929224
1952,CAMSAP2,23271
1953,GPR25,2848
1954,C1orf106,55765
1955,KIF21B,23046
1956,CACNA1S,779
1957,ASCL5,647219
1958,TMEM9,252839
1959,IGFN1,91156
1960,PKP1,5317
1961,TNNT2,7139
1962,LAD1,3898
1963,TNNI1,7135
1964,PHLDA3,23612
1965,CSRP1,1465
1966,RPS10P7,376693
1967,NAV1,89796
1968,IPO9-AS1,100873949
1969,MIR5191,100847050
1970,MIR1231,100302158
1971,IPO9,55705
1972,SHISA4,149345
1973,LMOD1,25802
1974,TIMM17A,10440
1975,RNPEP,6051
1976,MIR6740,102465443
1977,ELF3,1999
1978,GPR37L1,9283
1979,ARL8A,127829
1980,PTPN7,5778
1981,PTPRVP,148713
1982,LGR6,59352
1983,UBE2T,29089
1984,PPP1R12B,4660
1985,SYT2,127833
1986,KDM5B,10765
1987,PCAT6,100506696
1988,MGAT4EP,641515
1989,LOC148709,148709
1990,RABIF,5877
1991,KLHL12,59349
1992,ADIPOR1,51094
1993,CYB5R1,51706
1994,LOC100506747,100506747
1995,TMEM183A,92703
1996,TMEM183B,653659
1997,PPFIA4,8497
1998,MYOG,4656
1999,ADORA1,134
2000,MYBPH,4608
2001,CHI3L1,1116
2002,CHIT1,1118
2003,LOC100506775,100506775
2004,LINC01136,730227
2005,BTG2,7832
2006,FMOD,2331
2007,PRELP,5549
2008,OPTC,26254
2009,ATP2B4,493
2010,SNORA77,677843
2011,LINC00260,84719
2012,LAX1,54900
2013,ZC3H11A,9877
2014,ZBED6,100381270
2015,SNRPE,6635
2016,LINC00303,284573
2017,SOX13,9580
2018,ETNK2,55224
2019,LOC101929441,101929441
2020,REN,5972
2021,KISS1,3814
2022,GOLT1A,127845
2023,PLEKHA6,22874
2024,LINC00628,127841
2025,PPP1R15B,84919
2026,PIK3C2B,5287
2027,MDM4,4194
2028,LRRN2,10446
2029,NFASC,23114
2030,CNTN2,6900
2031,TMEM81,388730
2032,RBBP5,5929
2033,DSTYK,25778
2034,TMCC2,9911
2035,NUAK2,81788
2036,KLHDC8A,55220
2037,LEMD1-AS1,284576
2038,LEMD1,93273
2039,BLACAT1,101669762
2040,CDK18,5129
2041,LOC284578,284578
2042,MFSD4,148808
2043,ELK4,2005
2044,SLC45A3,85414
2045,NUCKS1,64710
2046,RAB29,8934
2047,SLC41A1,254428
2048,PM20D1,148811
2049,LOC284581,284581
2050,SLC26A9,115019
2051,FAM72A,729533
2052,AVPR1B,553
2053,C1orf186,440712
2054,CTSE,1510
2055,SRGAP2C,653464
2056,SRGAP2,23380
2057,IKBKE,9641
2058,RASSF5,83593
2059,EIF2D,1939
2060,DYRK3,8444
2061,MAPKAPK2,9261
2062,IL10,3586
2063,IL19,29949
2064,IL20,50604
2065,IL24,11009
2066,FCMR,9214
2067,PIGR,5284
2068,FCAMR,83953
2069,C1orf116,79098
2070,YOD1,55432
2071,PFKFB2,5208
2072,C4BPB,725
2073,C4BPA,722
2074,CD55,1604
2075,CR2,1380
2076,CR1,1378
2077,CR1L,1379
2078,CD46,4179
2079,LOC148696,148696
2080,CD34,947
2081,PLXNA2,5362
2082,MIR205HG,642587
2083,CAMK1G,57172
2084,LAMB3,3914
2085,G0S2,50486
2086,HSD11B1,3290
2087,TRAF3IP3,80342
2088,C1orf74,148304
2089,IRF6,3664
2090,DIEXF,27042
2091,SYT14,255928
2092,SERTAD4-AS1,574036
2093,SERTAD4,56256
2094,HHAT,55733
2095,KCNH1,3756
2096,RCOR3,55758
2097,TRAF5,7188
2098,LINC00467,84791
2099,RD3,343035
2100,SLC30A1,7779
2101,LOC105748977,105748977
2102,NEK2,4751
2103,LPGAT1,9926
2104,INTS7,25896
2105,DTL,51514
2106,LOC101929541,101929541
2107,PPP2R5A,5525
2108,TMEM206,55248
2109,NENF,29937
2110,ATF3,467
2111,FAM71A,149647
2112,BATF3,55509
2113,NSL1,25936
2114,TATDN3,128387
2115,SPATA45,149643
2116,FLVCR1-AS1,642946
2117,FLVCR1,28982
2118,VASH2,79805
2119,ANGEL2,90806
2120,RPS6KC1,26750
2121,PROX1-AS1,100505832
2122,LINC00538,100861504
2123,PROX1,5629
2124,SMYD2,56950
2125,PTPN14,5784
2126,CENPF,1063
2127,KCNK2,3776
2128,KCTD3,51133
2129,USH2A,7399
2130,LOC102723833,102723833
2131,ESRRG,2104
2132,GPATCH2,55105
2133,SPATA17,128153
2134,LINC00210,100885798
2135,LOC101929631,101929631
2136,RRP15,51018
2137,TGFB2-AS1,728463
2138,TGFB2,7042
2139,TGFB2-OT1,103611157
2140,LYPLAL1-AS1,643723
2141,LYPLAL1,127018
2142,SLC30A10,55532
2143,EPRS,2058
2144,BPNT1,10380
2145,IARS2,55699
2146,RAB3GAP2,25782
2147,AURKAPS1,6791
2148,MARK1,4139
2149,C1orf115,79762
2150,MARC2,54996
2151,MARC1,64757
2152,LINC01352,101929730
2153,HLA-AS1,100873924
2154,HLX,3142
2155,C1orf140,400804
2156,DUSP10,11221
2157,HHIPL2,79802
2158,TAF1A,9015
2159,LOC100506161,100506161
2160,MIA3,375056
2161,AIDA,64853
2162,BROX,148362
2163,FAM177B,400823
2164,DISP1,84976
2165,TLR5,7100
2166,SUSD4,55061
2167,CCDC185,164127
2168,CAPN8,388743
2169,CAPN2,824
2170,TP53BP2,7159
2171,LOC441124,441124
2172,FBXO28,23219
2173,DEGS1,8560
2174,LOC101927143,101927143
2175,LOC101927164,101927164
2176,NVL,4931
2177,CNIH4,29097
2178,WDR26,80232
2179,CNIH3,149111
2180,DNAH14,127602
2181,LBR,3930
2182,ENAH,55740
2183,SRP9,6726
2184,EPHX1,2052
2185,TMEM63A,9725
2186,LEFTY1,10637
2187,PYCR2,29920
2188,LEFTY2,7044
2189,SDE2,163859
2190,H3F3A,3020
2191,H3F3AP4,440926
2192,ACBD3,64746
2193,MIXL1,83881
2194,LIN9,286826
2195,PARP1,142
2196,C1orf95,375057
2197,ITPKB,3707
2198,ITPKB-IT1,100506443
2199,PSEN2,5664
2200,ADCK3,56997
2201,CDC42BPA,8476
2202,ZNF678,339500
2203,LOC100130093,100130093
2204,JMJD4,65094
2205,SNAP47,116841
2206,PRSS38,339501
2207,WNT9A,7483
2208,WNT3A,89780
2209,ARF1,375
2210,C1orf35,79169
2211,MRPL55,128308
2212,GUK1,2987
2213,GJC2,57165
2214,C1orf148,574432
2215,IBA57,200205
2216,C1orf145,574407
2217,OBSCN,84033
2218,TRIM11,81559
2219,TRIM17,51127
2220,HIST3H3,8290
2221,HIST3H2A,92815
2222,HIST3H2BB,128312
2223,RNF187,149603
2224,BTNL10,100129094
2225,RHOU,58480
2226,DUSP5P1,574029
2227,RAB4A,5867
2228,CCSAP,126731
2229,ACTA1,58
2230,NUP133,55746
2231,LOC101927478,101927478
2232,ABCB10,23456
2233,TAF5L,27097
2234,URB2,9816
2235,GALNT2,2590
2236,PGBD5,79605
2237,COG2,22796
2238,AGT,183
2239,CAPN9,10753
2240,C1orf198,84886
2241,LOC101927604,101927604
2242,TTC13,79573
2243,ARV1,64801
2244,FAM89A,375061
2245,TRIM67,440730
2246,LOC149373,149373
2247,C1orf131,128061
2248,GNPAT,8443
2249,EXOC8,149371
2250,SPRTN,83932
2251,EGLN1,54583
2252,SNRPD2P2,645339
2253,TSNAX,7257
2254,TSNAX-DISC1,100303453
2255,LINC00582,100287814
2256,DISC1,27185
2257,DISC2,27184
2258,DISC1-IT1,104472714
2259,SIPA1L2,57568
2260,LOC101927683,101927683
2261,MAP10,54627
2262,NTPCR,84284
2263,PCNXL2,80003
2264,KIAA1804,84451
2265,KCNK1,3775
2266,SLC35F3,148641
2267,LOC101927765,101927765
2268,COA6,388753
2269,TARBP1,6894
2270,LINC01354,100506795
2271,IRF2BP2,359948
2272,LINC00184,100302691
2273,LOC101927787,101927787
2274,LINC01132,100506810
2275,LOC101927851,101927851
2276,TOMM20,9804
2277,SNORA14B,677802
2278,RBM34,23029
2279,ARID4B,51742
2280,GGPS1,9453
2281,TBCE,6905
2282,B3GALNT2,148789
2283,GNG4,2786
2284,LYST,1130
2285,NID1,4811
2286,GPR137B,7107
2287,ERO1B,56605
2288,EDARADD,128178
2289,LGALS8,3964
2290,LGALS8-AS1,100287902
2291,HEATR1,55127
2292,ACTN2,88
2293,MTR,4548
2294,MT1HL1,645745
2295,RYR2,6262
2296,LOC100130331,100130331
2297,ZP4,57829
2298,LINC01139,339535
2299,CHRM3,1131
2300,CHRM3-AS2,100506915
2301,CHRM3-AS1,100873984
2302,RPS7P5,645884
2303,FMN2,56776
2304,GREM2,64388
2305,RGS7,6000
2306,FH,2271
2307,KMO,8564
2308,OPN3,23596
2309,CHML,1122
2310,WDR64,128025
2311,EXO1,9156
2312,BECN1P1,441925
2313,MAP1LC3C,440738
2314,PLD5,200150
2315,LINC01347,731275
2316,CEP170,9859
2317,SDCCAG8,10806
2318,AKT3,10000
2319,LOC339529,339529
2320,ZBTB18,10472
2321,C1orf100,200159
2322,ADSS,159
2323,C1orf101,257044
2324,DESI2,51029
2325,COX20,116228
2326,HNRNPU-AS1,284702
2327,HNRNPU,3192
2328,LOC101928068,101928068
2329,EFCAB2,84288
2330,KIF26B,55083
2331,SMYD3,64754
2332,LOC255654,255654
2333,TFB2M,64216
2334,CNST,163882
2335,SCCPDH,51097
2336,LINC01341,149134
2337,AHCTF1,25909
2338,ZNF695,57116
2339,ZNF670-ZNF695,100533111
2340,ZNF670,93474
2341,ZNF669,79862
2342,C1orf229,388759
2343,ZNF124,7678
2344,VN1R5,317705
2345,ZNF496,84838
2346,NLRP3,114548
2347,OR2B11,127623
2348,OR2W5,441932
2349,GCSAML,148823
2350,GCSAML-AS1,148824
2351,OR2C3,81472
2352,OR2G2,81470
2353,OR2G3,81469
2354,OR13G1,441933
2355,OR6F1,343169
2356,OR1C1,26188
2357,OR14A16,284532
2358,OR11L1,391189
2359,TRIM58,25893
2360,OR2W3,343171
2361,OR2T8,343172
2362,OR2L13,284521
2363,OR2L8,391190
2364,OR2AK2,391191
2365,OR2L1P,26247
2366,OR2L5,81466
2367,OR2L2,26246
2368,OR2L3,391192
2369,OR2M5,127059
2370,OR2M2,391194
2371,OR2M3,127062
2372,OR2M4,26245
2373,OR2T33,391195
2374,OR2T12,127064
2375,OR2M7,391196
2376,OR14C36,127066
2377,OR2T4,127074
2378,OR2T6,254879
2379,OR2T1,26696
2380,OR2T2,401992
2381,OR2T3,343173
2382,OR2T5,401993
2383,OR2G6,391211
2384,OR2T29,343563
2385,OR2T34,127068
2386,OR2T10,127069
2387,OR2T11,127077
2388,OR2T35,403244
2389,OR2T27,403239
2390,OR14I1,401994
2391,LOC101928226,101928226
2392,LYPD8,646627
2393,SH3BP5L,80851
2394,ZNF672,79894
2395,ZNF692,55657
2396,PGBD2,267002
2397,LOC100289097,100289097
2398,FAM110C,642273
2399,SH3YL1,26751
2400,ACP1,52
2401,FAM150B,285016
2402,TMEM18,129787
2403,LINC01115,339822
2404,LOC101060385,101060385
2405,SNTG2,54221
2406,TPO,7173
2407,PXDN,7837
2408,MYT1L,23040
2409,MYT1L-AS1,730811
2410,LINC01250,101927554
2411,TSSC1,7260
2412,TRAPPC12,51112
2413,ADI1,55256
2414,RNASEH1,246243
2415,RNASEH1-AS1,100506054
2416,RPS7,6201
2417,COLEC11,78989
2418,ALLC,55821
2419,DCDC2C,728597
2420,LINC01304,100505964
2421,LINC01249,727982
2422,LINC01248,102723818
2423,SOX11,6664
2424,LINC01105,150622
2425,LOC400940,400940
2426,LINC01247,101929390
2427,LINC01246,102800315
2428,MIR7515HG,102800314
2429,LINC00487,400941
2430,NRIR,104326052
2431,CMPK2,129607
2432,RSAD2,91543
2433,RNF144A-AS1,386597
2434,RNF144A,9781
2435,LOC101929452,101929452
2436,LOC100506274,100506274
2437,LOC101929551,101929551
2438,LINC00298,339788
2439,LINC00299,339789
2440,LOC101929567,101929567
2441,LOC100506299,100506299
2442,ID2,3398
2443,KIDINS220,57498
2444,MBOAT2,129642
2445,ASAP2,8853
2446,ITGB1BP1,9270
2447,CPSF3,51692
2448,IAH1,285148
2449,ADAM17,6868
2450,YWHAQ,10971
2451,TAF1B,9014
2452,GRHL1,29841
2453,KLF11,8462
2454,CYS1,192668
2455,RRM2,6241
2456,C2orf48,348738
2457,HPCAL1,3241
2458,ODC1,4953
2459,SNORA80B,100302743
2460,LOC101929715,101929715
2461,NOL10,79954
2462,ATP6V1C2,245973
2463,PDIA6,10130
2464,KCNF1,3754
2465,FLJ33534,285150
2466,C2orf50,130813
2467,PQLC3,130814
2468,ROCK2,9475
2469,LINC00570,100874055
2470,E2F6,1876
2471,GREB1,9687
2472,NTSR2,23620
2473,LPIN1,23175
2474,LOC100506457,100506457
2475,TRIB2,28951
2476,LOC100506474,100506474
2477,LINC00276,100499171
2478,FAM84A,151354
2479,LOC653602,653602
2480,NBAS,51594
2481,DDX1,1653
2482,LOC101926966,101926966
2483,MYCNUT,103752554
2484,MYCNOS,10408
2485,MYCN,4613
2486,GACAT3,104797537
2487,FAM49A,81553
2488,RAD51AP2,729475
2489,VSNL1,7447
2490,SMC6,79677
2491,GEN1,348654
2492,MSGN1,343930
2493,KCNS3,3790
2494,RDH14,57665
2495,NT5C1B-RDH14,100526794
2496,NT5C1B,93034
2497,OSR1,130497
2498,LINC00954,400946
2499,TTC32,130502
2500,WDR35,57539
2501,LOC101928222,101928222
2502,MATN3,4148
2503,LAPTM4A,9741
2504,SDC1,6382
2505,PUM2,23369
2506,RHOB,388
2507,HS1BP3-IT1,100874343
2508,HS1BP3,64342
2509,GDF7,151449
2510,LDAH,60526
2511,APOB,338
2512,TDRD15,100129278
2513,LOC645949,645949
2514,KLHL29,114818
2515,ATAD2B,54454
2516,UBXN2A,165324
2517,MFSD2B,388931
2518,C2orf44,80304
2519,FKBP1B,2281
2520,SF3B6,51639
2521,FAM228B,375190
2522,TP53I3,9540
2523,PFN4,375189
2524,FAM228A,653140
2525,ITSN2,50618
2526,NCOA1,8648
2527,PTRHD1,391356
2528,CENPO,79172
2529,ADCY3,109
2530,DNAJC27,51277
2531,DNAJC27-AS1,729723
2532,EFR3B,22979
2533,POMC,5443
2534,DNMT3A,1788
2535,DTNB,1838
2536,ASXL2,55252
2537,KIF3C,3797
2538,RAB10,10890
2539,GAREM2,150946
2540,HADHA,3030
2541,HADHB,3032
2542,ADGRF3,165082
2543,EPT1,85465
2544,DRC1,92749
2545,OTOF,9381
2546,C2orf70,339778
2547,CIB4,130106
2548,KCNK3,3777
2549,SLC35F6,54978
2550,CENPA,1058
2551,DPYSL5,56896
2552,MAPRE3,22924
2553,TMEM214,54867
2554,AGBL5-AS1,100874031
2555,AGBL5,60509
2556,OST4,100128731
2557,EMILIN1,11117
2558,KHK,3795
2559,CGREF1,10669
2560,ABHD1,84696
2561,PREB,10113
2562,PRR30,339779
2563,TCF23,150921
2564,SLC5A6,8884
2565,ATRAID,51374
2566,CAD,790
2567,SLC30A3,7781
2568,DNAJC5G,285126
2569,TRIM54,57159
2570,UCN,7349
2571,MPV17,4358
2572,GTF3C2,2976
2573,GTF3C2-AS1,100505624
2574,EIF2B4,8890
2575,SNX17,9784
2576,ZNF513,130557
2577,PPM1G,5496
2578,FTH1P3,2498
2579,NRBP1,29959
2580,KRTCAP3,200634
2581,IFT172,26160
2582,FNDC4,64838
2583,GCKR,2646
2584,C2orf16,84226
2585,ZNF512,84450
2586,CCDC121,79635
2587,GPN1,11321
2588,SUPT7L,9913
2589,SLC4A1AP,22950
2590,MRPL33,9553
2591,RBKS,64080
2592,BRE-AS1,100302650
2593,BRE,9577
2594,LOC100505736,100505736
2595,LOC100505716,100505716
2596,FLJ31356,403150
2597,FOSL2,2355
2598,PLB1,151056
2599,PPP1CB,5500
2600,SPDYA,245711
2601,TRMT61B,55006
2602,WDR43,23160
2603,FAM179A,165186
2604,C2orf71,388939
2605,CLIP4,79745
2606,ALK,238
2607,YPEL5,51646
2608,LBH,81606
2609,LOC285043,285043
2610,LCLAT1,253558
2611,CAPN13,92291
2612,GALNT14,79623
2613,CAPN14,440854
2614,EHD3,30845
2615,XDH,7498
2616,SRD5A2,6716
2617,MEMO1,51072
2618,DPY30,84661
2619,SPAST,6683
2620,SLC30A6,55676
2621,NLRC4,58484
2622,YIPF4,84272
2623,BIRC6,57448
2624,BIRC6-AS2,103752586
2625,TTC27,55622
2626,LINC00486,285045
2627,LOC100271832,100271832
2628,LTBP1,4052
2629,RASGRP3,25780
2630,FAM98A,25940
2631,LINC01317,104355287
2632,MYADML,151325
2633,LINC01320,104355288
2634,LOC100288911,100288911
2635,CRIM1,51232
2636,FEZ2,9637
2637,VIT,5212
2638,STRN,6801
2639,HEATR5B,54497
2640,GPATCH11,253635
2641,EIF2AK2,5610
2642,SULT6B1,391365
2643,CEBPZOS,100505876
2644,CEBPZ,10153
2645,NDUFAF7,55471
2646,PRKD3,23683
2647,QPCT,25797
2648,CDC42EP3,10602
2649,LINC00211,100873959
2650,RMDN2,151393
2651,RMDN2-AS1,101410544
2652,CYP1B1,1545
2653,CYP1B1-AS1,285154
2654,ATL2,64225
2655,LOC101929596,101929596
2656,HNRNPLL,92906
2657,GALM,130589
2658,SRSF7,6432
2659,GEMIN6,79833
2660,DHX57,90957
2661,MORN2,729967
2662,ARHGEF33,100271715
2663,LOC375196,375196
2664,SOS1,6654
2665,CDKL4,344387
2666,MAP4K3,8491
2667,LOC728730,728730
2668,TMEM178A,130733
2669,THUMPD2,80745
2670,SLC8A1-AS1,100128590
2671,SLC8A1,6546
2672,LOC388942,388942
2673,LOC101929723,101929723
2674,C2orf91,400950
2675,PKDCC,91461
2676,LOC102723824,102723824
2677,EML4,27436
2678,COX7A2L,9167
2679,KCNG3,170850
2680,MTA3,57504
2681,OXER1,165140
2682,HAAO,23498
2683,LOC102723854,102723854
2684,ZFP36L2,678
2685,LINC01126,100129726
2686,THADA,63892
2687,PLEKHH2,130271
2688,C1GALT1C1L,728819
2689,DYNC2LI1,51626
2690,ABCG5,64240
2691,ABCG8,64241
2692,LRPPRC,10128
2693,PPM1B,5495
2694,SLC3A1,6519
2695,PREPL,9581
2696,CAMKMT,79823
2697,SIX3-AS1,100506108
2698,SIX3,6496
2699,SIX2,10736
2700,LINC01121,400952
2701,SRBD1,55133
2702,PRKCE,5581
2703,EPAS1,2034
2704,LOC101805491,101805491
2705,TMEM247,388946
2706,ATP6V1E2,90423
2707,RHOQ,23433
2708,LOC100506142,100506142
2709,PIGF,5281
2710,CRIPT,9419
2711,SOCS5,9655
2712,LINC01118,388948
2713,LINC01119,100134259
2714,MCFD2,90411
2715,TTC7A,57217
2716,C2orf61,285051
2717,CALM2,805
2718,LOC101927043,101927043
2719,EPCAM,4072
2720,MSH2,4436
2721,KCNK12,56660
2722,LOC644093,644093
2723,MSH6,2956
2724,FBXO11,80204
2725,FOXN2,3344
2726,PPP1R21,129285
2727,STON1-GTF2A1L,286749
2728,STON1,11037
2729,GTF2A1L,11036
2730,LHCGR,3973
2731,FSHR,2492
2732,NRXN1,9378
2733,ASB3,51130
2734,GPR75-ASB3,100302652
2735,CHAC2,494143
2736,ERLEC1,27248
2737,GPR75,10936
2738,PSME4,23198
2739,ACYP2,98
2740,TSPYL6,388951
2741,C2orf73,129852
2742,SPTBN1,6711
2743,RPL23AP32,56969
2744,EML6,400954
2745,RTN4,57142
2746,CLHC1,130162
2747,RPS27A,6233
2748,MTIF2,4528
2749,PRORSD1P,344405
2750,CCDC88A,55704
2751,CFAP36,112942
2752,PPP4R3B,57223
2753,PNPT1,87178
2754,EFEMP1,2202
2755,MIR217HG,104355290
2756,LOC100129434,100129434
2757,CCDC85A,114800
2758,VRK2,7444
2759,FANCL,55120
2760,LINC01122,400955
2761,LOC101927285,101927285
2762,BCL11A,53335
2763,PAPOLG,64895
2764,LINC01185,400957
2765,REL,5966
2766,PUS10,150962
2767,PEX13,5194
2768,KIAA1841,84542
2769,LOC339803,339803
2770,C2orf74,339804
2771,AHSA2,130872
2772,USP34,9736
2773,SNORA70B,100124537
2774,XPO1,7514
2775,FAM161A,84140
2776,CCT4,10575
2777,COMMD1,150684
2778,B3GNT2,10678
2779,TMEM17,200728
2780,EHBP1,23301
2781,LOC100132215,100132215
2782,OTX1,5013
2783,DBIL5P2,100169989
2784,WDPCP,51057
2785,MDH1,4190
2786,UGP2,7360
2787,VPS54,51542
2788,PELI1,57162
2789,LINC00309,150992
2790,LOC100507006,100507006
2791,LGALSL,29094
2792,AFTPH,54812
2793,LOC339807,339807
2794,SERTAD2,9792
2795,LOC101927438,101927438
2796,LOC400958,400958
2797,SLC1A4,6509
2798,CEP68,23177
2799,RAB1A,5861
2800,ACTR2,10097
2801,SPRED2,200734
2802,LOC729348,729348
2803,MEIS1-AS3,730198
2804,MEIS1,4211
2805,MEIS1-AS2,100873998
2806,LOC100507073,100507073
2807,LOC101927577,101927577
2808,LOC101060019,101060019
2809,LOC102800447,102800447
2810,LOC644838,644838
2811,ETAA1,54465
2812,LOC101927701,101927701
2813,C1D,10438
2814,WDR92,116143
2815,PNO1,56902
2816,PPP3R1,5534
2817,CNRIP1,25927
2818,PLEK,5341
2819,FBXO48,554251
2820,APLF,200558
2821,PROKR1,10887
2822,ARHGAP25,9938
2823,BMP10,27302
2824,GKN2,200504
2825,GKN1,56287
2826,ANTXR1,84168
2827,GFPT1,2673
2828,NFU1,27247
2829,AAK1,22848
2830,ANXA4,307
2831,GMCL1,64395
2832,SNRNP27,11017
2833,MXD1,4084
2834,ASPRV1,151516
2835,PCBP1-AS1,400960
2836,PCBP1,5093
2837,LOC100133985,100133985
2838,C2orf42,54980
2839,TIA1,7072
2840,PCYOX1,51449
2841,SNRPG,6637
2842,FAM136A,84908
2843,TGFA,7039
2844,TGFA-IT1,100874273
2845,ADD2,119
2846,FIGLA,344018
2847,CLEC4F,165530
2848,CD207,50489
2849,LINC01143,104355141
2850,VAX2,25806
2851,ATP6V1B1,525
2852,ATP6V1B1-AS1,101927750
2853,ANKRD53,79998
2854,TEX261,113419
2855,OR7E91P,79315
2856,NAGK,55577
2857,MCEE,84693
2858,MPHOSPH10,10199
2859,PAIP2B,400961
2860,ZNF638,27332
2861,DYSF,8291
2862,CYP26B1,56603
2863,EXOC6B,23233
2864,SPR,6697
2865,EMX1,2016
2866,SFXN5,94097
2867,RAB11FIP5,26056
2868,NOTO,344022
2869,SMYD5,10322
2870,PRADC1,84279
2871,CCT7,10574
2872,FBXO41,150726
2873,EGR4,1961
2874,ALMS1,7840
2875,ALMS1-IT1,100874291
2876,NAT8,9027
2877,ALMS1P,200420
2878,NAT8B,51471
2879,TPRKB,51002
2880,DUSP11,8446
2881,C2orf78,388960
2882,STAMBP,10617
2883,ACTG2,72
2884,DGUOK,1716
2885,DGUOK-AS1,100874048
2886,TET3,200424
2887,BOLA3,388962
2888,BOLA3-AS1,100507171
2889,MOB1A,55233
2890,MTHFD2,10797
2891,SLC4A5,57835
2892,DCTN1,1639
2893,DCTN1-AS1,100189589
2894,C2orf81,388963
2895,WDR54,84058
2896,RTKN,6242
2897,INO80B,83444
2898,INO80B-WBP1,100532735
2899,WBP1,23559
2900,MOGS,7841
2901,MRPL53,116540
2902,CCDC142,84865
2903,TTC31,64427
2904,LBX2,85474
2905,LBX2-AS1,151534
2906,PCGF1,84759
2907,TLX2,3196
2908,DQX1,165545
2909,AUP1,550
2910,HTRA2,27429
2911,LOXL3,84695
2912,DOK1,1796
2913,M1AP,130951
2914,SEMA4F,10505
2915,HK2,3099
2916,LINC01291,102724515
2917,POLE4,56655
2918,TACR1,6869
2919,EVA1A,84141
2920,LOC101927884,101927884
2921,MRPL19,9801
2922,GCFC2,6936
2923,LRRTM4,80059
2924,LOC101927907,101927907
2925,LOC101927967,101927967
2926,SNAR-H,100170221
2927,LOC101927948,101927948
2928,REG3G,130120
2929,REG1A,5967
2930,REG1CP,5969
2931,REG3A,5068
2932,LOC101927987,101927987
2933,CTNNA2,1496
2934,LRRTM1,347730
2935,LOC100507201,100507201
2936,LOC1720,1720
2937,FUNDC2P2,388965
2938,SUCLG1,8802
2939,DNAH6,1768
2940,TRABD2A,129293
2941,TMSB10,9168
2942,KCMF1,56888
2943,TCF7L1,83439
2944,TGOLN2,10618
2945,RETSAT,54884
2946,ELMOD3,84173
2947,CAPG,822
2948,SH2D6,284948
2949,PARTICL,100630918
2950,MAT2A,4144
2951,GGCX,2677
2952,VAMP8,8673
2953,VAMP5,10791
2954,RNF181,51255
2955,TMEM150A,129303
2956,USP39,10713
2957,C2orf68,388969
2958,SFTPB,6439
2959,GNLY,10578
2960,ATOH8,84913
2961,LOC284950,284950
2962,ST3GAL5,8869
2963,ST3GAL5-AS1,101928113
2964,LOC90784,90784
2965,POLR1A,25885
2966,PTCD3,55037
2967,SNORD94,692225
2968,IMMT,10989
2969,MRPL35,51318
2970,REEP1,65055
2971,KDM3A,55818
2972,CHMP3,51652
2973,RNF103-CHMP3,100526767
2974,RNF103,7844
2975,RMND5A,64795
2976,CD8A,925
2977,CD8B,926
2978,ANAPC1P1,100286979
2979,RGPD1,400966
2980,PLGLB1,5343
2981,LOC285074,285074
2982,LINC00152,112597
2983,PLGLB2,5342
2984,RGPD2,729857
2985,KRCC1,51315
2986,SMYD1,150572
2987,FABP1,2168
2988,THNSL2,55258
2989,FOXI3,344167
2990,TEX37,200523
2991,LOC101928371,101928371
2992,EIF2AK3,9451
2993,RPIA,22934
2994,ANKRD36BP2,645784
2995,LOC654342,654342
2996,GGT8P,645367
2997,ACTR3BP2,440888
2998,FAM95A,90499
2999,ANKRD20A8P,729171
3000,LOC442028,442028
3001,TEKT4,150483
3002,MAL,4118
3003,MRPS5,64969
3004,ZNF514,84874
3005,ZNF2,7549
3006,PROM2,150696
3007,KCNIP3,30818
3008,FAHD2A,51011
3009,TRIM43B,653192
3010,TRIM43,129868
3011,LINC00342,150759
3012,ANKRD36C,400986
3013,FAHD2CP,729234
3014,GPAT2,150763
3015,ADRA2B,151
3016,ASTL,431705
3017,DUSP2,1844
3018,STARD7,56910
3019,STARD7-AS1,285033
3020,TMEM127,55654
3021,CIAO1,9391
3022,SNRNP200,23020
3023,ITPRIPL1,150771
3024,NCAPH,23397
3025,NEURL3,93082
3026,ARID5A,10865
3027,KANSL3,55683
3028,FER1L5,90342
3029,LMAN2L,81562
3030,CNNM4,26504
3031,CNNM3,26505
3032,ANKRD23,200539
3033,ANKRD39,51239
3034,SEMA4C,54910
3035,FAM178B,51252
3036,LOC101927053,101927053
3037,FAHD2B,151313
3038,ANKRD36,375248
3039,LOC100506076,100506076
3040,LOC100506123,100506123
3041,ANKRD36B,57730
3042,COX5B,1329
3043,ACTR1B,10120
3044,LINC01125,728537
3045,ZAP70,7535
3046,TMEM131,23505
3047,VWA3B,200403
3048,CNGA3,1261
3049,INPP4A,3631
3050,COA5,493753
3051,UNC50,25972
3052,MGAT4A,11320
3053,LOC101927070,101927070
3054,KIAA1211L,343990
3055,TSGA10,80705
3056,C2orf15,150590
3057,LIPT1,51601
3058,MITD1,129531
3059,MRPL30,51263
3060,LYG2,254773
3061,LYG1,129530
3062,TXNDC9,10190
3063,EIF5B,9669
3064,REV1,51455
3065,AFF3,3899
3066,LOC150577,150577
3067,LONRF2,164832
3068,CHST10,9486
3069,NMS,129521
3070,PDCL3,79031
3071,NPAS2,4862
3072,LOC101927142,101927142
3073,RPL31,6160
3074,TBC1D8,11138
3075,CNOT11,55571
3076,SNORD89,692205
3077,RNF149,284996
3078,CREG2,200407
3079,RFX8,731220
3080,MAP4K4,9448
3081,LOC100506328,100506328
3082,IL1R2,7850
3083,IL1R1,3554
3084,IL1RL2,8808
3085,IL1RL1,9173
3086,IL18R1,8809
3087,IL18RAP,8807
3088,SLC9A4,389015
3089,SLC9A2,6549
3090,MFSD9,84804
3091,TMEM182,130827
3092,LOC100287010,100287010
3093,LINC01102,150568
3094,LINC01103,101927360
3095,LINC01114,284998
3096,LINC01158,100506421
3097,POU3F3,5455
3098,LINC01159,102682016
3099,LOC102724691,102724691
3100,MRPS9,64965
3101,UTAT33,101927492
3102,GPR45,11250
3103,TGFBRAP1,9392
3104,C2orf49,79074
3105,FHL2,2274
3106,LOC285000,285000
3107,NCK2,8440
3108,C2orf40,84417
3109,UXS1,80146
3110,PLGLA,285189
3111,RGPD3,653489
3112,ST6GAL2,84620
3113,GACAT1,104326057
3114,RGPD4-AS1,729121
3115,RGPD4,285190
3116,SLC5A7,60482
3117,LINC01594,102724774
3118,SULT1C3,442038
3119,SULT1C2,6819
3120,SULT1C2P1,151234
3121,SULT1C4,27233
3122,GCC2,9648
3123,LIMS1,3987
3124,RANBP2,5903
3125,CCDC138,165055
3126,EDAR,10913
3127,SH3RF3-AS1,100287216
3128,SH3RF3,344558
3129,SEPT10,151011
3130,SOWAHC,65124
3131,RGPD5,84220
3132,LIMS3,96626
3133,LIMS3-LOC440895,100271835
3134,LOC440895,440895
3135,LINC01123,440894
3136,MALL,7851
3137,NPHP1,4867
3138,LINC00116,205251
3139,LOC100507334,100507334
3140,LINC01106,151009
3141,LIMS3L,100288695
3142,RGPD6,729540
3143,BUB1,699
3144,ACOXL,55289
3145,FLJ44006,400997
3146,BCL2L11,10018
3147,MIR4435-2HG,541471
3148,ANAPC1,64682
3149,MERTK,10461
3150,TMEM87B,84910
3151,FBLN7,129804
3152,ZC3H8,84524
3153,ZC3H6,376940
3154,RGPD8,727851
3155,TTL,150465
3156,POLR1B,84172
3157,CHCHD5,84269
3158,FLJ42351,400999
3159,SLC20A1,6574
3160,CKAP2L,150468
3161,IL1A,3552
3162,IL1B,3553
3163,IL37,27178
3164,IL36G,56300
3165,IL36A,27179
3166,IL36B,27177
3167,IL36RN,26525
3168,IL1F10,84639
3169,IL1RN,3557
3170,PSD4,23550
3171,PAX8,7849
3172,PAX8-AS1,654433
3173,CBWD2,150472
3174,FOXD4L1,200350
3175,PGM5P4-AS1,103344932
3176,FAM138B,654412
3177,WASH2P,375260
3178,DDX11L2,84771
3179,RPL23AP7,118433
3180,RABL2A,11159
3181,SLC35F5,80255
3182,LOC101060091,101060091
3183,ACTR3,10096
3184,LOC100499194,100499194
3185,LINC01191,440900
3186,DPP10,57628
3187,DPP10-AS3,101927591
3188,DPP10-AS1,389023
3189,DDX18,8886
3190,CCDC93,54520
3191,INSIG2,51141
3192,LOC101927709,101927709
3193,EN1,2019
3194,MARCO,8685
3195,C1QL2,165257
3196,STEAP3,55240
3197,STEAP3-AS1,100874111
3198,C2orf76,130355
3199,DBI,1622
3200,TMEM37,140738
3201,SCTR,6344
3202,CFAP221,200373
3203,TMEM177,80775
3204,PTPN4,5775
3205,EPB41L5,57669
3206,TMEM185B,79134
3207,RALB,5899
3208,INHBB,3625
3209,LINC01101,84931
3210,GLI2,2736
3211,TFCP2L1,29842
3212,CLASP1,23332
3213,RNU4ATAC,100151683
3214,NIFK-AS1,254128
3215,NIFK,84365
3216,TSN,7247
3217,CNTNAP5,129684
3218,GYPC,2995
3219,BIN1,274
3220,CYP27C1,339761
3221,ERCC3,2071
3222,MAP3K2,10746
3223,PROC,5624
3224,IWS1,55677
3225,MYO7B,4648
3226,LOC105373609,105373609
3227,LIMS2,55679
3228,GPR17,2840
3229,SFT2D3,84826
3230,WDR33,55339
3231,POLR2D,5433
3232,AMMECR1L,83607
3233,SAP130,79595
3234,UGGT1,56886
3235,HS6ST1,9394
3236,LOC101927881,101927881
3237,LOC151121,151121
3238,LOC389033,389033
3239,LOC101927924,101927924
3240,RAB6C-AS1,100131320
3241,RAB6C,84084
3242,FAR2P1,440905
3243,POTEF,728378
3244,MED15P9,285103
3245,CCDC74B,91409
3246,SMPD4,55627
3247,MZT2B,80097
3248,TUBA3E,112714
3249,CCDC115,84317
3250,IMP4,92856
3251,PTPN18,26469
3252,FAR2P2,100216479
3253,CYP4F43P,646802
3254,POTEI,653269
3255,CFC1B,653275
3256,LOC646743,646743
3257,TISP43,150527
3258,CFC1,55997
3259,POTEJ,653781
3260,CYP4F30P,100132708
3261,GPR148,344561
3262,AMER3,205147
3263,ARHGEF4,50649
3264,FAM168B,130074
3265,PLEKHB2,55041
3266,POTEE,445582
3267,LOC440910,440910
3268,WTH3DI,150786
3269,LINC01120,389043
3270,LOC401010,401010
3271,TUBA3D,113457
3272,MZT2A,653784
3273,LOC150776,150776
3274,CCDC74A,90557
3275,POTEKP,440915
3276,LINC01087,101927994
3277,C2orf27A,29798
3278,C2orf27B,408029
3279,ANKRD30BL,554226
3280,MIR663B,100313824
3281,ZNF806,646915
3282,GPR39,2863
3283,LYPD1,116372
3284,NCKAP5,344148
3285,MIR7853,102466866
3286,LOC101928161,101928161
3287,MGAT5,4249
3288,TMEM163,81615
3289,ACMSD,130013
3290,CCNT2-AS1,100129961
3291,CCNT2,905
3292,MAP3K19,80122
3293,RAB3GAP1,22930
3294,ZRANB3,84083
3295,R3HDM1,23518
3296,UBXN4,23190
3297,LCT,3938
3298,LOC100507600,100507600
3299,MCM6,4175
3300,DARS,1615
3301,DARS-AS1,101928243
3302,CXCR4,7852
3303,THSD7B,80731
3304,LOC101928273,101928273
3305,HNMT,3176
3306,SPOPL,339745
3307,NXPH2,11249
3308,YY1P2,647012
3309,LRP1B,53353
3310,KYNU,8942
3311,ARHGAP15,55843
3312,LOC101928386,101928386
3313,GTDC1,79712
3314,ZEB2,9839
3315,TEX41,401014
3316,PABPC1P2,728773
3317,ACVR2A,92
3318,ORC4,5000
3319,MBD5,55777
3320,EPC2,26122
3321,KIF5C,3800
3322,LYPD6B,130576
3323,LYPD6,130574
3324,MMADHC,27249
3325,LOC101929231,101929231
3326,RND3,390
3327,LOC101929260,101929260
3328,LOC101929282,101929282
3329,RBM43,375287
3330,NMI,9111
3331,LOC101929319,101929319
3332,TNFAIP6,7130
3333,RIF1,55183
3334,NEB,4703
3335,ARL5A,26225
3336,CACNB4,785
3337,STAM2,10254
3338,FMNL2,114793
3339,PRPF40A,55660
3340,ARL6IP6,151188
3341,RPRM,56475
3342,GALNT13,114805
3343,LOC100144595,100144595
3344,KCNJ3,3760
3345,LOC101929378,101929378
3346,NR4A2,4929
3347,GPD2,2820
3348,GALNT5,11227
3349,ERMN,57471
3350,CYTIP,9595
3351,ACVR1C,130399
3352,ACVR1,90
3353,UPP2,151531
3354,CCDC148-AS1,554201
3355,CCDC148,130940
3356,PKP4,8502
3357,DAPL1,92196
3358,TANC1,85461
3359,WDSUB1,151525
3360,LOC643072,643072
3361,MARCH7,64844
3362,CD302,9936
3363,LY75-CD302,100526664
3364,LY75,4065
3365,PLA2R1,22925
3366,ITGB6,3694
3367,LOC100505984,100505984
3368,RBMS1,5937
3369,TANK,10010
3370,LOC101929512,101929512
3371,LOC100996579,100996579
3372,PSMD14,10213
3373,TBR1,10716
3374,AHCTF1P1,285116
3375,SLC4A10,57282
3376,DPP4,1803
3377,LOC101929532,101929532
3378,GCG,2641
3379,FAP,2191
3380,IFIH1,64135
3381,GCA,25801
3382,KCNH7,90134
3383,LOC101929570,101929570
3384,FIGN,55137
3385,GRB14,2888
3386,COBLL1,22837
3387,LOC101929633,101929633
3388,SLC38A11,151258
3389,SCN3A,6328
3390,SCN2A,6326
3391,CSRNP3,80034
3392,GALNT3,2591
3393,LOC100506124,100506124
3394,TTC21B,79809
3395,TTC21B-AS1,100506134
3396,LOC102724058,102724058
3397,SCN1A,6323
3398,LOC101929680,101929680
3399,SCN9A,6335
3400,SCN7A,6332
3401,XIRP2,129446
3402,XIRP2-AS1,100874011
3403,LOC105616981,105616981
3404,B3GALT1,8708
3405,STK39,27347
3406,CERS6,253782
3407,CERS6-AS1,100861402
3408,NOSTRIN,115677
3409,SPC25,57405
3410,G6PC2,57818
3411,ABCB11,8647
3412,DHRS9,10170
3413,LRP2,4036
3414,BBS5,129880
3415,KLHL41,10324
3416,FASTKD1,79675
3417,PPIG,9360
3418,CCDC173,129881
3419,PHOSPHO2,493911
3420,PHOSPHO2-KLHL23,100526832
3421,KLHL23,151230
3422,SSB,6741
3423,METTL5,29081
3424,UBR3,130507
3425,MYO3B,140469
3426,LOC101929753,101929753
3427,LOC101926913,101926913
3428,LINC01124,440925
3429,SP5,389058
3430,ERICH2,285141
3431,GAD1,2571
3432,GORASP2,26003
3433,TLK1,9874
3434,METTL8,79828
3435,DCAF17,80067
3436,CYBRD1,79901
3437,DYNC1I2,1781
3438,SLC25A12,8604
3439,HAT1,8520
3440,METAP1D,254042
3441,DLX1,1745
3442,DLX2,1746
3443,DLX2-AS1,104326193
3444,ITGA6,3655
3445,PDK1,5163
3446,RAPGEF4-AS1,91149
3447,RAPGEF4,11069
3448,ZAK,51776
3449,MLK7-AS1,339751
3450,CDCA7,83879
3451,SP3,6670
3452,OLA1,29789
3453,LINC01305,285084
3454,SP9,100131390
3455,CIR1,9541
3456,SCRN3,79634
3457,GPR155,151556
3458,WIPF1,7456
3459,CHRNA1,1134
3460,CHN1,1123
3461,ATF2,1386
3462,ATP5G3,518
3463,KIAA1715,80856
3464,EVX2,344191
3465,HOXD13,3239
3466,HOXD12,3238
3467,HOXD11,3237
3468,HOXD10,3236
3469,HOXD9,3235
3470,HOXD8,3234
3471,HOXD-AS2,100506783
3472,HOXD4,3233
3473,HOXD3,3232
3474,HAGLR,401022
3475,HAGLROS,102800310
3476,HOXD1,3231
3477,MTX2,10651
3478,LINC01116,375295
3479,LINC01117,102724224
3480,HNRNPA3,220988
3481,NFE2L2,4780
3482,LOC100130691,100130691
3483,AGPS,8540
3484,TTC30B,150737
3485,TTC30A,92104
3486,PDE11A,50940
3487,RBM45,129831
3488,OSBPL6,114880
3489,LOC101927027,101927027
3490,PRKRA,8575
3491,DFNB59,494513
3492,FKBP7,51661
3493,PLEKHA3,65977
3494,TTN-AS1,100506866
3495,TTN,7273
3496,LOC101927055,101927055
3497,CCDC141,285025
3498,SESTD1,91404
3499,ZNF385B,151126
3500,CWC22,57703
3501,LINC00913,101669767
3502,UBE2E3,10477
3503,LOC101927156,101927156
3504,ITGA4,3676
3505,CERKL,375298
3506,NEUROD1,4760
3507,SSFA2,6744
3508,PPP1R1C,151242
3509,PDE1A,5136
3510,DNAJC10,54431
3511,FRZB,2487
3512,NCKAP1,10787
3513,DUSP19,142679
3514,NUP35,129401
3515,ZNF804A,91752
3516,LOC101927196,101927196
3517,FSIP2,401024
3518,LINC01473,101927217
3519,ZC3H15,55854
3520,ITGAV,3685
3521,FAM171B,165215
3522,ZSWIM2,151112
3523,CALCRL,10203
3524,TFPI,7035
3525,LINC01090,104355152
3526,GULP1,51454
3527,DIRC1,116093
3528,COL3A1,1281
3529,COL5A2,1290
3530,WDR75,84128
3531,SLC40A1,30061
3532,ASNSD1,54529
3533,ANKAR,150709
3534,OSGEPL1,64172
3535,OSGEPL1-AS1,101409258
3536,ORMDL1,94101
3537,PMS1,5378
3538,MSTN,2660
3539,C2orf88,84281
3540,HIBCH,26275
3541,INPP1,3628
3542,MFSD6,54842
3543,NEMP2,100131211
3544,NAB1,4664
3545,GLS,2744
3546,STAT1,6772
3547,STAT4,6775
3548,MYO1B,4430
3549,NABP1,64859
3550,LOC105747689,105747689
3551,SDPR,8436
3552,TMEFF2,23671
3553,PCGEM1,64002
3554,LOC101927406,101927406
3555,LOC101927431,101927431
3556,SLC39A10,57181
3557,DNAH7,56171
3558,STK17B,9262
3559,HECW2,57520
3560,LOC101927482,101927482
3561,CCDC150,284992
3562,GTF3C3,9330
3563,C2orf66,401027
3564,PGAP1,80055
3565,ANKRD44,91526
3566,ANKRD44-IT1,100874357
3567,SF3B1,23451
3568,COQ10B,80219
3569,HSPD1,3329
3570,HSPE1,3336
3571,HSPE1-MOB4,100529241
3572,MOB4,25843
3573,RFTN2,130132
3574,MARS2,92935
3575,BOLL,66037
3576,PLCL1,5334
3577,LOC101927619,101927619
3578,SATB2,23314
3579,SATB2-AS1,150538
3580,LOC101927641,101927641
3581,FTCDNL1,348751
3582,C2orf69,205327
3583,TYW5,129450
3584,C2orf47,79568
3585,SPATS2L,26010
3586,KCTD18,130535
3587,SGOL2,151246
3588,AOX1,316
3589,AOX2P,344454
3590,LOC100507140,100507140
3591,LOC101927795,101927795
3592,BZW1,9689
3593,CLK1,1195
3594,PPIL3,53938
3595,NIF3L1,60491
3596,ORC2,4999
3597,FAM126B,285172
3598,NDUFB3,4709
3599,CFLAR,8837
3600,CFLAR-AS1,65072
3601,CASP10,843
3602,CASP8,841
3603,ALS2CR12,130540
3604,TRAK2,66008
3605,STRADB,55437
3606,ALS2CR11,151254
3607,TMEM237,65062
3608,MPP4,58538
3609,ALS2,57679
3610,CDK15,65061
3611,FZD7,8324
3612,KIAA2012,100652824
3613,SUMO1,7341
3614,NOP58,51602
3615,BMPR2,659
3616,FAM117B,150864
3617,ICA1L,130026
3618,WDR12,55759
3619,CARF,79800
3620,NBEAL1,65065
3621,CYP20A1,57404
3622,ABI2,10152
3623,RAPH1,65059
3624,CD28,940
3625,CTLA4,1493
3626,ICOS,29851
3627,PARD3B,117583
3628,NRP2,8828
3629,INO80D,54891
3630,GCSHP3,100329109
3631,NDUFS1,4719
3632,EEF1B2,1933
3633,SNORA41,619569
3634,GPR1,2825
3635,GPR1-AS1,101669764
3636,ZDBF2,57683
3637,ADAM23,8745
3638,LOC200726,200726
3639,DYTN,391475
3640,MDH1B,130752
3641,FASTKD2,22868
3642,CPO,130749
3643,KLF7,8609
3644,LOC101927865,101927865
3645,CREB1,1385
3646,METTL21A,151194
3647,CCNYL1,151195
3648,FZD5,7855
3649,PLEKHM3,389072
3650,LOC100507443,100507443
3651,CRYGD,1421
3652,CRYGC,1420
3653,CRYGB,1419
3654,CRYGA,1418
3655,C2orf80,389073
3656,IDH1,3417
3657,IDH1-AS1,100507475
3658,PIKFYVE,200576
3659,PTH2R,5746
3660,MAP2,4133
3661,UNC80,285175
3662,RPE,6120
3663,KANSL1L,151050
3664,LOC101928020,101928020
3665,ACADL,33
3666,MYL1,4632
3667,LANCL1-AS1,102724820
3668,LANCL1,10314
3669,CPS1,1373
3670,CPS1-IT1,29034
3671,ERBB4,2066
3672,LOC102725079,102725079
3673,IKZF2,22807
3674,LOC100130451,100130451
3675,SPAG16,79582
3676,VWC2L,402117
3677,BARD1,580
3678,LOC101928103,101928103
3679,ABCA12,26154
3680,ATIC,471
3681,FN1,2335
3682,LOC102724849,102724849
3683,LINC00607,646324
3684,MREG,55686
3685,PECR,55825
3686,TMEM169,92691
3687,XRCC5,7520
3688,PKI55,150967
3689,MARCH4,57574
3690,SMARCAL1,50485
3691,RPL37A,6168
3692,LINC01280,101928232
3693,IGFBP2,3485
3694,IGFBP5,3488
3695,TNP1,7141
3696,DIRC3,729582
3697,TNS1,7145
3698,RUFY4,285180
3699,CXCR2P1,3580
3700,CXCR2,3579
3701,CXCR1,3577
3702,ARPC2,10109
3703,GPBAR1,151306
3704,AAMP,14
3705,PNKD,25953
3706,TMBIM1,64114
3707,CATIP-AS2,103689911
3708,CATIP,375307
3709,CATIP-AS1,101928513
3710,SLC11A1,6556
3711,CTDSP1,58190
3712,VIL1,7429
3713,USP37,57695
3714,RQCD1,9125
3715,PLCD4,84812
3716,ZNF142,7701
3717,BCS1L,617
3718,RNF25,64320
3719,STK36,27148
3720,TTLL4,9654
3721,CYP27A1,1593
3722,PRKAG3,53632
3723,WNT6,7475
3724,WNT10A,80326
3725,LINC01494,101928537
3726,CDK5R2,8941
3727,LINC00608,151300
3728,FEV,54738
3729,CRYBA2,1412
3730,LOC100129175,100129175
3731,CFAP65,255101
3732,IHH,3549
3733,NHEJ1,79840
3734,SLC23A3,151295
3735,CNPPD1,27013
3736,FAM134A,79137
3737,ZFAND2B,130617
3738,ABCB6,10058
3739,ATG9A,79065
3740,ANKZF1,55139
3741,GLB1L,79411
3742,STK16,8576
3743,TUBA4A,7277
3744,TUBA4B,80086
3745,DNAJB2,3300
3746,PTPRN,5798
3747,RESP18,389075
3748,DNPEP,23549
3749,DES,1674
3750,SPEG,10290
3751,LOC100996693,100996693
3752,GMPPA,29926
3753,ASIC4,55515
3754,CHPF,79586
3755,TMEM198,130612
3756,OBSL1,23363
3757,INHA,3623
3758,STK11IP,114790
3759,SLC4A3,6508
3760,EPHA4,2043
3761,PAX3,5077
3762,CCDC140,151278
3763,SGPP2,130367
3764,FARSB,10056
3765,MOGAT1,116255
3766,ACSL3,2181
3767,KCNE4,23704
3768,SCG2,7857
3769,AP1S3,130340
3770,WDFY1,57590
3771,MRPL44,65080
3772,SERPINE2,5270
3773,FAM124B,79843
3774,CUL3,8452
3775,DOCK10,55619
3776,NYAP2,57624
3777,LOC646736,646736
3778,IRS1,3667
3779,RHBDD1,84236
3780,COL4A4,1286
3781,COL4A3,1285
3782,LOC654841,654841
3783,MFF,56947
3784,TM4SF20,79853
3785,AGFG1,3267
3786,C2orf83,56918
3787,SLC19A3,80704
3788,CCL20,6364
3789,DAW1,164781
3790,SPHKAP,80309
3791,PID1,55022
3792,DNER,92737
3793,TRIP12,9320
3794,FBXO36,130888
3795,SLC16A14,151473
3796,SP110,3431
3797,SP140,11262
3798,SP140L,93349
3799,SP100,6672
3800,LOC151475,151475
3801,CAB39,51719
3802,ITM2C,81618
3803,LOC151484,151484
3804,GPR55,9290
3805,SPATA3-AS1,348761
3806,SPATA3,130560
3807,C2orf72,257407
3808,PSMD1,5707
3809,HTR2B,3357
3810,ARMC9,80210
3811,B3GNT7,93010
3812,NCL,4691
3813,SNORA75,654321
3814,LINC00471,151477
3815,NMUR1,10316
3816,C2orf57,165100
3817,PTMA,5757
3818,PDE6D,5147
3819,COPS7B,64708
3820,NPPC,4880
3821,DIS3L2,129563
3822,ALPP,250
3823,ECEL1P2,347694
3824,ALPPL2,251
3825,ALPI,248
3826,ECEL1,9427
3827,PRSS56,646960
3828,CHRND,1144
3829,CHRNG,1146
3830,TIGD1,200765
3831,EIF4E2,9470
3832,EFHD1,80303
3833,GIGYF2,26058
3834,KCNJ13,3769
3835,C2orf82,389084
3836,NGEF,25791
3837,NEU2,4759
3838,INPP5D,3635
3839,ATG16L1,55054
3840,SCARNA5,677775
3841,SCARNA6,677772
3842,SAG,6295
3843,DGKD,8527
3844,USP40,55230
3845,UGT1A8,54576
3846,UGT1A10,54575
3847,UGT1A9,54600
3848,UGT1A7,54577
3849,UGT1A6,54578
3850,UGT1A5,54579
3851,UGT1A4,54657
3852,UGT1A3,54659
3853,DNAJB3,414061
3854,LOC100286922,100286922
3855,UGT1A1,54658
3856,MROH2A,339766
3857,HJURP,55355
3858,MSL3P1,151507
3859,TRPM8,79054
3860,SPP2,6694
3861,ARL4C,10123
3862,SH3BP4,23677
3863,AGAP1,116987
3864,AGAP1-IT1,100506749
3865,GBX2,2637
3866,ASB18,401036
3867,IQCA1,79781
3868,ACKR3,57007
3869,COPS8,10920
3870,COL6A3,1293
3871,MLPH,79083
3872,PRLH,51052
3873,RAB17,64284
3874,LRRFIP1,9208
3875,RBM44,375316
3876,RAMP1,10267
3877,UBE2F,140739
3878,UBE2F-SCLY,100533179
3879,SCLY,51540
3880,ESPNL,339768
3881,KLHL30,377007
3882,FAM132B,151176
3883,ILKAP,80895
3884,LOC151174,151174
3885,LOC643387,643387
3886,HES6,55502
3887,PER2,8864
3888,TRAF3IP1,26146
3889,ASB1,51665
3890,LINC01107,151171
3891,TWIST2,117581
3892,FLJ43879,401039
3893,HDAC4,9759
3894,MGC16025,85009
3895,LOC150935,150935
3896,NDUFA10,4705
3897,OR6B2,389090
3898,PRR21,643905
3899,OR6B3,150681
3900,MYEOV2,150678
3901,OTOS,150677
3902,GPC1,2817
3903,PP14571,100130449
3904,ANKMY1,51281
3905,DUSP28,285193
3906,RNPEPL1,57140
3907,CAPN10-AS1,101752400
3908,CAPN10,11132
3909,GPR35,2859
3910,AQP12B,653437
3911,AQP12A,375318
3912,KIF1A,547
3913,AGXT,189
3914,C2orf54,79919
3915,LOC200772,200772
3916,SNED1,25992
3917,MTERF4,130916
3918,PASK,23178
3919,PPP1R7,5510
3920,ANO7,50636
3921,HDLBP,3069
3922,SEPT2,4735
3923,FARP2,9855
3924,STK25,10494
3925,BOK-AS1,100379249
3926,BOK,666
3927,THAP4,51078
3928,ATG4B,23192
3929,DTYMK,1841
3930,ING5,84289
3931,D2HGDH,728294
3932,GAL3ST2,64090
3933,NEU4,129807
3934,PDCD1,5133
3935,RTP5,285093
3936,LINC01237,101927289
3937,LOC102723927,102723927
3938,LOC728323,728323
3939,CHL1,10752
3940,CHL1-AS1,101927193
3941,LINC01266,101927215
3942,CNTN6,27255
3943,CNTN4,152330
3944,CNTN4-AS2,100873976
3945,CNTN4-AS1,100873975
3946,IL5RA,3568
3947,TRNT1,51095
3948,CRBN,51185
3949,LRRN1,57633
3950,SETMAR,6419
3951,SUMF1,285362
3952,ITPR1-AS1,100996539
3953,ITPR1,3708
3954,EGOT,100126791
3955,BHLHE40-AS1,100507582
3956,BHLHE40,8553
3957,ARL8B,55207
3958,EDEM1,9695
3959,GRM7-AS3,100507601
3960,GRM7,2917
3961,GRM7-AS2,100873936
3962,GRM7-AS1,100873937
3963,LOC101927394,101927394
3964,LMCD1-AS1,100288428
3965,LMCD1,29995
3966,LINC00312,29931
3967,SSUH2,51066
3968,CAV3,859
3969,OXTR,5021
3970,RAD18,56852
3971,SRGAP3,9901
3972,SRGAP3-AS3,100288831
3973,THUMPD3,25917
3974,THUMPD3-AS1,440944
3975,SETD5,55209
3976,LHFPL4,375323
3977,MTMR14,64419
3978,CPNE9,151835
3979,BRPF1,7862
3980,OGG1,4968
3981,CAMK1,8536
3982,TADA3,10474
3983,ARPC4,10093
3984,ARPC4-TTLL3,100526693
3985,TTLL3,26140
3986,RPUSD3,285367
3987,CIDEC,63924
3988,JAGN1,84522
3989,IL17RE,132014
3990,IL17RC,84818
3991,CRELD1,78987
3992,PRRT3,285368
3993,PRRT3-AS1,100874032
3994,EMC3,55831
3995,LOC442075,442075
3996,LOC401052,401052
3997,CIDECP,152302
3998,FANCD2,2177
3999,FANCD2OS,115795
4000,BRK1,55845
4001,VHL,7428
4002,IRAK2,3656
4003,TATDN2,9797
4004,GHRLOS,100126793
4005,LINC00852,84657
4006,GHRL,51738
4007,SEC13,6396
4008,ATP2B2,491
4009,ATP2B2-IT2,100874325
4010,LINC00606,285370
4011,SLC6A11,6538
4012,SLC6A1,6529
4013,SLC6A1-AS1,100874090
4014,HRH1,3269
4015,ATG7,10533
4016,VGLL4,9686
4017,TAMM41,132001
4018,SYN2,6854
4019,TIMP4,7079
4020,PPARG,5468
4021,TSEN2,80746
4022,MKRN2OS,100129480
4023,MKRN2,23609
4024,RAF1,5894
4025,TMEM40,55287
4026,CAND2,23066
4027,RPL32,6161
4028,IQSEC1,9922
4029,NUP210,23225
4030,HDAC11-AS1,100874101
4031,HDAC11,79885
4032,FBLN2,2199
4033,LINC00620,285375
4034,WNT7A,7476
4035,FGD5P1,100132526
4036,TPRXL,348825
4037,CHCHD4,131474
4038,TMEM43,79188
4039,XPC,7508
4040,LSM3,27258
4041,LINC01267,101927565
4042,SLC6A6,6533
4043,GRIP2,80852
4044,CCDC174,51244
4045,C3orf20,84077
4046,FGD5,152273
4047,FGD5-AS1,100505641
4048,NR2C2,7182
4049,MRPS25,64432
4050,RBSN,64145
4051,COL6A4P1,344875
4052,CAPN7,23473
4053,SH3BP5-AS1,100505696
4054,SH3BP5,9467
4055,METTL6,131965
4056,EAF1,85403
4057,COLQ,8292
4058,HACL1,26061
4059,BTD,686
4060,ANKRD28,23243
4061,GALNT15,117248
4062,DPH3,285381
4063,OXNAD1,92106
4064,RFTN1,23180
4065,LINC00690,100996597
4066,DAZL,1618
4067,PLCL2,23228
4068,TBC1D5,9779
4069,LOC339862,339862
4070,SATB1,6304
4071,SATB1-AS1,101927777
4072,KCNH8,131096
4073,EFHB,151651
4074,RAB5A,5868
4075,PP2D1,151649
4076,KAT2B,8850
4077,SGOL1,151648
4078,SGOL1-AS1,100874028
4079,LOC101927829,101927829
4080,VENTXP7,391518
4081,ZNF385D,79750
4082,ZNF385D-AS1,100874216
4083,ZNF385D-AS2,100874221
4084,UBE2E2,7325
4085,UBE2E1-AS1,100874092
4086,UBE2E1,7324
4087,NKIRAS1,28512
4088,RPL15,6138
4089,NR1D2,9975
4090,LINC00691,152024
4091,THRB,7068
4092,LOC101927854,101927854
4093,THRB-AS1,644990
4094,RARB,5915
4095,TOP2B,7155
4096,NGLY1,55768
4097,OXSM,54995
4098,LINC00692,285326
4099,LRRC3B,116135
4100,NEK10,152110
4101,SLC4A7,9497
4102,EOMES,8320
4103,CMC1,152100
4104,AZI2,64343
4105,ZCWPW2,152098
4106,LINC00693,645206
4107,RBMS3-AS3,100873979
4108,RBMS3,27303
4109,RBMS3-AS1,100873977
4110,TGFBR2,7048
4111,GADL1,339896
4112,STT3B,201595
4113,OSBPL10,114884
4114,OSBPL10-AS1,100874206
4115,ZNF860,344787
4116,GPD1L,23171
4117,CMTM8,152189
4118,CMTM7,112616
4119,CMTM6,54918
4120,DYNC1LI1,51143
4121,CNOT10,25904
4122,TRIM71,131405
4123,CCR4,1233
4124,GLB1,2720
4125,TMPPE,643853
4126,CRTAP,10491
4127,SUSD5,26032
4128,FBXL2,25827
4129,UBP1,7342
4130,CLASP2,23122
4131,PDCD6IP,10015
4132,LOC101928135,101928135
4133,ARPP21,10777
4134,STAC,6769
4135,DCLK3,85443
4136,TRANK1,9881
4137,EPM2AIP1,9852
4138,MLH1,4292
4139,LRRFIP2,9209
4140,GOLGA4,2803
4141,C3orf35,339883
4142,ITGA9,3680
4143,ITGA9-AS1,101928153
4144,CTDSPL,10217
4145,VILL,50853
4146,PLCD1,5333
4147,DLEC1,9940
4148,ACAA1,30
4149,MYD88,4615
4150,OXSR1,9943
4151,SLC22A13,9390
4152,SLC22A14,9389
4153,XYLB,9942
4154,ACVR2B-AS1,100128640
4155,ACVR2B,93
4156,EXOG,9941
4157,SCN5A,6331
4158,SCN10A,6336
4159,SCN11A,11280
4160,WDR48,57599
4161,GORASP1,64689
4162,TTC21A,199223
4163,CSRNP1,64651
4164,XIRP1,165904
4165,CX3CR1,1524
4166,CCR8,1237
4167,SLC25A38,54977
4168,RPSA,3921
4169,SNORA6,574040
4170,SNORA62,6044
4171,MOBP,4336
4172,MYRIP,25924
4173,EIF1B-AS1,440952
4174,EIF1B,10289
4175,ENTPD3,956
4176,ENTPD3-AS1,285266
4177,RPL14,9045
4178,ZNF619,285267
4179,ZNF620,253639
4180,ZNF621,285268
4181,CTNNB1,1499
4182,ULK4,54986
4183,TRAK1,22906
4184,CCK,885
4185,LYZL4,131375
4186,VIPR1,7433
4187,SEC22C,9117
4188,SS18L2,51188
4189,NKTR,4820
4190,LOC101928323,101928323
4191,ZBTB47,92999
4192,KLHL40,131377
4193,HHATL,57467
4194,CCDC13,152206
4195,CCDC13-AS1,100874114
4196,LOC729083,729083
4197,HIGD1A,25994
4198,ACKR2,1238
4199,CYP8B1,1582
4200,ZNF662,389114
4201,KRBOX1-AS1,100506275
4202,KRBOX1,100506243
4203,FAM198A,729085
4204,POMGNT2,84892
4205,SNRK,54861
4206,SNRK-AS1,100873954
4207,ANO10,55129
4208,ABHD5,51099
4209,TOPAZ1,375337
4210,TCAIM,285343
4211,ZNF445,353274
4212,ZNF852,285346
4213,ZKSCAN7,55888
4214,ZNF660,285349
4215,ZNF197-AS1,100874094
4216,ZNF197,10168
4217,ZNF35,7584
4218,ZNF502,91392
4219,ZNF501,115560
4220,KIAA1143,57456
4221,KIF15,56992
4222,TMEM42,131616
4223,TGM4,7047
4224,ZDHHC3,51304
4225,EXOSC7,23016
4226,CLEC3B,7123
4227,CDCP1,64866
4228,TMEM158,25907
4229,LARS2,23395
4230,LARS2-AS1,100885795
4231,LIMD1,8994
4232,LIMD1-AS1,644714
4233,SACM1L,22908
4234,SLC6A20,54716
4235,LZTFL1,54585
4236,CCR9,10803
4237,FYCO1,79443
4238,CXCR6,10663
4239,XCR1,2829
4240,CCR1,1230
4241,CCR3,1232
4242,CCR2,729230
4243,LOC102724297,102724297
4244,CCR5,1234
4245,CCRL2,9034
4246,LTF,4057
4247,RTP3,83597
4248,LRRC2,79442
4249,LRRC2-AS1,83598
4250,TDGF1,6997
4251,LOC100132146,100132146
4252,ALS2CL,259173
4253,TMIE,259236
4254,PRSS50,29122
4255,PRSS46,100287362
4256,PRSS45,377047
4257,PRSS42,339906
4258,MYL3,4634
4259,PTH1R,5745
4260,CCDC12,151903
4261,NBEAL2,23218
4262,NRADDP,100129354
4263,SETD2,29072
4264,KIF9-AS1,285352
4265,KIF9,64147
4266,KLHL18,23276
4267,PTPN23,25930
4268,SCAP,22937
4269,ELP6,54859
4270,CSPG5,10675
4271,SMARCC1,6599
4272,DHX30,22907
4273,MAP4,4134
4274,CDC25A,993
4275,CAMP,820
4276,ZNF589,51385
4277,NME6,10201
4278,SPINK8,646424
4279,FBXW12,285231
4280,PLXNB1,5364
4281,CCDC51,79714
4282,TMA7,51372
4283,ATRIP,84126
4284,TREX1,11277
4285,SHISA5,51246
4286,PFKFB4,5210
4287,UCN2,90226
4288,COL7A1,1294
4289,UQCRC1,7384
4290,TMEM89,440955
4291,SLC26A6,65010
4292,CELSR3,1951
4293,CELSR3-AS1,102724368
4294,NCKIPSD,51517
4295,IP6K2,51447
4296,PRKAR2A,5576
4297,PRKAR2A-AS1,100506637
4298,SLC25A20,788
4299,ARIH2OS,646450
4300,ARIH2,10425
4301,P4HTM,54681
4302,WDR6,11180
4303,DALRD3,55152
4304,NDUFAF3,25915
4305,IMPDH2,3615
4306,QRICH1,54870
4307,QARS,5859
4308,USP19,10869
4309,LAMB2,3913
4310,LAMB2P1,22973
4311,CCDC71,64925
4312,KLHDC8B,200942
4313,C3orf84,646498
4314,CCDC36,339834
4315,C3orf62,375341
4316,USP4,7375
4317,GPX1,2876
4318,RHOA,387
4319,TCTA,6988
4320,AMT,275
4321,NICN1,84276
4322,DAG1,1605
4323,BSN-AS2,100132677
4324,BSN,8927
4325,APEH,327
4326,MST1,4485
4327,RNF123,63891
4328,AMIGO3,386724
4329,GMPPB,29925
4330,IP6K1,9807
4331,CDHR4,389118
4332,FAM212A,389119
4333,UBA7,7318
4334,TRAIP,10293
4335,CAMKV,79012
4336,MST1R,4486
4337,MON1A,84315
4338,RBM6,10180
4339,RBM5,10181
4340,RBM5-AS1,100775107
4341,SEMA3F,6405
4342,GNAT1,2779
4343,SLC38A3,10991
4344,GNAI2,2771
4345,SEMA3B-AS1,101928931
4346,SEMA3B,7869
4347,LSMEM2,132228
4348,IFRD2,7866
4349,HYAL3,8372
4350,NAT6,24142
4351,HYAL1,3373
4352,HYAL2,8692
4353,TUSC2,11334
4354,RASSF1,11186
4355,RASSF1-AS1,102060282
4356,ZMYND10,51364
4357,NPRL2,10641
4358,CYB561D2,11068
4359,TMEM115,11070
4360,CACNA2D2,9254
4361,C3orf18,51161
4362,HEMK1,51409
4363,CISH,1154
4364,MAPKAPK3,7867
4365,DOCK3,1795
4366,MANF,7873
4367,RBM15B,29890
4368,VPRBP,9730
4369,RAD54L2,23132
4370,TEX264,51368
4371,GRM2,2912
4372,IQCF6,440956
4373,IQCF4,100506840
4374,IQCF3,401067
4375,IQCF2,389123
4376,IQCF5-AS1,100996916
4377,IQCF5,389124
4378,IQCF1,132141
4379,RRP9,9136
4380,PARP3,10039
4381,GPR62,118442
4382,PCBP4,57060
4383,ABHD14B,84836
4384,ABHD14A,25864
4385,ABHD14A-ACY1,100526760
4386,ACY1,95
4387,RPL29,6159
4388,DUSP7,1849
4389,LINC00696,100128378
4390,POC1A,25886
4391,ALAS1,211
4392,TLR9,54106
4393,TWF2,11344
4394,PPM1M,132160
4395,WDR82,80335
4396,GLYCTK,132158
4397,GLYCTK-AS1,100874110
4398,DNAH1,25981
4399,BAP1,8314
4400,PHF7,51533
4401,SEMA3G,56920
4402,TNNC1,7134
4403,NISCH,11188
4404,STAB1,23166
4405,NT5DC2,64943
4406,SMIM4,440957
4407,PBRM1,55193
4408,GNL3,26354
4409,GLT8D1,55830
4410,SPCS1,28972
4411,NEK4,6787
4412,ITIH1,3697
4413,ITIH3,3699
4414,ITIH4,3700
4415,ITIH4-AS1,100873993
4416,MUSTN1,389125
4417,TMEM110-MUSTN1,100526772
4418,TMEM110,375346
4419,SFMBT1,51460
4420,RFT1,91869
4421,PRKCD,5580
4422,TKT,7086
4423,DCP1A,55802
4424,CACNA1D,776
4425,CHDH,55349
4426,IL17RB,55540
4427,ACTR8,93973
4428,SELK,58515
4429,CACNA2D3,55799
4430,ESRG,790952
4431,CACNA2D3-AS1,100874237
4432,LRTM1,57408
4433,WNT5A,7474
4434,ERC2,26059
4435,ERC2-IT1,711
4436,CCDC66,285331
4437,FAM208A,23272
4438,ARHGEF3,50650
4439,SPATA12,353324
4440,IL17RD,54756
4441,HESX1,8820
4442,APPL1,26060
4443,ASB14,142686
4444,DNAH12,201625
4445,PDE12,201626
4446,ARF4,378
4447,DENND6A,201627
4448,SLMAP,7871
4449,FLNB,2317
4450,DNASE1L3,1776
4451,ABHD6,57406
4452,RPP14,11102
4453,PXK,54899
4454,PDHB,5162
4455,KCTD6,200845
4456,ACOX2,8309
4457,FAM107A,11170
4458,FAM3D,131177
4459,C3orf67,200844
4460,C3orf67-AS1,101929238
4461,FHIT,2272
4462,PTPRG,5793
4463,PTPRG-AS1,100506994
4464,C3orf14,57415
4465,FEZF2,55079
4466,CADPS,8618
4467,LINC00698,285401
4468,SYNPR,132204
4469,SYNPR-AS1,100874016
4470,SNTN,132203
4471,C3orf49,132200
4472,THOC7,80145
4473,THOC7-AS1,100874039
4474,ATXN7,6314
4475,PSMD6-AS2,100507062
4476,PSMD6,9861
4477,PRICKLE2-AS1,100652759
4478,LINC00994,100287879
4479,PRICKLE2,166336
4480,PRICKLE2-AS2,100874242
4481,PRICKLE2-AS3,100874243
4482,ADAMTS9,56999
4483,ADAMTS9-AS1,100507082
4484,ADAMTS9-AS2,100507098
4485,MAGI1,9223
4486,MAGI1-AS1,100873983
4487,SLC25A26,115286
4488,LRIG1,26018
4489,KBTBD8,84541
4490,SUCLG2,8801
4491,SUCLG2-AS1,101927111
4492,FAM19A1,407738
4493,FAM19A4,151647
4494,EOGT,285203
4495,TMF1,7110
4496,UBA3,9039
4497,ARL6IP5,10550
4498,LMOD3,56203
4499,FRMD4B,23150
4500,MITF,4286
4501,LINC01212,101927152
4502,FOXP1,27086
4503,FOXP1-AS1,104502416
4504,MIR1284,100302112
4505,EIF4E3,317649
4506,GPR27,2850
4507,PROK2,60675
4508,LINC00877,285286
4509,LINC00870,201617
4510,RYBP,23429
4511,SHQ1,55164
4512,GXYLT2,727936
4513,PPP4R2,151987
4514,EBLN2,55096
4515,PDZRN3,23024
4516,LOC101927296,101927296
4517,PDZRN3-AS1,100874099
4518,CNTN3,5067
4519,FAM86DP,692099
4520,FRG2C,100288801
4521,LINC00960,401074
4522,ZNF717,100131827
4523,ROBO2,6092
4524,ROBO1,6091
4525,LOC101927374,101927374
4526,GBE1,2632
4527,LINC00971,440970
4528,CADM2,253559
4529,CADM2-AS2,100874037
4530,VGLL3,389136
4531,LINC00506,100846978
4532,CHMP2B,25978
4533,POU1F1,5449
4534,HTR1F,3355
4535,CGGBP1,8545
4536,ZNF654,55279
4537,C3orf38,285237
4538,EPHA3,2042
4539,PROS1,5627
4540,ARL13B,200894
4541,STX19,415117
4542,DHFRL1,200895
4543,NSUN3,63899
4544,LINC00879,255025
4545,MTHFD2P1,100287639
4546,EPHA6,285220
4547,ARL6,84100
4548,CRYBG3,131544
4549,MINA,84864
4550,GABRR3,200959
4551,OR5AC2,81050
4552,OR5H1,26341
4553,OR5H14,403273
4554,OR5H15,403274
4555,OR5H6,79295
4556,OR5H2,79310
4557,OR5K4,403278
4558,OR5K3,403277
4559,OR5K1,26339
4560,OR5K2,402135
4561,CLDND1,56650
4562,GPR15,2838
4563,CPOX,1371
4564,ST3GAL6-AS1,100874207
4565,ST3GAL6,10402
4566,DCBLD2,131566
4567,COL8A1,1295
4568,HP09053,101929357
4569,CMSS1,84319
4570,FILIP1L,11259
4571,TMEM30C,644444
4572,TBC1D23,55773
4573,NIT2,56954
4574,TOMM70A,9868
4575,LNP1,348801
4576,TMEM45A,55076
4577,ADGRG7,84873
4578,TFG,10342
4579,ABI3BP,25890
4580,IMPG2,50939
4581,SENP7,57337
4582,FAM172BP,131909
4583,TRMT10C,54931
4584,PCNP,57092
4585,ZBTB11,27107
4586,ZBTB11-AS1,100009676
4587,RPL24,6152
4588,PDCL3P4,285359
4589,CEP97,79598
4590,NXPE3,91775
4591,NFKBIZ,64332
4592,LOC152225,152225
4593,ZPLD1,131368
4594,ALCAM,214
4595,CBLB,868
4596,LINC00882,100302640
4597,DUBR,344595
4598,CCDC54,84692
4599,LOC101929579,101929579
4600,LOC101929607,101929607
4601,BBX,56987
4602,LINC00635,151658
4603,LINC00636,285205
4604,CD47,961
4605,LINC01215,101929623
4606,IFT57,55081
4607,HHLA2,11148
4608,MYH15,22989
4609,KIAA1524,57650
4610,DZIP3,9666
4611,RETNLB,84666
4612,TRAT1,50852
4613,GUCA1C,9626
4614,MORC1,27136
4615,FLJ22763,401081
4616,LINC00488,677779
4617,DPPA2,151871
4618,DPPA4,55211
4619,LINC01205,401082
4620,PVRL3-AS1,100506555
4621,PVRL3,25945
4622,CD96,10225
4623,ZBED2,79413
4624,PLCXD2,257068
4625,PLCXD2-AS1,100874115
4626,PHLDB2,90102
4627,ABHD10,55347
4628,TAGLN3,29114
4629,TMPRSS7,344805
4630,C3orf52,79669
4631,GCSAM,257144
4632,SLC9C1,285335
4633,CD200,4345
4634,BTLA,151888
4635,ATG3,64422
4636,SLC35A5,55032
4637,LOC100506621,100506621
4638,CCDC80,151887
4639,LOC101929694,101929694
4640,CD200R1L,344807
4641,CD200R1,131450
4642,GTPBP8,29083
4643,C3orf17,25871
4644,LOC101929717,101929717
4645,BOC,91653
4646,CFAP44,55779
4647,CFAP44-AS1,100874029
4648,SPICE1,152185
4649,SIDT1,54847
4650,USF3,205717
4651,NAA50,80218
4652,ATP6V1A,523
4653,GRAMD1C,54762
4654,ZDHHC23,254887
4655,CCDC191,57577
4656,QTRTD1,79691
4657,DRD3,1814
4658,ZNF80,7634
4659,TIGIT,201633
4660,ZBTB20,26137
4661,MIR568,693153
4662,ZBTB20-AS1,100131117
4663,LOC101929754,101929754
4664,ZBTB20-AS3,104413890
4665,ZBTB20-AS4,100874131
4666,GAP43,2596
4667,LSAMP,4045
4668,LSAMP-AS1,100506708
4669,TUSC7,285194
4670,LINC00901,100506724
4671,IGSF11,152404
4672,IGSF11-AS1,100506765
4673,C3orf30,152405
4674,UPK1B,7348
4675,B4GALT4,8702
4676,B4GALT4-AS1,100874201
4677,ARHGAP31,57514
4678,ARHGAP31-AS1,100874246
4679,TMEM39A,55254
4680,POGLUT1,56983
4681,TIMMDC1,51300
4682,CD80,941
4683,ADPRH,141
4684,PLA1A,51365
4685,POPDC2,64091
4686,COX17,10063
4687,MAATS1,89876
4688,NR1I2,8856
4689,GSK3B,2932
4690,GPR156,165829
4691,LRRC58,116064
4692,FSTL1,11167
4693,NDUFB4,4710
4694,HGD,3081
4695,RABL3,285282
4696,GTF2E1,2960
4697,STXBP5L,9515
4698,POLQ,10721
4699,ARGFX,503582
4700,FBXO40,51725
4701,HCLS1,3059
4702,GOLGB1,2804
4703,IQCB1,9657
4704,EAF2,55840
4705,SLC15A2,6565
4706,ILDR1,286676
4707,CD86,942
4708,CASR,846
4709,CSTA,1475
4710,CCDC58,131076
4711,FAM162A,26355
4712,WDR5B,54554
4713,LOC102723582,102723582
4714,KPNA1,3836
4715,PARP9,83666
4716,DTX3L,151636
4717,PARP15,165631
4718,PARP14,54625
4719,HSPBAP1,79663
4720,DIRC2,84925
4721,LOC100129550,100129550
4722,SEMA5B,54437
4723,PDIA5,10954
4724,MIR7110,102465667
4725,SEC22A,26984
4726,ADCY5,111
4727,HACD2,201562
4728,MYLK-AS1,100506826
4729,MYLK,4638
4730,MYLK-AS2,100873940
4731,CCDC14,64770
4732,ROPN1,54763
4733,KALRN,8997
4734,UMPS,7372
4735,ITGB5,3693
4736,MUC13,56667
4737,HEG1,57493
4738,SLC12A8,84561
4739,ZNF148,7707
4740,SNX4,8723
4741,OSBPL11,114885
4742,LOC101927056,101927056
4743,FAM86JP,100125556
4744,ALG1L,200810
4745,ROPN1B,152015
4746,SLC41A3,54946
4747,ALDH1L1,10840
4748,ALDH1L1-AS2,100862662
4749,KLF15,28999
4750,LOC100506907,100506907
4751,CFAP100,348807
4752,ZXDC,79364
4753,UROC1,131669
4754,CHST13,166012
4755,C3orf22,152065
4756,TXNRD3NB,645840
4757,TXNRD3,114112
4758,NUP210P1,255330
4759,CHCHD6,84303
4760,PLXNA1,5361
4761,C3orf56,285311
4762,LOC101927123,101927123
4763,LINC01471,101927149
4764,TPRA1,131601
4765,MCM2,4171
4766,PODXL2,50512
4767,ABTB1,80325
4768,MGLL,11343
4769,KBTBD12,166348
4770,SEC61A1,29927
4771,RUVBL1-AS1,100874089
4772,RUVBL1,8607
4773,EEFSEC,60678
4774,DNAJB8,165721
4775,DNAJB8-AS1,285224
4776,GATA2,2624
4777,GATA2-AS1,101927167
4778,LOC90246,90246
4779,LINC01565,23434
4780,RPN1,6184
4781,RAB7A,7879
4782,LOC653712,653712
4783,ACAD9,28976
4784,KIAA1257,57501
4785,EFCC1,79825
4786,GP9,2815
4787,RAB43,339122
4788,ISY1-RAB43,100534599
4789,ISY1,57461
4790,CNBP,7555
4791,COPG1,22820
4792,HMCES,56941
4793,H1FX,8971
4794,H1FX-AS1,339942
4795,RPL32P3,132241
4796,SNORA7B,677797
4797,EFCAB12,90288
4798,MBD4,8930
4799,IFT122,55764
4800,RHO,6010
4801,H1FOO,132243
4802,PLXND1,23129
4803,TMCC1,23023
4804,TMCC1-AS1,100507032
4805,TRH,7200
4806,ALG1L2,644974
4807,FAM86HP,729375
4808,COL6A4P2,646300
4809,COL6A5,256076
4810,COL6A6,131873
4811,PIK3R4,30849
4812,ATP2C1,27032
4813,ASTE1,28990
4814,NEK11,79858
4815,LOC339874,339874
4816,NUDT16P1,152195
4817,NUDT16,131870
4818,MRPL3,11222
4819,SNORA58,677836
4820,CPNE4,131034
4821,ACPP,55
4822,DNAJC13,23317
4823,ACAD11,84129
4824,NPHP3-ACAD11,100532724
4825,ACKR4,51554
4826,UBA5,79876
4827,NPHP3,27031
4828,NPHP3-AS1,348808
4829,TMEM108,66000
4830,TMEM108-AS1,101927455
4831,BFSP2,8419
4832,CDV3,55573
4833,TOPBP1,11073
4834,TF,7018
4835,SRPRB,58477
4836,RAB6B,51560
4837,C3orf36,80111
4838,SLCO2A1,6578
4839,RYK,6259
4840,AMOTL2,51421
4841,ANAPC13,25847
4842,CEP63,80254
4843,KY,339855
4844,EPHB1,2047
4845,PPP2R3A,5523
4846,MSL2,55167
4847,PCCB,5096
4848,STAG1,10274
4849,SLC35G2,80723
4850,NCK1-AS1,101927597
4851,NCK1,4690
4852,IL20RB,53833
4853,SOX14,8403
4854,LOC100507274,100507274
4855,CLDN18,51208
4856,DZIP1L,199221
4857,A4GNT,51146
4858,DBR1,51163
4859,ARMC8,25852
4860,NME9,347736
4861,MRAS,22808
4862,ESYT3,83850
4863,CEP70,80321
4864,FAIM,55179
4865,PIK3CB,5291
4866,LINC01391,103344930
4867,FOXL2,668
4868,FOXL2NB,401089
4869,PRR23A,729627
4870,PRR23B,389151
4871,PRR23C,389152
4872,BPESC1,60467
4873,PISRT1,140464
4874,MRPS22,56945
4875,COPB2,9276
4876,LOC100507291,100507291
4877,RBP2,5948
4878,RBP1,5947
4879,NMNAT3,349565
4880,CLSTN2,64084
4881,CLSTN2-AS1,101927808
4882,TRIM42,287015
4883,SLC25A36,55186
4884,SPSB4,92369
4885,PXYLP1,92370
4886,ZBTB38,253461
4887,RASA2,5922
4888,RNF7,9616
4889,GRK7,131890
4890,ATP1B3,483
4891,TFDP2,7029
4892,GK5,256356
4893,XRN1,54464
4894,ATR,545
4895,PLS1,5357
4896,TRPC1,7220
4897,PCOLCE2,26577
4898,LOC100507389,100507389
4899,PAQR9,344838
4900,PAQR9-AS1,101927832
4901,LOC100289361,100289361
4902,U2SURP,23350
4903,CHST2,9435
4904,SLC9A9,285195
4905,C3orf58,205428
4906,PLOD2,5352
4907,PLSCR4,57088
4908,PLSCR2,57047
4909,PLSCR1,5359
4910,PLSCR5,389158
4911,ZIC4,84107
4912,ZIC1,7545
4913,FLJ30375,440982
4914,AGTR1,185
4915,CPB1,1360
4916,CPA3,1359
4917,GYG1,2992
4918,HLTF,6596
4919,HLTF-AS1,100873945
4920,HPS3,84343
4921,CP,1356
4922,TM4SF18,116441
4923,TM4SF1,4071
4924,TM4SF1-AS1,100874091
4925,TM4SF4,7104
4926,WWTR1,25937
4927,WWTR1-AS1,100128025
4928,COMMD2,51122
4929,ANKUB1,389161
4930,RNF13,11342
4931,PFN2,5217
4932,LOC646903,646903
4933,LINC01213,101927992
4934,LINC01214,101928022
4935,TSC22D2,9819
4936,SERP1,27230
4937,EIF2A,83939
4938,SELT,51714
4939,ERICH6,131831
4940,ERICH6-AS1,101928085
4941,LOC101928105,101928105
4942,SIAH2,6478
4943,CLRN1,7401
4944,CLRN1-AS1,116933
4945,MED12L,116931
4946,GPR171,29909
4947,P2RY14,9934
4948,GPR87,53836
4949,P2RY13,53829
4950,P2RY12,64805
4951,IGSF10,285313
4952,AADACL2,344752
4953,AADACL2-AS1,101928142
4954,AADACP1,201651
4955,AADAC,13
4956,SUCNR1,56670
4957,MBNL1-AS1,401093
4958,MBNL1,4154
4959,TMEM14EP,645843
4960,P2RY1,5028
4961,RAP2B,5912
4962,C3orf79,152118
4963,ARHGEF26-AS1,100507524
4964,ARHGEF26,26084
4965,DHX36,170506
4966,GPR149,344758
4967,MME,4311
4968,LINC01487,101928190
4969,LOC100507537,100507537
4970,PLCH1,23007
4971,C3orf33,285315
4972,SLC33A1,9197
4973,GMPS,8833
4974,KCNAB1,7881
4975,KCNAB1-AS2,100874083
4976,SSR3,6747
4977,TIPARP-AS1,100287227
4978,TIPARP,25976
4979,LINC00886,730091
4980,PA2G4P4,647033
4981,LEKR1,389170
4982,LINC00880,339894
4983,LINC00881,100498859
4984,CCNL1,57018
4985,VEPH1,79674
4986,PTX3,5806
4987,PQLC2L,152078
4988,SHOX2,6474
4989,RSRC1,51319
4990,LOC100996447,100996447
4991,MLF1,4291
4992,GFM1,85476
4993,LXN,56925
4994,RARRES1,5918
4995,MFSD1,64747
4996,IQCJ,654502
4997,IQCJ-SCHIP1,100505385
4998,SCHIP1,29970
4999,IQCJ-SCHIP1-AS1,100874433
5000,IL12A-AS1,101928376
5001,IL12A,3592
5002,LOC730109,730109
5003,C3orf80,401097
5004,IFT80,57560
5005,SMC4,10051
5006,TRIM59,286827
5007,KPNA4,3840
5008,SCARNA7,677767
5009,ARL14,80117
5010,PPM1L,151742
5011,B3GALNT1,8706
5012,NMD3,51068
5013,SPTSSB,165679
5014,LOC101243545,101243545
5015,OTOL1,131149
5016,LINC01192,647107
5017,LINC01324,104355289
5018,SI,6476
5019,SLITRK3,22865
5020,LINC01322,103695433
5021,BCHE,590
5022,ZBBX,79740
5023,SERPINI2,5276
5024,WDR49,151790
5025,PDCD10,11235
5026,SERPINI1,5274
5027,LINC01330,646168
5028,GOLIM4,27333
5029,EGFEM1P,93556
5030,LOC100507661,100507661
5031,MECOM,2122
5032,TERC,7012
5033,ACTRT3,84517
5034,MYNN,55892
5035,LRRC34,151827
5036,LRRIQ4,344657
5037,LRRC31,79782
5038,SAMD7,344658
5039,LOC100128164,100128164
5040,SEC62,7095
5041,GPR160,26996
5042,PHC3,80012
5043,PRKCI,5584
5044,SKIL,6498
5045,CLDN11,5010
5046,SLC7A14,57709
5047,RPL22L1,200916
5048,EIF5A2,56648
5049,SLC2A2,6514
5050,TNIK,23043
5051,PLD1,5337
5052,TMEM212,389177
5053,TMEM212-AS1,100874219
5054,FNDC3B,64778
5055,GHSR,2693
5056,TNFSF10,8743
5057,NCEH1,57552
5058,ECT2,1894
5059,SPATA16,83893
5060,NLGN1,22871
5061,NLGN1-AS1,100874010
5062,NAALADL2,254827
5063,NAALADL2-AS2,100874244
5064,NAALADL2-AS1,100874245
5065,LOC100505547,100505547
5066,LINC01209,101928684
5067,TBL1XR1,79718
5068,LINC00501,100820709
5069,LINC00578,100505566
5070,KCCAT211,102724550
5071,LINC01014,100874330
5072,KCNMB2-AS1,104797538
5073,KCNMB2,10242
5074,ZMAT3,64393
5075,LOC101928739,101928739
5076,PIK3CA,5290
5077,KCNMB3,27094
5078,ZNF639,51193
5079,MFN1,55669
5080,GNB4,59345
5081,ACTL6A,86
5082,MRPL47,57129
5083,NDUFB5,4711
5084,USP13,8975
5085,PEX5L,51555
5086,PEX5L-AS2,100505598
5087,TTC14,151613
5088,CCDC39,339829
5089,LOC101928882,101928882
5090,FXR1,8087
5091,DNAJC19,131118
5092,SOX2-OT,347689
5093,LOC102724604,102724604
5094,SOX2,6657
5095,LOC100996490,100996490
5096,FLJ46066,401103
5097,ATP11B,23200
5098,DCUN1D1,54165
5099,MCCC1,56922
5100,LAMP3,27074
5101,MCF2L2,23101
5102,B3GNT5,84002
5103,LINC00888,100505687
5104,KLHL6,89857
5105,KLHL6-AS1,100874019
5106,KLHL24,54800
5107,YEATS2,55689
5108,MAP6D1,79929
5109,PARL,55486
5110,ABCC5,10057
5111,ABCC5-AS1,100873982
5112,HTR3D,200909
5113,HTR3C,170572
5114,HTR3E,285242
5115,EIF2B5,8893
5116,DVL3,1857
5117,AP2M1,1173
5118,ABCF3,55324
5119,VWA5B2,90113
5120,ALG3,10195
5121,ECE2,9718
5122,CAMK2N2,94032
5123,PSMD2,5708
5124,EIF4G1,1981
5125,FAM131A,131408
5126,CLCN2,1181
5127,POLR2H,5437
5128,THPO,7066
5129,CHRD,8646
5130,EIF2B5-AS1,100874079
5131,EPHB3,2049
5132,MAGEF1,64110
5133,LOC101928992,101928992
5134,VPS8,23355
5135,C3orf70,285382
5136,EHHADH-AS1,339926
5137,EHHADH,1962
5138,MAP3K13,9175
5139,TMEM41A,90407
5140,LIPH,200879
5141,SENP2,59343
5142,IGF2BP2,10644
5143,IGF2BP2-AS1,646600
5144,TRA2B,6434
5145,LOC344887,344887
5146,ETV5,2119
5147,DGKG,1608
5148,LOC253573,253573
5149,CRYGS,1427
5150,TBCCD1,55171
5151,DNAJB11,51726
5152,AHSG,197
5153,FETUB,26998
5154,HRG,3273
5155,KNG1,3827
5156,EIF4A2,1974
5157,MIR1248,100302143
5158,SNORA81,677847
5159,SNORA63,6043
5160,SNORA4,619568
5161,RFC4,5984
5162,ADIPOQ,9370
5163,ADIPOQ-AS1,100874095
5164,ST6GAL1,6480
5165,RPL39L,116832
5166,LOC101929106,101929106
5167,RTP1,132112
5168,MASP1,5648
5169,RTP4,64108
5170,SST,6750
5171,RTP2,344892
5172,BCL6,604
5173,LPP-AS2,339929
5174,LPP,4026
5175,FLJ42393,401105
5176,LPP-AS1,100873917
5177,TPRG1-AS1,100874043
5178,TPRG1,285386
5179,TPRG1-AS2,100874027
5180,TP63,8626
5181,P3H2,55214
5182,P3H2-AS1,101929152
5183,CLDN1,9076
5184,CLDN16,10686
5185,TMEM207,131920
5186,IL1RAP,3556
5187,GMNC,647309
5188,SNAR-I,100170222
5189,OSTN,344901
5190,UTS2B,257313
5191,CCDC50,152137
5192,LINCR-0002,103344926
5193,PYDC2,152138
5194,FGF12,2257
5195,FGF12-AS1,100873986
5196,MB21D2,151963
5197,HRASLS,57110
5198,MGC2889,84789
5199,ATP13A5,344905
5200,ATP13A5-AS1,100874218
5201,ATP13A4,84239
5202,ATP13A4-AS1,100874215
5203,OPA1,4976
5204,LOC647323,647323
5205,DPPA2P3,100128023
5206,HES1,3280
5207,LOC100505920,100505920
5208,LOC101929337,101929337
5209,LINC00887,100131551
5210,CPN2,1370
5211,LRRC15,131578
5212,GP5,2814
5213,ATP13A3,79572
5214,LINC00884,401106
5215,TMEM44-AS1,100507297
5216,TMEM44,93109
5217,LSG1,55341
5218,FAM43A,131583
5219,LOC100507391,100507391
5220,XXYLT1,152002
5221,XXYLT1-AS1,100874528
5222,XXYLT1-AS2,101410543
5223,ACAP2,23527
5224,PPP1R2,5504
5225,APOD,347
5226,SDHAP2,727956
5227,LINC00969,440993
5228,MUC20,200958
5229,MUC4,4585
5230,TNK2,10188
5231,SDHAP1,255812
5232,TFRC,7037
5233,LINC00885,401109
5234,ZDHHC19,131540
5235,SLC51A,200931
5236,PCYT1A,5130
5237,TCTEX1D2,255758
5238,TM4SF19-TCTEX1D2,100534611
5239,TM4SF19-AS1,100874214
5240,TM4SF19,116211
5241,UBXN7,26043
5242,RNF168,165918
5243,SMCO1,255798
5244,WDR53,348793
5245,FBXO45,200933
5246,LINC01063,101929769
5247,NRROS,375387
5248,CEP19,84984
5249,PIGX,54965
5250,PAK2,5062
5251,SENP5,205564
5252,NCBP2,22916
5253,NCBP2-AS2,152217
5254,PIGZ,80235
5255,MFI2,4241
5256,MFI2-AS1,100507057
5257,DLG1,1739
5258,DLG1-AS1,100507086
5259,BDH1,622
5260,LOC220729,220729
5261,RUBCN,9711
5262,FYTTD1,84248
5263,LRCH3,84859
5264,IQCG,84223
5265,RPL35A,6165
5266,LMLN,89782
5267,LMLN-AS1,100873947
5268,ANKRD18DP,348840
5269,FAM157A,728262
5270,MGC39584,441058
5271,ZNF595,152687
5272,ZNF718,255403
5273,ZNF876P,642280
5274,ZNF732,654254
5275,ZNF141,7700
5276,ABCA11P,79963
5277,ZNF721,170960
5278,PIGG,54872
5279,PDE6B,5158
5280,ATP5I,521
5281,MYL5,4636
5282,MFSD7,84179
5283,PCGF3,10336
5284,LOC100129917,100129917
5285,CPLX1,10815
5286,GAK,2580
5287,TMEM175,84286
5288,DGKQ,1609
5289,SLC26A1,10861
5290,IDUA,3425
5291,FGFRL1,53834
5292,RNF212,285498
5293,TMED11P,100379220
5294,SPON2,10417
5295,LOC100130872,100130872
5296,CTBP1-AS,285463
5297,CTBP1,1487
5298,CTBP1-AS2,92070
5299,MAEA,10296
5300,UVSSA,57654
5301,CRIPAK,285464
5302,NKX1-1,54729
5303,FAM53A,152877
5304,SLBP,7884
5305,TMEM129,92305
5306,TACC3,10460
5307,FGFR3,2261
5308,LETM1,3954
5309,WHSC1,7468
5310,SCARNA22,677770
5311,NELFA,7469
5312,C4orf48,401115
5313,NAT8L,339983
5314,POLN,353497
5315,HAUS3,79441
5316,MXD4,10608
5317,ZFYVE28,57732
5318,CFAP99,402160
5319,RNF4,6047
5320,FAM193A,8603
5321,TNIP2,79155
5322,SH3BP2,6452
5323,ADD1,118
5324,MFSD10,10227
5325,NOP14-AS1,317648
5326,NOP14,8602
5327,GRK4,2868
5328,HTT-AS,100750326
5329,HTT,3064
5330,MSANTD1,345222
5331,RGS12,6002
5332,HGFAC,3083
5333,DOK7,285489
5334,LRPAP1,4043
5335,LINC00955,285492
5336,LOC100133461,100133461
5337,ADRA2C,152
5338,FAM86EP,348926
5339,OTOP1,133060
5340,TMEM128,85013
5341,LYAR,55646
5342,ZBTB49,166793
5343,NSG1,27065
5344,STX18,53407
5345,STX18-IT1,104472519
5346,STX18-AS1,100507266
5347,LOC101928279,101928279
5348,LINC01396,103695434
5349,MSX1,4487
5350,LOC101928306,101928306
5351,CYTL1,54360
5352,STK32B,55351
5353,LINC01587,10141
5354,EVC2,132884
5355,EVC,2121
5356,CRMP1,1400
5357,JAKMIP1,152789
5358,LOC285484,285484
5359,WFS1,7466
5360,PPP2R2C,5522
5361,MAN2B2,23324
5362,MRFAP1,93621
5363,LOC93622,93622
5364,S100P,6286
5365,MRFAP1L1,114932
5366,BLOC1S4,55330
5367,KIAA0232,9778
5368,TBC1D14,57533
5369,LOC100129931,100129931
5370,CCDC96,257236
5371,TADA2B,93624
5372,GRPEL1,80273
5373,FLJ36777,730971
5374,SORCS2,57537
5375,PSAPL1,768239
5376,AFAP1-AS1,84740
5377,AFAP1,60312
5378,LOC389199,389199
5379,ABLIM2,84448
5380,SH3TC1,54436
5381,HTRA3,94031
5382,ACOX3,8310
5383,TRMT44,152992
5384,GPR78,27201
5385,CPZ,8532
5386,HMX1,3166
5387,LOC650293,650293
5388,USP17L10,100287144
5389,USP17L21,100287478
5390,USP17L13,100287238
5391,USP17L15,100288520
5392,DEFB131,644414
5393,DRD5,1816
5394,SLC2A9,56606
5395,WDR1,9948
5396,ZNF518B,85460
5397,CLNK,116449
5398,HS3ST1,9957
5399,RAB28,9364
5400,LINC01097,285547
5401,NKX3-2,579
5402,LINC01096,285548
5403,BOD1L1,259282
5404,LINC01182,101929071
5405,LINC01085,152742
5406,LINC00504,201853
5407,CPEB2-AS1,441009
5408,CPEB2,132864
5409,LOC101929095,101929095
5410,C1QTNF7,114905
5411,CC2D2A,57545
5412,FBXL5,26234
5413,FAM200B,285550
5414,BST1,683
5415,CD38,952
5416,FGFBP1,9982
5417,FGFBP2,83888
5418,PROM1,8842
5419,TAPT1,202018
5420,TAPT1-AS1,202020
5421,LDB2,9079
5422,LOC101929123,101929123
5423,QDPR,5860
5424,CLRN2,645104
5425,LAP3,51056
5426,MED28,80306
5427,FAM184B,27146
5428,DCAF16,54876
5429,NCAPG,64151
5430,LCORL,254251
5431,SLIT2,9353
5432,SLIT2-IT1,100505893
5433,PACRGL,133015
5434,KCNIP4,80333
5435,KCNIP4-IT1,359822
5436,LOC100505912,100505912
5437,ADGRA3,166647
5438,GBA3,57733
5439,PPARGC1A,10891
5440,DHX15,1665
5441,SOD3,6649
5442,CCDC149,91050
5443,LGI2,55203
5444,SEPSECS,51091
5445,SEPSECS-AS1,285540
5446,PI4K2B,55300
5447,ZCCHC4,29063
5448,ANAPC4,29945
5449,SLC34A2,10568
5450,SEL1L3,23231
5451,SMIM20,389203
5452,RBPJ,3516
5453,CCKAR,886
5454,TBC1D19,55296
5455,STIM2,57620
5456,LOC101929199,101929199
5457,PCDH7,5099
5458,LOC102723828,102723828
5459,LOC101928622,101928622
5460,ARAP2,116984
5461,MGC42157,439933
5462,DTHD1,401124
5463,NWD2,57495
5464,C4orf19,55286
5465,RELL1,768211
5466,PGM2,55276
5467,TBC1D1,23216
5468,PTTG2,10744
5469,LINC01258,101928776
5470,KLF3-AS1,79667
5471,KLF3,51274
5472,TLR10,81793
5473,TLR1,7096
5474,TLR6,10333
5475,FAM114A1,92689
5476,TMEM156,80008
5477,KLHL5,51088
5478,WDR19,57728
5479,RFC1,5981
5480,KLB,152831
5481,RPL9,6133
5482,LIAS,11019
5483,LOC401127,401127
5484,UGDH,7358
5485,UGDH-AS1,100885776
5486,SMIM14,201895
5487,UBE2K,3093
5488,PDS5A,23244
5489,LOC344967,344967
5490,N4BP2,55728
5491,RHOH,399
5492,LOC101060498,101060498
5493,CHRNA9,55584
5494,RBM47,54502
5495,NSUN7,79730
5496,APBB2,323
5497,UCHL1-AS1,101410542
5498,UCHL1,7345
5499,LIMCH1,22998
5500,PHOX2B,8929
5501,LINC00682,101056723
5502,TMEM33,55161
5503,DCAF4L1,285429
5504,SLC30A9,10463
5505,BEND4,389206
5506,SHISA3,152573
5507,ATP8A1,10396
5508,GRXCR1,389207
5509,LOC100506827,100506827
5510,KCTD8,386617
5511,YIPF7,285525
5512,GUF1,60558
5513,GNPDA2,132789
5514,GABRG1,2565
5515,GABRA2,2555
5516,COX7B2,170712
5517,GABRA4,2557
5518,GABRB1,2560
5519,COMMD8,54951
5520,ATP10D,57205
5521,CORIN,10699
5522,LOC101927179,101927179
5523,NFXL1,152518
5524,LOC101927157,101927157
5525,CNGA1,1259
5526,NIPAL1,152519
5527,TXK,7294
5528,TEC,7006
5529,SLAIN2,57606
5530,SLC10A4,201780
5531,ZAR1,326340
5532,FRYL,285527
5533,OCIAD1,54940
5534,OCIAD2,132299
5535,CWH43,80157
5536,DCUN1D4,23142
5537,LRRC66,339977
5538,SGCB,6443
5539,SPATA18,132671
5540,USP46,64854
5541,USP46-AS1,643783
5542,DANCR,57291
5543,SNORA26,677810
5544,ERVMER34-1,100288413
5545,LINC01618,152578
5546,RASL11B,65997
5547,SCFD2,152579
5548,FIP1L1,81608
5549,LNX1,84708
5550,LNX1-AS1,100873939
5551,LNX1-AS2,100873955
5552,LOC100506444,100506444
5553,RPL21P44,402176
5554,CHIC2,26511
5555,GSX2,170825
5556,PDGFRA,5156
5557,KIT,3815
5558,KDR,3791
5559,SRD5A3,79644
5560,SRD5A3-AS1,100506462
5561,TMEM165,55858
5562,CLOCK,9575
5563,PDCL2,132954
5564,NMU,10874
5565,EXOC1,55763
5566,CEP135,9662
5567,KIAA1211,57482
5568,AASDH,132949
5569,PPAT,5471
5570,PAICS,10606
5571,SRP72,6731
5572,ARL9,132946
5573,THEGL,100506564
5574,HOPX,84525
5575,SPINK2,6691
5576,REST,5978
5577,NOA1,84273
5578,POLR2B,5431
5579,IGFBP7,3490
5580,IGFBP7-AS1,255130
5581,LOC101928851,101928851
5582,ADGRL3,23284
5583,TECRL,253017
5584,LOC401134,401134
5585,EPHA5,2044
5586,EPHA5-AS1,100144602
5587,LOC101927237,101927237
5588,CENPC,1060
5589,STAP1,26228
5590,UBA6,55236
5591,UBA6-AS1,550112
5592,GNRHR,2798
5593,TMPRSS11D,9407
5594,TMPRSS11A,339967
5595,TMPRSS11F,389208
5596,LOC550113,550113
5597,SYT14P1,401135
5598,FTLP10,100130017
5599,TMPRSS11BNL,401136
5600,TMPRSS11B,132724
5601,YTHDC1,91746
5602,TMPRSS11E,28983
5603,UGT2B17,7367
5604,UGT2B15,7366
5605,UGT2B10,7365
5606,UGT2A3,79799
5607,UGT2B7,7364
5608,UGT2B11,10720
5609,UGT2B28,54490
5610,UGT2B4,7363
5611,UGT2A2,574537
5612,UGT2A1,10941
5613,SULT1B1,27284
5614,SULT1E1,6783
5615,CSN1S1,1446
5616,CSN2,1447
5617,HTN3,3347
5618,HTN1,3346
5619,PRR27,401137
5620,ODAM,54959
5621,FDCSP,260436
5622,CSN3,1448
5623,CABS1,85438
5624,SMR3A,26952
5625,SMR3B,10879
5626,PROL1,58503
5627,MUC7,4589
5628,AMTN,401138
5629,AMBN,258
5630,ENAM,10117
5631,JCHAIN,3512
5632,UTP3,57050
5633,RUFY3,22902
5634,GRSF1,2926
5635,MOB1B,92597
5636,DCK,1633
5637,SLC4A4,8671
5638,GC,2638
5639,NPFFR2,10886
5640,ADAMTS3,9508
5641,COX18,285521
5642,ANKRD17,26057
5643,ALB,213
5644,AFP,174
5645,AFM,173
5646,RASSF6,166824
5647,CXCL8,3576
5648,CXCL6,6372
5649,PF4V1,5197
5650,CXCL1,2919
5651,PF4,5196
5652,PPBP,5473
5653,CXCL5,6374
5654,CXCL3,2921
5655,PPBPP2,10895
5656,CXCL2,2920
5657,MTHFD2L,441024
5658,EPGN,255324
5659,EREG,2069
5660,AREG,374
5661,BTC,685
5662,PARM1,25849
5663,LOC100507388,100507388
5664,LOC441025,441025
5665,RCHY1,25898
5666,THAP6,152815
5667,C4orf26,152816
5668,CDKL2,8999
5669,G3BP2,9908
5670,USO1,8615
5671,PPEF2,5470
5672,NAAA,27163
5673,SDAD1,55153
5674,LOC101928809,101928809
5675,CXCL9,4283
5676,ART3,419
5677,CXCL10,3627
5678,CXCL11,6373
5679,NUP54,53371
5680,SCARB2,950
5681,FAM47E,100129583
5682,FAM47E-STBD1,100631383
5683,STBD1,8987
5684,CCDC158,339965
5685,SHROOM3,57619
5686,SOWAHB,345079
5687,SEPT11,55752
5688,CCNI,10983
5689,CCNG2,901
5690,CXCL13,10563
5691,CNOT6L,246175
5692,MRPL1,65008
5693,FRAS1,80144
5694,ANXA3,306
5695,LINC01094,100505702
5696,BMP2K,55589
5697,PAQR3,152559
5698,LINC01088,100505875
5699,NAA11,84779
5700,GK2,2712
5701,LINC00989,100506035
5702,PCAT4,118425
5703,ANTXR2,118429
5704,PRDM8,56978
5705,FGF5,2250
5706,C4orf22,255119
5707,BMP3,651
5708,PRKG2,5593
5709,LOC101928942,101928942
5710,RASGEF1B,153020
5711,HNRNPD,3184
5712,HNRNPDL,9987
5713,ENOPH1,58478
5714,TMEM150C,441027
5715,LINC00575,439934
5716,SCD5,79966
5717,SEC31A,22872
5718,THAP9-AS1,100499177
5719,THAP9,79725
5720,LIN54,132660
5721,COPS4,51138
5722,PLAC8,51316
5723,COQ2,27235
5724,HPSE,10855
5725,HELQ,113510
5726,MRPS18C,51023
5727,FAM175A,84142
5728,GPAT3,84803
5729,LOC101928978,101928978
5730,NKX6-1,4825
5731,CDS1,1040
5732,WDFY3,23001
5733,WDFY3-AS2,404201
5734,ARHGAP24,83478
5735,MAPK10,5602
5736,LOC101929064,101929064
5737,PTPN13,5783
5738,SLC10A6,345274
5739,C4orf36,132989
5740,LOC100506746,100506746
5741,AFF1,4299
5742,KLHL8,57563
5743,HSD17B13,345275
5744,HSD17B11,51170
5745,NUDT9,53343
5746,SPARCL1,8404
5747,DSPP,1834
5748,DMP1,1758
5749,IBSP,3381
5750,MEPE,56955
5751,SPP1,6696
5752,PKD2,5311
5753,ABCG2,9429
5754,PPM1K,152926
5755,HERC6,55008
5756,HERC5,51191
5757,PIGY,84992
5758,HERC3,8916
5759,NAP1L5,266812
5760,FAM13A-AS1,285512
5761,FAM13A,10144
5762,TIGD2,166815
5763,GPRIN3,285513
5764,SNCA,6622
5765,SNCA-AS1,644248
5766,MMRN1,22915
5767,CCSER1,401145
5768,LOC101929194,101929194
5769,GRID2,2895
5770,ATOH1,474
5771,LOC101929210,101929210
5772,SMARCAD1,56916
5773,HPGDS,27306
5774,PDLIM5,10611
5775,LOC100507012,100507012
5776,BMPR1B,658
5777,UNC5C,8633
5778,PDHA2,5161
5779,STPG2-AS1,101410545
5780,STPG2,285555
5781,RAP1GDS1,5910
5782,TSPAN5,10098
5783,EIF4E,1977
5784,METAP1,23173
5785,ADH5,128
5786,LOC100507053,100507053
5787,ADH4,127
5788,PCNAP1,359806
5789,ADH6,130
5790,ADH1A,124
5791,ADH1B,125
5792,ADH1C,126
5793,ADH7,131
5794,C4orf17,84103
5795,TRMT10A,93587
5796,MTTP,4547
5797,DAPP1,27071
5798,LAMTOR3,8649
5799,DNAJB14,79982
5800,H2AFZ,3015
5801,LOC256880,256880
5802,DDIT4L,115265
5803,EMCN,51705
5804,LINC01216,100874275
5805,PPP3CA,5530
5806,FLJ20021,90024
5807,BANK1,55024
5808,SLC39A8,64116
5809,NFKB1,4790
5810,MANBA,4126
5811,LOC102723704,102723704
5812,UBE2D3,7323
5813,LOC105377348,105377348
5814,CISD2,493856
5815,SLC9B1,150159
5816,SLC9B2,133308
5817,BDH2,56898
5818,CENPE,1062
5819,LOC101929448,101929448
5820,TACR3,6870
5821,CXXC4,80319
5822,LOC101929468,101929468
5823,TET2,54790
5824,TET2-AS1,104384744
5825,PPA2,27068
5826,ARHGEF38,54848
5827,ARHGEF38-IT1,100874374
5828,INTS12,57117
5829,GSTCD,79807
5830,NPNT,255743
5831,LOC101929577,101929577
5832,TBCK,93627
5833,AIMP1,9255
5834,GIMD1,100507096
5835,DKK2,27123
5836,PAPSS1,9061
5837,SGMS2,166929
5838,LOC101929595,101929595
5839,CYP2U1,113612
5840,HADH,3033
5841,LEF1,51176
5842,LEF1-AS1,641518
5843,RPL34-AS1,285456
5844,RPL34,6164
5845,OSTC,58505
5846,ETNPPL,64850
5847,COL25A1,84570
5848,SEC24B-AS1,100533182
5849,SEC24B,10427
5850,CCDC109B,55013
5851,CASP6,839
5852,PLA2G12A,81579
5853,CFI,3426
5854,GAR1,54433
5855,RRH,10692
5856,LRIT3,345193
5857,EGF,1950
5858,ELOVL6,79071
5859,ENPEP,2028
5860,PITX2,5308
5861,C4orf32,132720
5862,AP1AR,55435
5863,TIFA,92610
5864,ALPK1,80216
5865,NEUROG2,63973
5866,ZGRF1,55345
5867,LARP7,51574
5868,ANK2,287
5869,CAMK2D,817
5870,ARSJ,79642
5871,UGT8,7368
5872,NDST4,64579
5873,TRAM1L1,133022
5874,LINC01378,103689918
5875,NDST3,9348
5876,SNHG8,100093630
5877,SNORA24,677809
5878,PRSS12,8492
5879,CEP170P1,645455
5880,LOC729218,729218
5881,LOC101929741,101929741
5882,METTL14,57721
5883,SEC24D,9871
5884,SYNPO2,171024
5885,MYOZ2,51778
5886,LOC101929762,101929762
5887,USP53,54532
5888,C4orf3,401152
5889,FABP2,2169
5890,LINC01061,401149
5891,LOC645513,645513
5892,PDE5A,8654
5893,LOC100996694,100996694
5894,MAD2L1,4085
5895,PRDM5,11107
5896,NDNF,79625
5897,TNIP3,79931
5898,QRFPR,84109
5899,ANXA5,308
5900,TMEM155,132332
5901,PP12613,100192379
5902,EXOSC9,5393
5903,CCNA2,890
5904,BBS7,55212
5905,TRPC3,7222
5906,KIAA1109,84162
5907,ADAD1,132612
5908,IL21,59067
5909,IL21-AS1,100996941
5910,CETN4P,729338
5911,BBS12,166379
5912,FGF2,2247
5913,NUDT6,11162
5914,SPATA5,166378
5915,SPRY1,10252
5916,LINC01091,285419
5917,LOC101927087,101927087
5918,ANKRD50,57182
5919,FAT4,79633
5920,INTU,27152
5921,SLC25A31,83447
5922,HSPA4L,22824
5923,PLK4,10733
5924,MFSD8,256471
5925,ABHD18,80167
5926,LARP1B,55132
5927,PGRMC2,10424
5928,LOC100507487,100507487
5929,JADE1,79960
5930,SCLT1,132320
5931,C4orf33,132321
5932,LOC101927282,101927282
5933,LOC101927305,101927305
5934,LOC101927359,101927359
5935,PCDH10,57575
5936,PABPC4L,132430
5937,PCDH18,54510
5938,LINC00616,641365
5939,SLC7A11-AS1,641364
5940,SLC7A11,23657
5941,LINC00499,100874047
5942,NOCT,25819
5943,ELF2,1998
5944,MGARP,84709
5945,NDUFC1,4717
5946,NAA15,80155
5947,RAB33B,83452
5948,SETD7,80854
5949,MGST2,4258
5950,MAML3,55534
5951,SCOC,60592
5952,SCOC-AS1,100129858
5953,CLGN,1047
5954,MGAT4D,152586
5955,ELMOD2,255520
5956,UCP1,7350
5957,TBC1D9,23158
5958,TNRC18P1,644962
5959,RNF150,57484
5960,ZNF330,27309
5961,LOC100507639,100507639
5962,IL15,3600
5963,INPP4B,8821
5964,USP38,84640
5965,GAB1,2549
5966,SMARCA5,8467
5967,SMARCA5-AS1,100128055
5968,GUSBP5,441046
5969,FREM3,166752
5970,GYPE,2996
5971,LOC101927636,101927636
5972,GYPB,2994
5973,GYPA,2993
5974,HHIP-AS1,646576
5975,HHIP,64399
5976,ANAPC10,10393
5977,ABCE1,6059
5978,OTUD4,54726
5979,SMAD1,4086
5980,SMAD1-AS2,101927659
5981,SMAD1-AS1,104326058
5982,MMAA,166785
5983,C4orf51,646603
5984,ZNF827,152485
5985,LINC01095,100505545
5986,LSM6,11157
5987,SLC10A7,84068
5988,POU4F2,5458
5989,TTC29,83894
5990,EDNRA,1909
5991,TMEM184C,55751
5992,PRMT9,90826
5993,ARHGAP10,79658
5994,NR3C2,4306
5995,LOC101927849,101927849
5996,DCLK2,166614
5997,LRBA,987
5998,MAB21L2,10586
5999,RPS3A,6189
6000,SH3D19,152503
6001,PRSS48,345062
6002,FAM160A1,729830
6003,GATB,5188
6004,LOC100996286,100996286
6005,FBXW7,55294
6006,DEAR,102191832
6007,DKFZP434I0714,54553
6008,TMEM154,201799
6009,TIGD4,201798
6010,ARFIP1,27236
6011,FHDC1,85462
6012,TRIM2,23321
6013,ANXA2P1,303
6014,MND1,84057
6015,KIAA0922,23240
6016,TLR2,7097
6017,RNF175,285533
6018,SFRP2,6423
6019,DCHS2,54798
6020,PLRG1,5356
6021,FGB,2244
6022,FGA,2243
6023,FGG,2266
6024,LRAT,9227
6025,RBM46,166863
6026,NPY2R,4887
6027,MAP9,79884
6028,LOC102724776,102724776
6029,GUCY1A3,2982
6030,GUCY1B3,2983
6031,ASIC5,51802
6032,TDO2,6999
6033,CTSO,1519
6034,PDGFC,56034
6035,GLRB,2743
6036,GRIA2,2891
6037,LOC340017,340017
6038,FAM198B,51313
6039,TMEM144,55314
6040,RXFP1,59350
6041,C4orf46,201725
6042,ETFDH,2110
6043,PPID,5481
6044,FNIP2,57600
6045,C4orf45,152940
6046,RAPGEF2,9693
6047,FSTL5,56884
6048,NAF1,92345
6049,NPY1R,4886
6050,NPY5R,4889
6051,TKTL2,84076
6052,TMA16,55319
6053,MARCH1,55016
6054,ANP32C,23520
6055,LINC01207,100505989
6056,APELA,100506013
6057,TRIM61,391712
6058,FAM218A,152756
6059,TRIM60,166655
6060,TMEM192,201931
6061,KLHL2,11275
6062,GK3P,2713
6063,MSMO1,6307
6064,CPE,1363
6065,LINC01179,101928151
6066,LOC101928131,101928131
6067,TLL1,7092
6068,SPOCK3,50859
6069,ANXA10,11199
6070,DDX60,55601
6071,DDX60L,91351
6072,PALLD,23022
6073,CBR4,84869
6074,SH3RF1,57630
6075,NEK1,4750
6076,CLCN3,1182
6077,C4orf27,54969
6078,LOC100506085,100506085
6079,AADAT,51166
6080,LOC101928223,101928223
6081,LOC100506122,100506122
6082,GALNTL6,442117
6083,LOC101928314,101928314
6084,GALNT7,51809
6085,HMGB2,3148
6086,SAP30,8819
6087,SCRG1,11341
6088,HAND2,9464
6089,LOC101928509,101928509
6090,FBXO8,26269
6091,CEP44,80817
6092,HPGD,3248
6093,GLRA3,8001
6094,LOC101928551,101928551
6095,ADAM29,11086
6096,GPM6A,2823
6097,LOC101928590,101928590
6098,WDR17,116966
6099,SPATA4,132851
6100,ASB5,140458
6101,SPCS3,60559
6102,VEGFC,7424
6103,NEIL3,55247
6104,AGA,175
6105,LINC01098,285501
6106,LINC01099,101928656
6107,LINC00290,728081
6108,LOC90768,90768
6109,TENM3,55714
6110,DCTD,1635
6111,FAM92A1P2,403315
6112,WWC2-AS2,152641
6113,WWC2,80014
6114,WWC2-AS1,101928734
6115,CLDN22,53842
6116,CLDN24,100132463
6117,CDKN2AIP,55602
6118,LOC389247,389247
6119,ING2,3622
6120,RWDD4,201965
6121,TRAPPC11,60684
6122,STOX2,56977
6123,ENPP6,133121
6124,LOC728175,728175
6125,LOC102723766,102723766
6126,IRF2,3660
6127,LVCAT8,105377586
6128,CASP3,836
6129,PRIMPOL,201973
6130,CENPU,79682
6131,ACSL1,2180
6132,SLED1,643036
6133,MIR3945HG,731424
6134,LINC01093,100506229
6135,HELT,391723
6136,SLC25A4,291
6137,CFAP97,57587
6138,SNX25,83891
6139,LRP2BP,55805
6140,ANKRD37,353322
6141,UFSP2,55325
6142,C4orf47,441054
6143,CCDC110,256309
6144,PDLIM3,27295
6145,SORBS2,8470
6146,TLR3,7098
6147,FAM149A,25854
6148,FLJ38576,651430
6149,CYP4V2,285440
6150,KLKB1,3818
6151,F11,2160
6152,F11-AS1,285441
6153,MTNR1A,4543
6154,FAT1,2195
6155,LOC339975,339975
6156,LOC100506272,100506272
6157,ZFP42,132625
6158,TRIML2,205860
6159,TRIML1,339976
6160,LINC01060,401164
6161,LINC01262,101928971
6162,FRG1,2483
6163,FRG2,448831
6164,LOC100419743,100419743
6165,PLEKHG4B,153478
6166,LRRC14B,389257
6167,CCDC127,133957
6168,SDHA,6389
6169,HRAT5,102467073
6170,PDCD6,10016
6171,AHRR,57491
6172,EXOC3-AS1,116349
6173,EXOC3,11336
6174,PP7080,25845
6175,SLC9A3,6550
6176,LOC100288152,100288152
6177,LOC100996325,100996325
6178,CEP72,55722
6179,TPPP,11076
6180,ZDHHC11,79844
6181,BRD9,65980
6182,TRIP13,9319
6183,LOC100506688,100506688
6184,NKD2,85409
6185,SLC12A7,10723
6186,CTD-3080P12.3,101928857
6187,SLC6A19,340024
6188,SLC6A18,348932
6189,TERT,7015
6190,CLPTM1L,81037
6191,LOC100506791,100506791
6192,SLC6A3,6531
6193,LPCAT1,79888
6194,SDHAP3,728609
6195,LOC728613,728613
6196,MRPL36,64979
6197,NDUFS6,4726
6198,LOC101929034,101929034
6199,IRX4,50805
6200,CTD-2194D22.4,101929081
6201,IRX2,153572
6202,C5orf38,153571
6203,LINC01377,102467074
6204,LINC01019,285577
6205,LINC01017,102467075
6206,IRX1,79192
6207,LOC101929153,101929153
6208,LINC01020,340094
6209,CTD-2297D10.2,101929176
6210,ADAMTS16,170690
6211,ICE1,23379
6212,FLJ33360,401172
6213,MED10,84246
6214,UBE2QL1,134111
6215,LINC01018,255167
6216,NSUN2,54888
6217,SRD5A1,6715
6218,LOC100505625,100505625
6219,PAPD7,11044
6220,LOC442132,442132
6221,ADCY2,108
6222,C5orf49,134121
6223,FASTKD3,79072
6224,MTRR,4552
6225,LOC729506,729506
6226,MIR4458HG,100505738
6227,LOC101929284,101929284
6228,SEMA5A,9037
6229,CTD-2201E9.1,101929338
6230,SNHG18,100505806
6231,TAS2R1,50834
6232,LOC285692,285692
6233,FAM173B,134145
6234,CCT5,22948
6235,CMBL,134147
6236,MARCH6,10299
6237,ROPN1L-AS1,100505845
6238,ROPN1L,83853
6239,LOC101929412,101929412
6240,ANKRD33B,651746
6241,DAP,1611
6242,CTNND2,1501
6243,LINC01194,404663
6244,DNAH5,1767
6245,TRIO,7204
6246,FAM105A,54491
6247,OTULIN,90268
6248,ANKH,56172
6249,LOC100130744,100130744
6250,LOC101929454,101929454
6251,FBXL7,23194
6252,MARCH11,441061
6253,LOC101929505,101929505
6254,ZNF622,90441
6255,FAM134B,54463
6256,LOC101929524,101929524
6257,MYO10,4651
6258,LOC285696,285696
6259,BASP1,10409
6260,LOC401177,401177
6261,CDH18,1016
6262,GUSBP1,728411
6263,CDH12,1010
6264,PMCHL1,5369
6265,PRDM9,56979
6266,C5orf17,439936
6267,CDH10,1008
6268,LOC340107,340107
6269,CDH9,1007
6270,LINC01021,643401
6271,LSP1P3,729862
6272,LOC101929645,101929645
6273,LOC101929660,101929660
6274,CDH6,1004
6275,DROSHA,29102
6276,C5orf22,55322
6277,PDZD2,23037
6278,GOLPH3,64083
6279,MTMR12,54545
6280,ZFR,51663
6281,SUB1,10923
6282,NPR3,4883
6283,LOC340113,340113
6284,TARS,6897
6285,ADAMTS12,81792
6286,RXFP3,51289
6287,SLC45A2,51151
6288,AMACR,23600
6289,C1QTNF3-AMACR,100534612
6290,C1QTNF3,114899
6291,RAI14,26064
6292,TTC23L,153657
6293,RAD1,5810
6294,BRIX1,55299
6295,DNAJC21,134218
6296,AGXT2,64902
6297,PRLR,5618
6298,SPEF2,79925
6299,IL7R,3575
6300,CAPSL,133690
6301,UGT3A1,133688
6302,UGT3A2,167127
6303,LMBRD2,92255
6304,SKP2,6502
6305,NADK2,133686
6306,RANBP3L,202151
6307,SLC1A3,6507
6308,NIPBL-AS1,646719
6309,NIPBL,25836
6310,C5orf42,65250
6311,NUP155,9631
6312,WDR70,55100
6313,GDNF,2668
6314,GDNF-AS1,100861519
6315,EGFLAM,133584
6316,EGFLAM-AS4,100852408
6317,EGFLAM-AS2,100506475
6318,LIFR,3977
6319,LIFR-AS1,100506495
6320,OSMR-AS1,101929768
6321,LINC01265,101926904
6322,OSMR,9180
6323,RICTOR,253260
6324,FYB,2533
6325,C9,735
6326,DAB2,1601
6327,LOC101926940,101926940
6328,LINC00603,102467077
6329,PTGER4,5734
6330,TTC33,23548
6331,PRKAA1,5562
6332,LOC100506548,100506548
6333,RPL37,6167
6334,CARD6,84674
6335,C7,730
6336,MROH2B,133558
6337,C6,729
6338,PLCXD3,345557
6339,OXCT1,5019
6340,OXCT1-AS1,100874002
6341,C5orf51,285636
6342,FBXO4,26272
6343,LOC101926960,101926960
6344,GHR,2690
6345,CCDC152,100129792
6346,SEPP1,6414
6347,FLJ32255,643977
6348,LOC648987,648987
6349,ANXA2R,389289
6350,LOC153684,153684
6351,LOC100132356,100132356
6352,LOC100506639,100506639
6353,ZNF131,7690
6354,NIM1K,167359
6355,HMGCS1,3157
6356,CCL28,56477
6357,C5orf28,64417
6358,C5orf34,375444
6359,PAIP1,10605
6360,NNT-AS1,100652772
6361,NNT,23530
6362,FGF10,2255
6363,FGF10-AS1,101927075
6364,BRCAT107,102723839
6365,LOC100506674,100506674
6366,MRPS30,10884
6367,HCN1,348980
6368,EMB,133418
6369,PARP8,79668
6370,LOC100287592,100287592
6371,LOC642366,642366
6372,ISL1,3670
6373,PELO,53918
6374,ITGA1,3672
6375,ITGA2,3673
6376,MOCS2,4338
6377,LOC257396,257396
6378,FST,10468
6379,NDUFS4,4724
6380,ARL15,54622
6381,LINC01033,104355136
6382,HSPB3,8988
6383,SNX18,112574
6384,LOC102467080,102467080
6385,ESM1,11082
6386,LOC102467081,102467081
6387,GZMK,3003
6388,GZMA,3001
6389,CDC20B,166979
6390,GPX8,493869
6391,MCIDAS,345643
6392,CCNO,10309
6393,DHX29,54505
6394,SKIV2L2,23517
6395,PLPP1,8611
6396,RNF138P1,379013
6397,SLC38A9,153129
6398,DDX4,54514
6399,IL31RA,133396
6400,IL6ST,3572
6401,FLJ31104,441072
6402,ANKRD55,79722
6403,LOC102467147,102467147
6404,C5orf67,101928448
6405,MAP3K1,4214
6406,SETD9,133383
6407,MIER3,166968
6408,GPBP1,65056
6409,ACTBL2,345651
6410,LOC100996645,100996645
6411,LOC101928505,101928505
6412,LOC101928539,101928539
6413,LOC101928569,101928569
6414,PLK2,10769
6415,GAPT,202309
6416,LOC101928600,101928600
6417,RAB3C,115827
6418,PDE4D,5144
6419,PART1,25859
6420,DEPDC1B,55789
6421,ELOVL7,79993
6422,ERCC8,1161
6423,NDUFAF2,91942
6424,SMIM15,643155
6425,CTC-436P18.1,101928630
6426,ZSWIM6,57688
6427,C5orf64,285668
6428,LOC101928651,101928651
6429,LOC100506526,100506526
6430,KIF2A,3796
6431,DIMT1,27292
6432,IPO11,51194
6433,LRRC70,100130733
6434,IPO11-LRRC70,101180901
6435,HTR1A,3350
6436,RNF180,285671
6437,RGS7BP,401190
6438,FAM159B,100132916
6439,SREK1IP1,285672
6440,CWC27,10283
6441,ADAMTS6,11174
6442,CENPK,64105
6443,PPWD1,23398
6444,TRIM23,373
6445,TRAPPC13,80006
6446,SGTB,54557
6447,NLN,57486
6448,ERBB2IP,55914
6449,LOC100303749,100303749
6450,SREK1,140890
6451,MAST4,375449
6452,CD180,4064
6453,LOC101928858,101928858
6454,PIK3R1,5295
6455,LOC101928885,101928885
6456,SLC30A5,64924
6457,CCNB1,891
6458,CENPH,64946
6459,MRPS36,92259
6460,CDK7,1022
6461,CCDC125,202243
6462,AK6,102157402
6463,TAF9,6880
6464,RAD17,5884
6465,MARVELD2,153562
6466,OCLN,100506658
6467,GTF2H2C,728340
6468,GTF2H2D,730394
6469,LOC100272216,100272216
6470,GUSBP3,653188
6471,SERF1B,728492
6472,SMN2,6607
6473,SMA4,11039
6474,GTF2H2B,653238
6475,SMA5,11042
6476,LOC441081,441081
6477,SERF1A,8293
6478,SMN1,6606
6479,NAIP,4671
6480,GTF2H2,2966
6481,LOC647859,647859
6482,GUSBP9,100049076
6483,PMCHL2,5370
6484,BDP1,55814
6485,MCCC2,64087
6486,CARTPT,9607
6487,MAP1B,4131
6488,MRPS27,23107
6489,PTCD2,79810
6490,ZNF366,167465
6491,LOC102477328,102477328
6492,TNPO1,3842
6493,FCHO2,115548
6494,TMEM171,134285
6495,TMEM174,134288
6496,FOXD1,2297
6497,BTF3,689
6498,ANKRA2,57763
6499,UTP15,84135
6500,ARHGEF28,64283
6501,LINC01333,101929082
6502,LINC01331,104310351
6503,ENC1,8507
6504,HEXB,3074
6505,GFM2,84340
6506,NSA2,10412
6507,FAM169A,26049
6508,GCNT4,51301
6509,LINC01336,104326191
6510,ANKRD31,256006
6511,HMGCR,3156
6512,COL4A3BP,10087
6513,POLK,51426
6514,ANKDD1B,728780
6515,POC5,134359
6516,SV2C,22987
6517,IQGAP2,10788
6518,F2RL2,2151
6519,NCRUPAR,100302746
6520,F2R,2149
6521,F2RL1,2150
6522,S100Z,170591
6523,CRHBP,1393
6524,AGGF1,55109
6525,ZBED3,84327
6526,SNORA47,677828
6527,ZBED3-AS1,728723
6528,PDE8B,8622
6529,WDR41,55255
6530,OTP,23440
6531,TBCA,6902
6532,LOC101929154,101929154
6533,AP3B1,8546
6534,LOC728769,728769
6535,SCAMP1,9522
6536,LHFPL2,10184
6537,ARSB,411
6538,DMGDH,29958
6539,BHMT2,23743
6540,BHMT,635
6541,JMY,133746
6542,HOMER1,9456
6543,PAPD4,167153
6544,CMYA5,202333
6545,LINC01455,105616916
6546,MTX3,345778
6547,THBS4,7060
6548,CTD-2201I18.1,101929215
6549,SERINC5,256987
6550,LOC644936,644936
6551,SPZ1,84654
6552,CRSP8P,441089
6553,ZFYVE16,9765
6554,FAM151B,167555
6555,ANKRD34B,340120
6556,LINC01337,103689917
6557,DHFR,1719
6558,MTRNR2L2,100462981
6559,MSH3,4437
6560,RASGRF2-AS1,102524628
6561,RASGRF2,5924
6562,CKMT2,1160
6563,CKMT2-AS1,100131067
6564,ZCCHC9,84240
6565,ACOT12,134526
6566,SSBP2,23635
6567,ATG10,83734
6568,RPS23,6228
6569,ATP6AP1L,92270
6570,LINC01338,102546175
6571,TMEM167A,153339
6572,SCARNA18,677765
6573,XRCC4,7518
6574,VCAN,1462
6575,HAPLN1,1404
6576,EDIL3,10085
6577,NBPF22P,285622
6578,COX7C,1350
6579,LOC100505878,100505878
6580,LOC101929380,101929380
6581,FLJ11292,55338
6582,RASA1,5921
6583,LOC644285,644285
6584,CCNH,902
6585,TMEM161B,153396
6586,TMEM161B-AS1,100505894
6587,LOC102546226,102546226
6588,LINC00461,645323
6589,MEF2C,4208
6590,MEF2C-AS1,101929423
6591,CETN3,1070
6592,LOC731157,731157
6593,MBLAC2,153364
6594,POLR3G,10622
6595,LYSMD3,116068
6596,ADGRV1,84059
6597,LUCAT1,100505994
6598,ARRDC3,57561
6599,ARRDC3-AS1,100129716
6600,NR2F1-AS1,441094
6601,NR2F1,7025
6602,FAM172A,83989
6603,POU5F2,134187
6604,KIAA0825,285600
6605,SLF1,84250
6606,MCTP1,79772
6607,FAM81B,153643
6608,TTC37,9652
6609,ARSK,153642
6610,GPR150,285601
6611,RFESD,317671
6612,SPATA9,83890
6613,RHOBTB3,22836
6614,GLRX,2745
6615,LINC01554,202299
6616,ELL2,22936
6617,LOC101929710,101929710
6618,PCSK1,5122
6619,CAST,831
6620,ERAP1,51752
6621,ERAP2,64167
6622,LNPEP,4012
6623,LIX1,167410
6624,RIOK2,55781
6625,LINC01340,102546227
6626,RGMB,285704
6627,RGMB-AS1,503569
6628,CHD1,1105
6629,LOC100289230,100289230
6630,CTD-2151A2.1,102724855
6631,LOC100133050,100133050
6632,FAM174A,345757
6633,ST8SIA4,7903
6634,SLCO4C1,353189
6635,SLCO6A1,133482
6636,LINC00492,100861468
6637,LINC00491,285708
6638,PAM,5066
6639,GIN1,54826
6640,PPIP5K2,23262
6641,C5orf30,90355
6642,LOC102467212,102467212
6643,NUDT12,83594
6644,RAB9BP1,9366
6645,LOC102467213,102467213
6646,EFNA5,1946
6647,FBXL17,64839
6648,LINC01023,100652853
6649,FER,2241
6650,PJA2,9867
6651,MAN2A1,4124
6652,LOC100289673,100289673
6653,TMEM232,642987
6654,SLC25A46,91137
6655,TSLP,85480
6656,WDR36,134430
6657,CAMK4,814
6658,STARD4,134429
6659,STARD4-AS1,100505678
6660,NREP,9315
6661,NREP-AS1,100873948
6662,EPB41L4A-AS1,114915
6663,SNORA13,654322
6664,EPB41L4A,64097
6665,LOC101927023,101927023
6666,EPB41L4A-AS2,54508
6667,APC,324
6668,SRP19,6728
6669,REEP5,7905
6670,DCP2,167227
6671,MCC,4163
6672,TSSK1B,83942
6673,YTHDC2,64848
6674,KCNN2,3781
6675,LOC101927078,101927078
6676,TRIM36,55521
6677,PGGT1B,5229
6678,CCDC112,153733
6679,FEM1C,56929
6680,TICAM2,353376
6681,TMED7-TICAM2,100302736
6682,LOC101927100,101927100
6683,TMED7,51014
6684,LOC102467217,102467217
6685,CDO1,1036
6686,ATG12,9140
6687,AP3S1,1176
6688,LVRN,206338
6689,ARL14EPL,644100
6690,COMMD10,51397
6691,LOC101927190,101927190
6692,SEMA6A,57556
6693,SEMA6A-AS1,101927233
6694,LINC00992,728342
6695,LOC102467224,102467224
6696,LOC100505811,100505811
6697,HRAT56,101927280
6698,LOC102467225,102467225
6699,DTWD2,285605
6700,DMXL1,1657
6701,TNFAIP8,25816
6702,HSD17B4,3295
6703,FAM170A,340069
6704,PRR16,51334
6705,LOC102467226,102467226
6706,FTMT,94033
6707,SRFBP1,153443
6708,LOX,4015
6709,ZNF474,133923
6710,LOC100505841,100505841
6711,SNCAIP,9627
6712,MGC32805,153163
6713,LOC101927379,101927379
6714,SNX2,6643
6715,SNX24,28966
6716,PPIC,5480
6717,PRDM6,93166
6718,CEP120,153241
6719,CSNK1G3,1456
6720,LINC01170,103724389
6721,ZNF608,57507
6722,LOC101927421,101927421
6723,LOC101927460,101927460
6724,LOC101927488,101927488
6725,GRAMD3,65983
6726,ALDH7A1,501
6727,PHAX,51808
6728,TEX43,389320
6729,LMNB1,4001
6730,MARCH3,115123
6731,C5orf63,401207
6732,MEGF10,84466
6733,PRRC1,133619
6734,CTXN3,613212
6735,LINC01184,644873
6736,SLC12A2,6558
6737,FBN2,2201
6738,SLC27A6,28965
6739,ISOC1,51015
6740,ADAMTS19-AS1,103689846
6741,ADAMTS19,171019
6742,KIAA1024L,100127206
6743,CHSY3,337876
6744,HINT1,3094
6745,LYRM7,90624
6746,CDC42SE2,56990
6747,RAPGEF6,51735
6748,FNIP1,96459
6749,MEIKIN,728637
6750,ACSL6,23305
6751,IL3,3562
6752,CSF2,1437
6753,P4HA2-AS1,100861518
6754,P4HA2,8974
6755,PDLIM4,8572
6756,SLC22A4,6583
6757,LOC553103,553103
6758,SLC22A5,6584
6759,C5orf56,441108
6760,IRF1,3659
6761,IL5,3567
6762,RAD50,10111
6763,TH2LCRR,101927761
6764,IL13,3596
6765,IL4,3565
6766,KIF3A,11127
6767,CCNI2,645121
6768,SEPT8,23176
6769,SOWAHA,134548
6770,SHROOM1,134549
6771,GDF9,2661
6772,UQCRQ,27089
6773,LEAP2,116842
6774,AFF4,27125
6775,ZCCHC10,54819
6776,HSPA4,3308
6777,FSTL4,23105
6778,WSPAR,105664404
6779,C5orf15,56951
6780,VDAC1,7416
6781,TCF7,6932
6782,SKP1,6500
6783,PPP2CA,5515
6784,CDKL3,51265
6785,UBE2B,7320
6786,CDKN2AIPNL,91368
6787,LOC102546229,102546229
6788,LOC101927934,101927934
6789,JADE2,23338
6790,SAR1B,51128
6791,SEC24A,10802
6792,CAMLG,819
6793,DDX46,9879
6794,C5orf24,134553
6795,TXNDC15,79770
6796,PCBD2,84105
6797,CATSPER3,347732
6798,PITX1,5307
6799,C5orf66,100996485
6800,C5orf66-AS1,101927953
6801,C5orf66-AS2,340073
6802,H2AFY,9555
6803,DCANP1,140947
6804,TIFAB,497189
6805,NEUROG1,4762
6806,CXCL14,9547
6807,LOC340074,340074
6808,SLC25A48,153328
6809,FBXL21,26223
6810,LECT2,3950
6811,TGFBI,7045
6812,SMAD5-AS1,9597
6813,SMAD5,4090
6814,LOC389332,389332
6815,TRPC7,57113
6816,SPOCK1,6695
6817,KLHL3,26249
6818,HNRNPA0,10949
6819,NPY6R,4888
6820,MYOT,9499
6821,PKD2L2,27039
6822,FAM13B,51306
6823,WNT8A,7478
6824,NME5,8382
6825,BRD8,10902
6826,KIF20A,10112
6827,CDC23,8697
6828,GFRA3,2676
6829,CDC25C,995
6830,FAM53C,51307
6831,KDM3B,51780
6832,REEP2,51308
6833,EGR1,1958
6834,ETF1,2107
6835,HSPA9,3313
6836,CTNNA1,1495
6837,LRRTM2,26045
6838,SIL1,64374
6839,SNHG4,724102
6840,MATR3,9782
6841,SNORA74A,26821
6842,PAIP2,51247
6843,SLC23A1,9963
6844,MZB1,51237
6845,PROB1,389333
6846,SPATA24,202051
6847,DNAJC18,202052
6848,ECSCR,641700
6849,TMEM173,340061
6850,UBE2D2,7322
6851,CXXC5,51523
6852,LOC101929696,101929696
6853,PSD2,84249
6854,NRG2,9542
6855,LINC01024,100505636
6856,PURA,5813
6857,IGIP,492311
6858,LOC101929719,101929719
6859,CYSTM1,84418
6860,PFDN1,5201
6861,HBEGF,1839
6862,SLC4A9,83697
6863,ANKHD1,54882
6864,ANKHD1-EIF4EBP3,404734
6865,EIF4EBP3,8637
6866,SRA1,10011
6867,APBB3,10307
6868,SLC35A4,113829
6869,CD14,929
6870,TMCO6,55374
6871,NDUFA2,4695
6872,IK,3550
6873,WDR55,54853
6874,DND1,373863
6875,HARS,3035
6876,HARS2,23438
6877,ZMAT2,153527
6878,PCDHA1,56147
6879,PCDHA2,56146
6880,PCDHA3,56145
6881,PCDHA4,56144
6882,PCDHA5,56143
6883,PCDHA6,56142
6884,PCDHA7,56141
6885,PCDHA8,56140
6886,PCDHA9,9752
6887,PCDHA10,56139
6888,PCDHA11,56138
6889,PCDHA12,56137
6890,PCDHA13,56136
6891,PCDHAC1,56135
6892,PCDHAC2,56134
6893,LOC101926905,101926905
6894,PCDHB1,29930
6895,PCDHB2,56133
6896,PCDHB3,56132
6897,PCDHB4,56131
6898,PCDHB5,26167
6899,PCDHB6,56130
6900,PCDHB17P,54661
6901,PCDHB7,56129
6902,PCDHB8,56128
6903,PCDHB16,57717
6904,PCDHB9,56127
6905,PCDHB10,56126
6906,PCDHB11,56125
6907,PCDHB12,56124
6908,PCDHB13,56123
6909,PCDHB14,56122
6910,PCDHB18P,54660
6911,PCDHB19P,84054
6912,PCDHB15,56121
6913,SLC25A2,83884
6914,TAF7,6879
6915,PCDHGA1,56114
6916,PCDHGA2,56113
6917,PCDHGA3,56112
6918,PCDHGB1,56104
6919,PCDHGA4,56111
6920,PCDHGB2,56103
6921,PCDHGA5,56110
6922,PCDHGB3,56102
6923,PCDHGA6,56109
6924,PCDHGA7,56108
6925,PCDHGB4,8641
6926,PCDHGA8,9708
6927,PCDHGB5,56101
6928,PCDHGA9,56107
6929,PCDHGB6,56100
6930,PCDHGA10,56106
6931,PCDHGB7,56099
6932,PCDHGA11,56105
6933,PCDHGB8P,56120
6934,PCDHGA12,26025
6935,PCDHGC3,5098
6936,PCDHGC4,56098
6937,PCDHGC5,56097
6938,DIAPH1,1729
6939,LOC100505658,100505658
6940,HDAC3,8841
6941,RELL2,285613
6942,FCHSD1,89848
6943,ARAP3,64411
6944,PCDH1,5097
6945,LOC729080,729080
6946,KIAA0141,9812
6947,PCDH12,51294
6948,RNF14,9604
6949,GNPDA1,10007
6950,NDFIP1,80762
6951,SPRY4,81848
6952,SPRY4-IT1,100642175
6953,LOC101926941,101926941
6954,FGF1,2246
6955,ARHGAP26,23092
6956,ARHGAP26-AS1,100874239
6957,ARHGAP26-IT1,100874372
6958,NR3C1,2908
6959,HMHB1,57824
6960,YIPF5,81555
6961,KCTD16,57528
6962,PRELID2,153768
6963,GRXCR2,643226
6964,SH3RF2,153769
6965,PLAC8L1,153770
6966,LARS,51520
6967,RBM27,54439
6968,POU4F3,5459
6969,TCERG1,10915
6970,GPR151,134391
6971,PPP2R2B,5521
6972,STK32A,202374
6973,DPYSL3,1809
6974,JAKMIP2-AS1,153469
6975,JAKMIP2,9832
6976,SPINK1,6690
6977,SCGB3A2,117156
6978,C5orf46,389336
6979,SPINK5,11005
6980,SPINK14,408187
6981,SPINK6,404203
6982,LOC102546294,102546294
6983,SPINK13,153218
6984,SPINK7,84651
6985,SPINK9,643394
6986,FBXO38,81545
6987,HTR4,3360
6988,ADRB2,154
6989,SH3TC2,79628
6990,LOC255187,255187
6991,ABLIM3,22885
6992,AFAP1L1,134265
6993,GRPEL2,134266
6994,PCYOX1L,78991
6995,IL17B,27190
6996,CARMN,728264
6997,CSNK1A1,1452
6998,ARHGEF37,389337
6999,PPARGC1B,133522
7000,PDE6A,5145
7001,LOC644762,644762
7002,SLC26A2,1836
7003,TIGD6,81789
7004,HMGXB3,22993
7005,CSF1R,1436
7006,PDGFRB,5159
7007,CDX1,1044
7008,SLC6A7,6534
7009,CAMK2A,815
7010,ARSI,340075
7011,TCOF1,6949
7012,CD74,972
7013,RPS14,6208
7014,NDST1,3340
7015,SYNPO,11346
7016,MYOZ3,91977
7017,RBM22,55696
7018,DCTN4,51164
7019,SMIM3,85027
7020,IRGM,345611
7021,ZNF300,91975
7022,ZNF300P1,134466
7023,GPX3,2878
7024,TNIP1,10318
7025,ANXA6,309
7026,CCDC69,26112
7027,GM2A,2760
7028,SLC36A3,285641
7029,SLC36A2,153201
7030,SLC36A1,206358
7031,FAT2,2196
7032,SPARC,6678
7033,CTB-113P19.1,101927096
7034,ATOX1,475
7035,LOC100652758,100652758
7036,G3BP1,10146
7037,GLRA1,2741
7038,CTB-12O2.1,101927115
7039,NMUR2,56923
7040,LINC01470,101927134
7041,GRIA1,2890
7042,FAM114A2,10827
7043,MFAP3,4238
7044,GALNT10,55568
7045,MIR1294,100302181
7046,SAP30L-AS1,386627
7047,SAP30L,79685
7048,HAND1,9421
7049,LARP1,23367
7050,FAXDC2,10826
7051,CNOT8,9337
7052,GEMIN5,25929
7053,MRPL22,29093
7054,KIF4B,285643
7055,SGCD,6444
7056,PPP1R2P3,153743
7057,TIMD4,91937
7058,HAVCR1,26762
7059,HAVCR2,84868
7060,MED7,9443
7061,FAM71B,153745
7062,ITK,3702
7063,CYFIP2,26999
7064,FNDC9,408263
7065,NIPAL4,348938
7066,ADAM19,8728
7067,SOX30,11063
7068,C5orf52,100190949
7069,THG1L,54974
7070,LSM11,134353
7071,CLINT1,9685
7072,LOC101927697,101927697
7073,EBF1,1879
7074,LOC101927740,101927740
7075,RNF145,153830
7076,UBLCP1,134510
7077,IL12B,3593
7078,LOC285626,285626
7079,LOC285627,285627
7080,LOC101927766,101927766
7081,ADRA1B,147
7082,TTC1,7265
7083,PWWP2A,114825
7084,FABP6,2172
7085,CCNJL,79616
7086,C1QTNF2,114898
7087,ZBED8,63920
7088,SLU7,10569
7089,PTTG1,9232
7090,ATP10B,23120
7091,LOC285629,285629
7092,GABRB2,2561
7093,GABRA6,2559
7094,GABRA1,2554
7095,LINC01202,104326188
7096,GABRG2,2566
7097,CCNG1,900
7098,NUDCD2,134492
7099,HMMR,3161
7100,HMMR-AS1,101927813
7101,MAT2B,27430
7102,LOC101927835,101927835
7103,CTB-7E3.1,102557615
7104,TENM2,57451
7105,CTB-178M22.2,101927862
7106,WWC1,23286
7107,RARS,5917
7108,FBLL1,345630
7109,PANK3,79646
7110,SLIT3,6586
7111,LOC101927969,101927969
7112,LOC728095,728095
7113,SPDL1,54908
7114,DOCK2,1794
7115,FAM196B,100131897
7116,FOXI1,2299
7117,LOC100507267,100507267
7118,C5orf58,133874
7119,LCP2,3937
7120,LINC01366,257358
7121,KCNIP1,30820
7122,KCNMB1,3779
7123,CTD-2270F17.1,101928033
7124,GABRP,2568
7125,RANBP17,64901
7126,TLX3,30012
7127,NPM1,4869
7128,FGF18,8817
7129,C5orf50,644994
7130,FBXW11,23291
7131,STK10,6793
7132,EFCAB9,285588
7133,UBTD2,92181
7134,FLJ40453,100288254
7135,SH3PXD2B,285590
7136,NEURL1B,54492
7137,LOC101928093,101928093
7138,DUSP1,1843
7139,ERGIC1,57222
7140,LOC100268168,100268168
7141,RPL26L1,51121
7142,ATP6V0E1,8992
7143,SNORA74B,677841
7144,CREBRF,153222
7145,BNIP1,662
7146,NKX2-5,1482
7147,STC2,8614
7148,LOC285593,285593
7149,BOD1,91272
7150,LINC01484,101928136
7151,LINC01485,101928154
7152,CPEB4,80315
7153,C5orf47,133491
7154,HMP19,51617
7155,LINC01411,101928176
7156,MSX2,4488
7157,FLJ16171,441116
7158,DRD1,1812
7159,SFXN1,94081
7160,HRH2,3274
7161,CPLX2,10814
7162,THOC3,84321
7163,LOC100996385,100996385
7164,FAM153B,202134
7165,LOC100507387,100507387
7166,LOC643201,643201
7167,SIMC1,375484
7168,KIAA1191,57179
7169,ARL10,285598
7170,NOP16,51491
7171,HIGD2A,192286
7172,CLTB,1212
7173,FAF2,23197
7174,RNF44,22838
7175,CDHR2,54825
7176,GPRIN1,114787
7177,SNCB,6620
7178,EIF4E1B,253314
7179,TSPAN17,26262
7180,LINC01574,102577424
7181,UNC5A,90249
7182,HK3,3101
7183,UIMC1,51720
7184,ZNF346,23567
7185,FGFR4,2264
7186,NSD1,64324
7187,RAB24,53917
7188,PRELID1,27166
7189,MXD3,83463
7190,LMAN2,10960
7191,RGS14,10636
7192,SLC34A1,6569
7193,PFN3,345456
7194,F12,2161
7195,GRK6,2870
7196,PRR7-AS1,340037
7197,PRR7,80758
7198,DBN1,1627
7199,PDLIM7,9260
7200,DOK3,79930
7201,DDX41,51428
7202,FAM193B,54540
7203,TMED9,54732
7204,B4GALT7,11285
7205,LOC202181,202181
7206,FAM153A,285596
7207,LOC728554,728554
7208,PROP1,5626
7209,FAM153C,653316
7210,N4BP3,23138
7211,RMND5B,64777
7212,NHP2,55651
7213,GMCL1P1,64396
7214,HNRNPAB,3182
7215,PHYKPL,85007
7216,COL23A1,91522
7217,CLK4,57396
7218,ZNF354A,6940
7219,AACSP1,729522
7220,ZNF354B,117608
7221,ZFP2,80108
7222,ZNF454,285676
7223,GRM6,2916
7224,ZNF879,345462
7225,ZNF354C,30832
7226,ADAMTS2,9509
7227,RUFY1,80230
7228,LOC101928445,101928445
7229,HNRNPH1,3187
7230,C5orf60,285679
7231,CBY3,646019
7232,CANX,821
7233,MAML1,9794
7234,LTC4S,4056
7235,MGAT4B,11282
7236,SQSTM1,8878
7237,C5orf45,51149
7238,TBC1D9B,23061
7239,RNF130,55819
7240,RASGEF1C,255426
7241,MAPK9,5601
7242,GFPT2,9945
7243,CNOT6,57472
7244,SCGB3A1,92304
7245,FLT4,2324
7246,OR2Y1,134083
7247,MGAT1,4245
7248,HEIH,100859930
7249,LINC00847,729678
7250,ZFP62,643836
7251,BTNL8,79908
7252,BTNL3,10917
7253,BTNL9,153579
7254,OR2V1,26693
7255,OR2V2,285659
7256,LOC102577426,102577426
7257,TRIM7,81786
7258,TRIM41,90933
7259,GNB2L1,10399
7260,CTC-338M12.4,101928649
7261,TRIM52,84851
7262,TRIM52-AS1,100507602
7263,LOC100132287,100132287
7264,LINC00266-3,441123
7265,LOC285766,285766
7266,DUSP22,56940
7267,IRF4,3662
7268,EXOC2,55770
7269,HUS1B,135458
7270,LOC101927691,101927691
7271,LINC01622,285768
7272,FOXQ1,94234
7273,FOXF2,2295
7274,FOXCUT,101927703
7275,FOXC1,2296
7276,GMDS,2762
7277,GMDS-AS1,100508120
7278,LINC01600,154386
7279,MYLK4,340156
7280,WRNIP1,56897
7281,SERPINB1,1992
7282,SERPINB9P1,221756
7283,LOC101927730,101927730
7284,SERPINB9,5272
7285,SERPINB6,5269
7286,LINC01011,401232
7287,NQO2,4835
7288,HTATSF1P2,401233
7289,RIPK1,8737
7290,BPHL,670
7291,TUBB2A,7280
7292,LOC100507194,100507194
7293,TUBB2B,347733
7294,PSMG4,389362
7295,SLC22A23,63027
7296,PXDC1,221749
7297,FAM50B,26240
7298,HLA-DRB3,3125
7299,PRPF4B,8899
7300,FAM217A,222826
7301,C6orf201,404220
7302,ECI2,10455
7303,LOC100507506,100507506
7304,LOC102724096,102724096
7305,KU-MEL-3,497048
7306,CDYL,9425
7307,RPP40,10799
7308,LOC100129461,100129461
7309,PPP1R3G,648791
7310,LYRM4,57128
7311,FARS2,10667
7312,LOC101927972,101927972
7313,LOC101927950,101927950
7314,NRN1,51299
7315,F13A1,2162
7316,LY86-AS1,285780
7317,LY86,9450
7318,RREB1,6239
7319,SSR1,6745
7320,CAGE1,285782
7321,RIOK1,83732
7322,DSP,1832
7323,SNRNP48,154007
7324,BMP6,654
7325,TXNDC5,81567
7326,BLOC1S5-TXNDC5,100526836
7327,PIP5K1P1,206426
7328,BLOC1S5,63915
7329,EEF1E1-BLOC1S5,100526837
7330,EEF1E1,9521
7331,SCARNA27,100124533
7332,SLC35B3,51000
7333,LOC100506207,100506207
7334,HULC,728655
7335,TFAP2A,7020
7336,TFAP2A-AS1,100130275
7337,LINC00518,221718
7338,GCNT2,2651
7339,C6orf52,347744
7340,PAK1IP1,55003
7341,TMEM14C,51522
7342,TMEM14B,81853
7343,MAK,4117
7344,GCM2,9247
7345,SYCP2L,221711
7346,LOC101928191,101928191
7347,ELOVL2,54898
7348,ELOVL2-AS1,100506409
7349,SMIM13,221710
7350,ERVFRD-1,405754
7351,NEDD9,4739
7352,TMEM170B,100113407
7353,ADTRP,84830
7354,LOC101928253,101928253
7355,HIVEP1,3096
7356,EDN1,1906
7357,PHACTR1,221692
7358,LOC100130357,100130357
7359,TBC1D7,51256
7360,GFOD1,54438
7361,SIRT5,23408
7362,NOL7,51406
7363,RANBP9,10048
7364,MCUR1,63933
7365,RNF182,221687
7366,CD83,9308
7367,LINC01108,102216342
7368,JARID2,3720
7369,JARID2-AS1,100506681
7370,DTNBP1,84062
7371,MYLIP,29116
7372,GMPR,2766
7373,ATXN1,6310
7374,STMND1,401236
7375,RBM24,221662
7376,CAP2,10486
7377,LOC101928491,101928491
7378,FAM8A1,51439
7379,NUP153,9972
7380,KIF13A,63971
7381,NHLRC1,378884
7382,TPMT,7172
7383,KDM1B,221656
7384,DEK,7913
7385,RNF144B,255488
7386,LOC101928519,101928519
7387,ID4,3400
7388,MBOAT1,154141
7389,E2F3,1871
7390,CDKAL1,54901
7391,LINC00581,100874531
7392,SOX4,6659
7393,CASC15,401237
7394,NBAT1,729177
7395,PRL,5617
7396,HDGFL1,154150
7397,NRSN1,140767
7398,DCDC2,51473
7399,KAAG1,353219
7400,MRS2,57380
7401,GPLD1,2822
7402,ALDH5A1,7915
7403,KIAA0319,9856
7404,TDP2,51567
7405,ACOT13,55856
7406,C6orf62,81688
7407,GMNN,51053
7408,C6orf229,101928603
7409,FAM65B,9750
7410,CMAHP,8418
7411,LOC101928663,101928663
7412,LRRC16A,55604
7413,SCGN,10590
7414,HIST1H2AA,221613
7415,HIST1H2BA,255626
7416,HIST1H2APS1,387319
7417,SLC17A4,10050
7418,SLC17A1,6568
7419,SLC17A3,10786
7420,SLC17A2,10246
7421,TRIM38,10475
7422,HIST1H1A,3024
7423,HIST1H3A,8350
7424,HIST1H4A,8359
7425,HIST1H4B,8366
7426,HIST1H3B,8358
7427,HIST1H2AB,8335
7428,HIST1H2BB,3018
7429,HIST1H3C,8352
7430,HIST1H1C,3006
7431,HFE,3077
7432,HIST1H4C,8364
7433,HIST1H1T,3010
7434,HIST1H2BC,8347
7435,HIST1H2AC,8334
7436,HIST1H1E,3008
7437,HIST1H2BD,3017
7438,HIST1H2BE,8344
7439,HIST1H4D,8360
7440,HIST1H3D,8351
7441,HIST1H2AD,3013
7442,HIST1H2BF,8343
7443,HIST1H4E,8367
7444,HIST1H2BG,8339
7445,HIST1H2AE,3012
7446,HIST1H3E,8353
7447,HIST1H1D,3007
7448,HIST1H4F,8361
7449,HIST1H4G,8369
7450,HIST1H3F,8968
7451,HIST1H2BH,8345
7452,HIST1H3G,8355
7453,HIST1H2BI,8346
7454,HIST1H4H,8365
7455,BTN3A2,11118
7456,BTN2A2,10385
7457,BTN3A1,11119
7458,BTN2A3P,54718
7459,BTN3A3,10384
7460,BTN2A1,11120
7461,LOC285819,285819
7462,BTN1A1,696
7463,HCG11,493812
7464,HMGN4,10473
7465,ABT1,29777
7466,ZNF322,79692
7467,GUSBP2,387036
7468,LINC00240,100133205
7469,LOC100270746,100270746
7470,HIST1H2BJ,8970
7471,HIST1H2AG,8969
7472,HIST1H2BK,85236
7473,HIST1H4I,8294
7474,HIST1H2AH,85235
7475,PRSS16,10279
7476,POM121L2,94026
7477,VN1R10P,387316
7478,ZNF204P,7754
7479,ZNF391,346157
7480,ZNF184,7738
7481,LINC01012,100507173
7482,LOC100131289,100131289
7483,HIST1H2BL,8340
7484,HIST1H2AI,8329
7485,HIST1H3H,8357
7486,HIST1H2AJ,8331
7487,HIST1H2BM,8342
7488,HIST1H4J,8363
7489,HIST1H4K,8362
7490,HIST1H2AK,8330
7491,HIST1H2BN,8341
7492,HIST1H2AL,8332
7493,HIST1H1B,3009
7494,HIST1H3I,8354
7495,HIST1H4L,8368
7496,HIST1H3J,8356
7497,HIST1H2AM,8336
7498,HIST1H2BO,8348
7499,OR2B2,81697
7500,OR2B6,26212
7501,ZNF165,7718
7502,ZSCAN12P1,221584
7503,ZSCAN16-AS1,100129195
7504,ZSCAN16,80345
7505,ZKSCAN8,7745
7506,ZNF192P1,651302
7507,TOB2P1,222699
7508,ZSCAN9,7746
7509,ZKSCAN4,387032
7510,NKAPL,222698
7511,ZSCAN26,7741
7512,PGBD1,84547
7513,ZSCAN31,64288
7514,ZKSCAN3,80317
7515,ZSCAN12,9753
7516,ZSCAN23,222696
7517,GPX6,257202
7518,GPX5,2880
7519,ZBED9,114821
7520,HCG14,414760
7521,TRIM27,5987
7522,C6orf100,729583
7523,ZNF311,282890
7524,OR2J2,26707
7525,OR11A1,26531
7526,OR2H1,26716
7527,UBD,10537
7528,GABBR1,2550
7529,MOG,4340
7530,ZFP57,346171
7531,HLA-F,3134
7532,HLA-F-AS1,285830
7533,IFITM4P,340198
7534,HCG4,54435
7535,LOC554223,554223
7536,HLA-G,3135
7537,HLA-H,3136
7538,HCG4B,80868
7539,HLA-A,3105
7540,HCG9,10255
7541,HLA-J,3137
7542,HCG8,100507399
7543,ZNRD1,30834
7544,PPP1R11,6992
7545,RNF39,80352
7546,TRIM31,11074
7547,TRIM31-AS1,104533120
7548,TRIM10,10107
7549,TRIM15,89870
7550,TRIM26,7726
7551,HCG17,414778
7552,HLA-L,3139
7553,HCG18,414777
7554,TRIM39,56658
7555,TRIM39-RPP21,202658
7556,RPP21,79897
7557,HLA-E,3133
7558,GNL1,2794
7559,PRR3,80742
7560,ABCF1,23
7561,PPP1R10,5514
7562,MRPS18B,28973
7563,ATAT1,79969
7564,C6orf136,221545
7565,DHX16,8449
7566,PPP1R18,170954
7567,NRM,11270
7568,MDC1,9656
7569,TUBB,203068
7570,FLOT1,10211
7571,IER3,8870
7572,LINC00243,401247
7573,DDR1,780
7574,GTF2H4,2968
7575,VARS2,57176
7576,SFTA2,389376
7577,DPCR1,135656
7578,MUC21,394263
7579,MUC22,100507679
7580,HCG22,285834
7581,C6orf15,29113
7582,PSORS1C1,170679
7583,CDSN,1041
7584,PSORS1C2,170680
7585,CCHCR1,54535
7586,TCF19,6941
7587,POU5F1,5460
7588,PSORS1C3,100130889
7589,HCG27,253018
7590,HLA-C,3107
7591,HLA-B,3106
7592,MICA,100507436
7593,HCP5,10866
7594,HCG26,352961
7595,MICB,4277
7596,DDX39B,7919
7597,ATP6V1G2-DDX39B,100532737
7598,ATP6V1G2,534
7599,NFKBIL1,4795
7600,LTA,4049
7601,TNF,7124
7602,LTB,4050
7603,LST1,7940
7604,NCR3,259197
7605,AIF1,199
7606,PRRC2A,7916
7607,BAG6,7917
7608,APOM,55937
7609,C6orf47,57827
7610,GPANK1,7918
7611,CSNK2B,1460
7612,LY6G5B,58496
7613,LY6G5C,80741
7614,ABHD16A,7920
7615,LY6G6E,79136
7616,LY6G6C,80740
7617,DDAH2,23564
7618,CLIC1,1192
7619,MSH5,4439
7620,MSH5-SAPCD1,100532732
7621,SAPCD1,401251
7622,SAPCD1-AS1,104413891
7623,VWA7,80737
7624,VARS,7407
7625,LSM2,57819
7626,HSPA1L,3305
7627,HSPA1A,3303
7628,HSPA1B,3304
7629,C6orf48,50854
7630,NEU1,4758
7631,SLC44A4,80736
7632,EHMT2,10919
7633,C2,717
7634,ZBTB12,221527
7635,CFB,629
7636,NELFE,7936
7637,SKIV2L,6499
7638,DXO,1797
7639,STK19,8859
7640,C4A,720
7641,CYP21A1P,1590
7642,TNXA,7146
7643,C4B,721
7644,CYP21A2,1589
7645,TNXB,7148
7646,ATF6B,1388
7647,FKBPL,63943
7648,PRRT1,80863
7649,LOC100507547,100507547
7650,PPT2,9374
7651,PPT2-EGFL8,100532746
7652,EGFL8,80864
7653,AGPAT1,10554
7654,RNF5,6048
7655,AGER,177
7656,PBX2,5089
7657,GPSM3,63940
7658,NOTCH4,4855
7659,C6orf10,10665
7660,BTNL2,56244
7661,HLA-DRA,3122
7662,HLA-DRB5,3127
7663,HLA-DRB6,3128
7664,HLA-DRB1,3123
7665,HLA-DQA1,3117
7666,HLA-DQB1,3119
7667,HLA-DQA2,3118
7668,HLA-DQB2,3120
7669,HLA-DOB,3112
7670,TAP2,6891
7671,PSMB8,5696
7672,PSMB8-AS1,100507463
7673,TAP1,6890
7674,PSMB9,5698
7675,LOC100294145,100294145
7676,HLA-DMB,3109
7677,HLA-DMA,3108
7678,BRD2,6046
7679,HLA-DOA,3111
7680,HLA-DPA1,3113
7681,HLA-DPB1,3115
7682,HLA-DPB2,3116
7683,COL11A2,1302
7684,RXRB,6257
7685,SLC39A7,7922
7686,HSD17B8,7923
7687,RING1,6015
7688,HCG25,414765
7689,VPS52,6293
7690,RPS18,6222
7691,B3GALT4,8705
7692,WDR46,9277
7693,PFDN6,10471
7694,RGL2,5863
7695,TAPBP,6892
7696,ZBTB22,9278
7697,DAXX,1616
7698,KIFC1,3833
7699,PHF1,5252
7700,CUTA,51596
7701,SYNGAP1,8831
7702,ZBTB9,221504
7703,BAK1,578
7704,GGNBP1,449520
7705,LINC00336,401253
7706,ITPR3,3710
7707,UQCC2,84300
7708,IP6K3,117283
7709,LEMD2,221496
7710,MLN,4295
7711,LINC01016,100507584
7712,GRM4,2914
7713,HMGA1,3159
7714,C6orf1,221491
7715,NUDT3,11165
7716,RPS10-NUDT3,100529239
7717,RPS10,6204
7718,PACSIN1,29993
7719,SPDEF,25803
7720,C6orf106,64771
7721,SNRPC,6631
7722,UHRF1BP1,54887
7723,TAF11,6882
7724,ANKS1A,23294
7725,TCP11,6954
7726,SCUBE3,222663
7727,ZNF76,7629
7728,DEF6,50619
7729,PPARD,5467
7730,FANCE,2178
7731,RPL10A,4736
7732,TEAD3,7005
7733,TULP1,7287
7734,FKBP5,2289
7735,LOC285847,285847
7736,ARMC12,221481
7737,CLPSL2,389383
7738,CLPSL1,340204
7739,CLPS,1208
7740,LHFPL5,222662
7741,SRPK1,6732
7742,SLC26A8,116369
7743,MAPK14,1432
7744,MAPK13,5603
7745,BRPF3,27154
7746,PNPLA1,285848
7747,C6orf222,389384
7748,ETV7,51513
7749,PXT1,222659
7750,KCTD20,222658
7751,STK38,11329
7752,SRSF3,6428
7753,PANDAR,101154753
7754,CDKN1A,1026
7755,RAB44,401258
7756,CPNE5,57699
7757,PPIL1,51645
7758,C6orf89,221477
7759,PI16,221476
7760,MTCH1,23787
7761,FGD2,221472
7762,PIM1,5292
7763,TMEM217,221468
7764,TBC1D22B,55633
7765,RNF8,9025
7766,CMTR1,23070
7767,CCDC167,154467
7768,MDGA1,266727
7769,ZFAND3,60685
7770,BTBD9,114781
7771,GLO1,2739
7772,DNAH8,1769
7773,LOC100131047,100131047
7774,GLP1R,2740
7775,SAYSD1,55776
7776,KCNK5,8645
7777,KCNK17,89822
7778,KCNK16,83795
7779,KIF6,221458
7780,DAAM2,23500
7781,LOC100505635,100505635
7782,MOCS1,4337
7783,LINC00951,401260
7784,TDRG1,732253
7785,LRFN2,57497
7786,LOC101929555,101929555
7787,UNC5CL,222643
7788,TSPO2,222642
7789,APOBEC2,10930
7790,OARD1,221443
7791,NFYA,4800
7792,ADCY10P1,221442
7793,TREML1,340205
7794,TREM2,54209
7795,TREML2,79865
7796,TREML3P,340206
7797,TREML4,285852
7798,TREM1,54210
7799,NCR2,9436
7800,LINC01276,103106903
7801,LOC101060264,101060264
7802,FOXP4,116113
7803,MDFI,4188
7804,TFEB,7942
7805,PGC,5225
7806,FRS3,10817
7807,PRICKLE4,29964
7808,TOMM6,100188893
7809,USP49,25862
7810,MED20,9477
7811,BYSL,705
7812,CCND3,896
7813,TAF8,129685
7814,C6orf132,647024
7815,GUCA1A,2978
7816,GUCA1B,2979
7817,MRPS10,55173
7818,TRERF1,55809
7819,UBR2,23304
7820,PRPH2,5961
7821,ATP6V0CP3,442211
7822,TBCC,6903
7823,GLTSCR1L,23506
7824,RPL7L1,285855
7825,C6orf226,441150
7826,PTCRA,171558
7827,CNPY3,10695
7828,GNMT,27232
7829,PEX6,5190
7830,PPP2R5D,5528
7831,MEA1,4201
7832,KLHDC3,116138
7833,RRP36,88745
7834,CUL7,9820
7835,MRPL2,51069
7836,KLC4,89953
7837,PTK7,5754
7838,SRF,6722
7839,CUL9,23113
7840,DNPH1,10591
7841,TTBK1,84630
7842,SLC22A7,10864
7843,CRIP3,401262
7844,ZNF318,24149
7845,ABCC10,89845
7846,DLK2,65989
7847,TJAP1,93643
7848,LRRC73,221424
7849,YIPF3,25844
7850,POLR1C,9533
7851,XPO5,57510
7852,POLH,5429
7853,GTPBP2,54676
7854,MAD2L1BP,9587
7855,RSPH9,221421
7856,MRPS18A,55168
7857,VEGFA,7422
7858,LINC01512,100132354
7859,LOC101929705,101929705
7860,C6orf223,221416
7861,MRPL14,64928
7862,TMEM63B,55362
7863,CAPN11,11131
7864,SLC29A1,2030
7865,HSP90AB1,3326
7866,SLC35B2,347734
7867,NFKBIE,4794
7868,TMEM151B,441151
7869,TCTE1,202500
7870,AARS2,57505
7871,SPATS1,221409
7872,CDC5L,988
7873,SUPT3H,8464
7874,RUNX2,860
7875,CLIC5,53405
7876,ENPP4,22875
7877,ENPP5,59084
7878,RCAN2,10231
7879,LOC101926915,101926915
7880,LOC101926898,101926898
7881,CYP39A1,51302
7882,SLC25A27,9481
7883,TDRD6,221400
7884,PLA2G7,7941
7885,ANKRD66,100287718
7886,MEP1A,4224
7887,ADGRF5,221395
7888,LOC101926962,101926962
7889,ADGRF1,266977
7890,TNFRSF21,27242
7891,CD2AP,23607
7892,ADGRF2,222611
7893,ADGRF4,221393
7894,OPN5,221391
7895,PTCHD4,442213
7896,MUT,4594
7897,CENPQ,55166
7898,GLYATL3,389396
7899,C6orf141,135398
7900,RHAG,6005
7901,CRISP2,7180
7902,CRISP3,10321
7903,PGK2,5232
7904,LOC101927048,101927048
7905,CRISP1,167
7906,DEFB114,245928
7907,TFAP2D,83741
7908,TFAP2B,7021
7909,PKHD1,5314
7910,LOC101927082,101927082
7911,IL17A,3605
7912,IL17F,112744
7913,MCM3,4172
7914,PAQR8,85315
7915,EFHC1,114327
7916,TRAM2,9697
7917,TRAM2-AS1,401264
7918,LOC730101,730101
7919,TMEM14A,28978
7920,GSTA7P,730152
7921,GSTA2,2939
7922,GSTA1,2938
7923,GSTA5,221357
7924,GSTA3,2940
7925,GSTA4,2941
7926,ICK,22858
7927,FBXO9,26268
7928,GCM1,8521
7929,ELOVL5,60481
7930,RPS16P5,647190
7931,GCLC,2729
7932,LOC101927136,101927136
7933,LINC01564,101927171
7934,KLHL31,401265
7935,LRRC1,55227
7936,LOC101927189,101927189
7937,MLIP,90523
7938,TINAG,27283
7939,FAM83B,222584
7940,HCRTR2,3062
7941,GFRAL,389400
7942,HMGCLL1,54511
7943,BMP5,653
7944,COL21A1,81578
7945,DST,667
7946,LOC101930010,101930010
7947,BEND6,221336
7948,KIAA1586,57691
7949,ZNF451,26036
7950,LOC101927211,101927211
7951,BAG2,9532
7952,RAB23,51715
7953,LOC100506188,100506188
7954,PRIM2,5558
7955,GUSBP4,375513
7956,MTRNR2L9,100463487
7957,KHDRBS2,202559
7958,LGSN,51557
7959,PTP4A1,7803
7960,PHF3,23469
7961,EYS,346007
7962,LOC441155,441155
7963,SLC25A51P1,442229
7964,LOC102723883,102723883
7965,LOC101928280,101928280
7966,LOC101928307,101928307
7967,ADGRB3,577
7968,LMBRD1,55788
7969,COL19A1,1310
7970,COL9A1,1297
7971,EVADR,101928353
7972,FAM135A,57579
7973,SDHAF4,135154
7974,SMAP1,60682
7975,B3GAT2,135152
7976,OGFRL1,79627
7977,LINC00472,79940
7978,LOC102724000,102724000
7979,RIMS1,22999
7980,KCNQ5,56479
7981,KCNQ5-IT1,100507381
7982,KCNQ5-AS1,100873997
7983,KHDC1L,100129128
7984,KHDC1,80759
7985,DPPA5,340168
7986,KHDC3L,154288
7987,OOEP,441161
7988,DDX43,55510
7989,MB21D1,115004
7990,MTO1,25821
7991,EEF1A1,1915
7992,SLC17A5,26503
7993,LOC101928489,101928489
7994,CD109,135228
7995,LOC101928516,101928516
7996,COL12A1,1303
7997,COX7A2,1347
7998,TMEM30A,55754
7999,LOC100506804,100506804
8000,FILIP1,27145
8001,LOC101928540,101928540
8002,SENP6,26054
8003,MYO6,4646
8004,IMPG1,3617
8005,HTR1B,3351
8006,MEI4,101928601
8007,IRAK1BP1,134728
8008,PHIP,55023
8009,HMGN3,9324
8010,HMGN3-AS1,100288198
8011,FLJ13744,80078
8012,LCA5,167691
8013,SH3BGRL2,83699
8014,LINC01621,89758
8015,ELOVL4,6785
8016,TTK,7272
8017,BCKDHB,594
8018,FAM46A,55603
8019,IBTK,25998
8020,TPBG,7162
8021,UBE3D,90025
8022,DOPEY1,23033
8023,PGM3,5238
8024,RWDD2A,112611
8025,ME1,4199
8026,PRSS35,167681
8027,SNAP91,9892
8028,RIPPLY2,134701
8029,CYB5R4,51167
8030,MRAP2,112609
8031,CEP162,22832
8032,LINC01611,105377880
8033,TBX18,9096
8034,NT5E,4907
8035,SNX14,57231
8036,SYNCRIP,10492
8037,SNHG5,387066
8038,HTR1E,3354
8039,CGA,1081
8040,ZNF292,23036
8041,GJB7,375519
8042,SMIM8,57150
8043,C6orf163,206412
8044,LINC01590,63914
8045,CFAP206,154313
8046,SLC35A1,10559
8047,RARS2,57038
8048,ORC3,23595
8049,AKIRIN2,55122
8050,LOC101928911,101928911
8051,SPACA1,81833
8052,CNR1,1268
8053,LOC101928936,101928936
8054,RNGTT,8732
8055,PNRC1,10957
8056,SRSF12,135295
8057,PM20D2,135293
8058,GABRR1,2569
8059,GABRR2,2570
8060,UBE2J1,51465
8061,RRAGD,58528
8062,ANKRD6,22881
8063,LYRM2,57226
8064,LOC101929057,101929057
8065,MDN1,23195
8066,CASP8AP2,9994
8067,GJA10,84694
8068,BACH2,60468
8069,MAP3K7,6885
8070,CASC6,101929083
8071,EPHA7,2045
8072,TSG1,643432
8073,MANEA-AS1,100861591
8074,MANEA,79694
8075,FUT9,10690
8076,UFL1,23376
8077,FHL5,9457
8078,GPR63,81491
8079,NDUFAF4,29078
8080,KLHL32,114792
8081,MMS22L,253714
8082,LOC101927314,101927314
8083,POU3F2,5454
8084,FBXL4,26235
8085,FAXC,84553
8086,COQ3,51805
8087,PNISR,25957
8088,LOC101927365,101927365
8089,USP45,85015
8090,TSTD3,100130890
8091,CCNC,892
8092,PRDM13,59336
8093,MCHR2,84539
8094,MCHR2-AS1,728012
8095,SIM1,6492
8096,ASCC3,10973
8097,GRIK2,2898
8098,HACE1,57531
8099,LINC00577,100113403
8100,LIN28B,389421
8101,BVES,11149
8102,BVES-AS1,154442
8103,POPDC3,64208
8104,PREP,5550
8105,PRDM1,639
8106,ATG5,9474
8107,AIM1,202
8108,RTN4IP1,84816
8109,QRSL1,55278
8110,LOC100422737,100422737
8111,C6orf203,51250
8112,BEND3,57673
8113,PDSS2,57107
8114,SOBP,55084
8115,SCML4,256380
8116,SEC63,11231
8117,OSTM1,28962
8118,NR2E1,7101
8119,SNX3,8724
8120,LACE1,246269
8121,FOXO3,2309
8122,LINC00222,387111
8123,ARMC2,84071
8124,ARMC2-AS1,100874026
8125,SESN1,27244
8126,CEP57L1,285753
8127,LOC100996634,100996634
8128,CCDC162P,221262
8129,CD164,8763
8130,PPIL6,285755
8131,SMPD2,6610
8132,MICAL1,64780
8133,ZBTB24,9841
8134,AK9,221264
8135,FIG4,9896
8136,GPR6,2830
8137,WASF1,8936
8138,CDC40,51362
8139,METTL24,728464
8140,DDO,8528
8141,SLC22A16,85413
8142,CDK19,23097
8143,AMD1,262
8144,GTF3C6,112495
8145,RPF2,84154
8146,GSTM2P1,442245
8147,SLC16A10,117247
8148,KIAA1919,91749
8149,REV3L,5980
8150,TRAF3IP2-AS1,643749
8151,TRAF3IP2,10758
8152,FYN,2534
8153,WISP3,8838
8154,TUBE1,51175
8155,FAM229B,619208
8156,LAMA4,3910
8157,LOC101927640,101927640
8158,RFPL4B,442247
8159,LOC101927686,101927686
8160,MARCKS,4082
8161,LINC01268,285758
8162,FLJ34503,285759
8163,HDAC2,3066
8164,LOC101927768,101927768
8165,HS3ST5,222537
8166,FRK,2444
8167,TPI1P3,728402
8168,NT5DC1,221294
8169,COL10A1,1300
8170,TSPYL4,23270
8171,TSPYL1,7259
8172,DSE,29940
8173,FAM26F,441168
8174,TRAPPC3L,100128327
8175,FAM26E,254228
8176,FAM26D,221301
8177,RWDD1,51389
8178,RSPH4A,345895
8179,ZUFSP,221302
8180,KPNA5,3841
8181,FAM162B,221303
8182,GPRC6A,222545
8183,RFX6,222546
8184,VGLL2,245806
8185,ROS1,6098
8186,DCBLD1,285761
8187,GOPC,57120
8188,LOC101927919,101927919
8189,NUS1,116150
8190,SLC35F1,222553
8191,CEP85L,387119
8192,BRD7P3,23629
8193,PLN,5350
8194,LOC100287632,100287632
8195,MCM9,254394
8196,ASF1A,25842
8197,FAM184A,79632
8198,MAN1A1,4121
8199,LOC285762,285762
8200,TBC1D32,221322
8201,GJA1,2697
8202,HSF2,3298
8203,SERINC1,57515
8204,PKIB,5570
8205,FABP7,2173
8206,SMPDL3A,10924
8207,CLVS2,134829
8208,TRDN,10345
8209,HRAT13,101927990
8210,NKAIN2,154215
8211,RNF217-AS1,7955
8212,RNF217,154214
8213,TPD52L1,7164
8214,HDDC2,51020
8215,LOC643623,643623
8216,HEY2,23493
8217,NCOA7,135112
8218,NCOA7-AS1,104355145
8219,HINT3,135114
8220,TRMT11,60487
8221,CENPW,387103
8222,RSPO3,84870
8223,RNF146,81847
8224,ECHDC1,55862
8225,KIAA0408,9729
8226,SOGA3,387104
8227,C6orf58,352999
8228,THEMIS,387357
8229,PTPRK,5796
8230,LOC101928140,101928140
8231,LAMA2,3908
8232,ARHGAP18,93663
8233,TMEM244,253582
8234,L3MBTL3,84456
8235,SAMD3,154075
8236,TMEM200A,114801
8237,SMLR1,100507203
8238,EPB41L2,2037
8239,AKAP7,9465
8240,ARG1,383
8241,MED23,9439
8242,ENPP3,5169
8243,OR2A4,79541
8244,CTAGE9,643854
8245,ENPP1,5167
8246,CTGF,1490
8247,LINC01013,100507254
8248,MOXD1,26002
8249,STX7,8417
8250,TAAR9,134860
8251,TAAR8,83551
8252,TAAR6,319100
8253,TAAR5,9038
8254,TAAR3,9288
8255,TAAR2,9287
8256,TAAR1,134864
8257,VNN1,8876
8258,VNN3,55350
8259,VNN2,8875
8260,SLC18B1,116843
8261,RPS12,6206
8262,SNORA33,594839
8263,LINC00326,285735
8264,EYA4,2070
8265,LOC100507308,100507308
8266,LINC01312,154089
8267,TCF21,6943
8268,TBPL1,9519
8269,SLC2A12,154091
8270,HMGA1P7,387065
8271,SGK1,6446
8272,LOC101928231,101928231
8273,LINC01010,154092
8274,LOC101928304,101928304
8275,ALDH8A1,64577
8276,HBS1L,10767
8277,MYB,4602
8278,AHI1,54806
8279,LINC00271,100131814
8280,PDE7B,27115
8281,MTFR2,113115
8282,BCLAF1,9774
8283,MAP7,9053
8284,MAP3K5,4217
8285,LOC101928461,101928461
8286,PEX7,5191
8287,SLC35D3,340146
8288,NHEG1,100294720
8289,IL20RA,53832
8290,IL22RA2,116379
8291,IFNGR1,3459
8292,OLIG3,167826
8293,LOC102723649,102723649
8294,LOC100507406,100507406
8295,LOC100130476,100130476
8296,TNFAIP3,7128
8297,PERP,64065
8298,ARFGEF3,57221
8299,PBOV1,59351
8300,HEBP2,23593
8301,NHSL1,57224
8302,FLJ46906,441172
8303,GVQW2,100507462
8304,CCDC28A,25901
8305,ECT2L,345930
8306,REPS1,85021
8307,ABRACL,58527
8308,HECA,51696
8309,TXLNB,167838
8310,CITED2,10370
8311,LINC01625,645434
8312,LOC100132735,100132735
8313,LOC100507477,100507477
8314,LOC103352541,103352541
8315,NMBR,4829
8316,VTA1,51534
8317,ADGRG6,57211
8318,LOC153910,153910
8319,HIVEP2,3097
8320,LINC01277,100507489
8321,AIG1,51390
8322,ADAT2,134637
8323,PEX3,8504
8324,FUCA2,2519
8325,PHACTR2-AS1,285740
8326,PHACTR2,9749
8327,LTV1,84946
8328,ZC2HC1B,153918
8329,PLAGL1,5325
8330,HYMAI,57061
8331,SF3B5,83443
8332,STX11,8676
8333,UTRN,7402
8334,EPM2A,7957
8335,LOC100507557,100507557
8336,FBXO30,84085
8337,SHPRH,257218
8338,GRM1,2911
8339,RAB32,10981
8340,LOC101928661,101928661
8341,ADGB,79747
8342,KATNBL1P6,729176
8343,STXBP5-AS1,729178
8344,STXBP5,134957
8345,SAMD5,389432
8346,SASH1,23328
8347,UST,10090
8348,UST-AS1,100128176
8349,TAB2,23118
8350,SUMO4,387082
8351,ZC3H12D,340152
8352,PPIL4,85313
8353,GINM1,116254
8354,RPS18P9,645958
8355,KATNA1,11104
8356,LATS1,9113
8357,NUP43,348995
8358,PCMT1,5110
8359,LRP11,84918
8360,RAET1E-AS1,100652739
8361,RAET1E,135250
8362,RAET1G,353091
8363,ULBP2,80328
8364,ULBP1,80329
8365,RAET1K,646024
8366,RAET1L,154064
8367,ULBP3,79465
8368,PPP1R14C,81706
8369,IYD,389434
8370,PLEKHG1,57480
8371,MTHFD1L,25902
8372,LOC102723831,102723831
8373,AKAP12,9590
8374,ZBTB2,57621
8375,RMND1,55005
8376,ARMT1,79624
8377,CCDC170,80129
8378,ESR1,2099
8379,SYNE1,23345
8380,SYNE1-AS1,100505475
8381,MYCT1,80177
8382,VIP,7432
8383,FBXO5,26271
8384,MTRF1L,54516
8385,RGS17,26575
8386,OPRM1,4988
8387,IPCEF1,26034
8388,CNKSR3,154043
8389,SCAF8,22828
8390,TIAM2,26230
8391,TFB1M,51106
8392,CLDN20,49861
8393,NOX3,50508
8394,ARID1B,57492
8395,TMEM242,729515
8396,ZDHHC14,79683
8397,SNX9,51429
8398,SYNJ2,8871
8399,SYNJ2-IT1,100874300
8400,SERAC1,84947
8401,GTF2H5,404672
8402,TULP4,56995
8403,TMEM181,57583
8404,DYNLT1,6993
8405,SYTL3,94120
8406,EZR,7430
8407,EZR-AS1,101409257
8408,OSTCP1,202459
8409,C6orf99,100130967
8410,RSPH3,83861
8411,TAGAP,117289
8412,LOC101929122,101929122
8413,FNDC1,84624
8414,LOC102724053,102724053
8415,SOD2,6648
8416,WTAP,9589
8417,LOC100129518,100129518
8418,ACAT2,39
8419,TCP1,6950
8420,SNORA20,677806
8421,SNORA29,677812
8422,MRPL18,29074
8423,PNLDC1,154197
8424,MAS1,4142
8425,IGF2R,3482
8426,AIRN,100271873
8427,LOC729603,729603
8428,SLC22A1,6580
8429,SLC22A2,6582
8430,SLC22A3,6581
8431,LPAL2,80350
8432,LPA,4018
8433,PLG,5340
8434,MAP3K4,4216
8435,AGPAT4,56895
8436,AGPAT4-IT1,79992
8437,PARK2,5071
8438,PACRG,135138
8439,LOC101929239,101929239
8440,LOC729658,729658
8441,PACRG-AS1,285796
8442,DKFZp451B082,401282
8443,CAHM,100526820
8444,QKI,9444
8445,MEAT6,105378111
8446,C6orf118,168090
8447,PDE10A,10846
8448,LINC00473,90632
8449,LINC00602,441177
8450,T,6862
8451,LOC101929297,101929297
8452,PRR18,285800
8453,SFT2D1,113402
8454,LOC100289495,100289495
8455,MPC1,51660
8456,RPS6KA2,6196
8457,RPS6KA2-IT1,100874353
8458,RPS6KA2-AS1,100861523
8459,RNASET2,8635
8460,MIR3939,100500857
8461,FGFR1OP,11116
8462,CCR6,1235
8463,GPR31,2853
8464,TCP10L2,401285
8465,UNC93A,54346
8466,TTLL2,83887
8467,TCP10,6953
8468,LOC401286,401286
8469,LOC441178,441178
8470,LINC01558,26238
8471,MLLT4-AS1,653483
8472,MLLT4,4301
8473,HGC6.3,100128124
8474,KIF25-AS1,100505879
8475,KIF25,3834
8476,FRMD1,79981
8477,LOC101929420,101929420
8478,DACT2,168002
8479,SMOC2,64094
8480,LOC101929504,101929504
8481,THBS2,7058
8482,WDR27,253769
8483,C6orf120,387263
8484,PHF10,55274
8485,TCTE3,6991
8486,ERMARD,55780
8487,LINC00242,401288
8488,LINC00574,80069
8489,LOC102724511,102724511
8490,LOC154449,154449
8491,LOC285804,285804
8492,FLJ38122,401289
8493,DLL1,28514
8494,FAM120B,84498
8495,PSMB1,5689
8496,TBP,6908
8497,PDCD2,5134
8498,LOC389831,389831
8499,LOC100507642,100507642
8500,FAM20C,56975
8501,WI2-2373I1.2,100288524
8502,LOC442497,442497
8503,PDGFA,5154
8504,HRAT92,441307
8505,PRKAR1B,5575
8506,LOC101926963,101926963
8507,DNAAF5,54919
8508,SUN1,23353
8509,GET4,51608
8510,ADAP1,11033
8511,COX19,90639
8512,CYP2W1,54905
8513,C7orf50,84310
8514,GPR146,115330
8515,GPER1,2852
8516,ZFAND2A,90637
8517,LOC101927021,101927021
8518,UNCX,340260
8519,MICALL2,79778
8520,INTS1,26173
8521,MAFK,7975
8522,TMEM184A,202915
8523,PSMG3,84262
8524,PSMG3-AS1,114796
8525,TFAMP1,260341
8526,ELFN1,392617
8527,ELFN1-AS1,101927125
8528,MAD1L1,8379
8529,FTSJ2,29960
8530,NUDT1,4521
8531,SNX8,29886
8532,EIF3B,8662
8533,CHST12,55501
8534,LOC101927181,101927181
8535,GRIFIN,402635
8536,LFNG,3955
8537,BRAT1,221927
8538,IQCE,23288
8539,TTYH3,80727
8540,AMZ1,155185
8541,GNA12,2768
8542,CARD11,84433
8543,LOC100129603,100129603
8544,SDK1,221935
8545,FOXK1,221937
8546,AP5Z1,9907
8547,RADIL,55698
8548,PAPOLB,56903
8549,MMD2,221938
8550,RNF216P1,441191
8551,RBAK,57786
8552,RBAK-RBAKDN,100533952
8553,RBAKDN,389458
8554,ZNF890P,645700
8555,WIPI2,26100
8556,SLC29A4,222962
8557,TNRC18,84629
8558,FBXL18,80028
8559,MIR589,693174
8560,LOC221946,221946
8561,ACTB,60
8562,FSCN1,6624
8563,RNF216,54476
8564,RNF216-IT1,100874342
8565,ZNF815P,401303
8566,OCM,654231
8567,CCZ1,51622
8568,PMS2,5395
8569,AIMP2,7965
8570,EIF2AK1,27102
8571,ANKRD61,100310846
8572,USP42,84132
8573,CYTH3,9265
8574,FAM220A,84792
8575,RAC1,5879
8576,DAGLB,221955
8577,KDELR2,11014
8578,GRID2IP,392862
8579,ZDHHC4,55146
8580,C7orf26,79034
8581,ZNF853,54753
8582,ZNF316,100131017
8583,ZNF12,7559
8584,PMS2CL,441194
8585,RSPH10B2,728194
8586,CCZ1B,221960
8587,LOC100131257,100131257
8588,C1GALT1,56913
8589,LOC101927354,101927354
8590,COL28A1,340267
8591,LOC101927391,101927391
8592,MIOS,54468
8593,RPA3,6119
8594,UMAD1,729852
8595,LOC100505921,100505921
8596,GLCCI1,113263
8597,ICA1,3382
8598,LOC100505938,100505938
8599,NXPH1,30010
8600,PER4,168741
8601,NDUFA4,4697
8602,PHF14,9678
8603,THSD7A,221981
8604,TMEM106B,54664
8605,VWDE,221806
8606,SCIN,85477
8607,ARL4A,10124
8608,ETV1,2115
8609,DGKB,1607
8610,AGMO,392636
8611,MEOX2,4223
8612,MEOX2-AS1,101927524
8613,ISPD,729920
8614,ISPD-AS1,100506025
8615,SOSTDC1,25928
8616,LRRC72,100506049
8617,ANKMY2,57037
8618,BZW2,28969
8619,TSPAN13,27075
8620,AGR2,10551
8621,AGR3,155465
8622,AHR,196
8623,KCCAT333,102659288
8624,LOC101927630,101927630
8625,SNX13,23161
8626,PRPS1L1,221823
8627,HDAC9,9734
8628,TWIST1,7291
8629,FERD3L,222894
8630,TWISTNB,221830
8631,TMEM196,256130
8632,LOC101927668,101927668
8633,MACC1,346389
8634,MACC1-AS1,100874041
8635,LOC101927769,101927769
8636,LOC101927811,101927811
8637,ITGB8,3696
8638,ABCB5,340273
8639,SP8,221833
8640,RPL23P8,222901
8641,LINC01162,104355138
8642,SP4,6671
8643,DNAH11,8701
8644,CDCA7L,55536
8645,RAPGEF5,9771
8646,STEAP1B,256227
8647,LOC100506178,100506178
8648,LOC401312,401312
8649,LOC541472,541472
8650,IL6,3569
8651,TOMM7,54543
8652,FAM126A,84668
8653,KLHL7-AS1,100775104
8654,KLHL7,55975
8655,NUPL2,11097
8656,GPNMB,10457
8657,MALSU1,115416
8658,IGF2BP3,10643
8659,RPS2P32,256355
8660,TRA2A,29896
8661,CLK2P1,1197
8662,CCDC126,90693
8663,FAM221A,340277
8664,STK31,56164
8665,NPY,4852
8666,MPP6,51678
8667,DFNA5,1687
8668,OSBPL3,26031
8669,CYCS,54205
8670,C7orf31,136895
8671,NPVF,64111
8672,NFE2L3,9603
8673,HNRNPA2B1,3181
8674,CBX3,11335
8675,SNX10,29887
8676,LOC441204,441204
8677,KIAA0087,9808
8678,C7orf71,285941
8679,SKAP2,8935
8680,HOXA1,3198
8681,HOTAIRM1,100506311
8682,HOXA2,3199
8683,HOXA3,3200
8684,HOXA-AS2,285943
8685,HOXA4,3201
8686,HOXA-AS3,100133311
8687,HOXA5,3202
8688,HOXA6,3203
8689,HOXA7,3204
8690,HOXA9,3205
8691,HOXA10-HOXA9,100534589
8692,HOXA10-AS,100874323
8693,HOXA10,3206
8694,HOXA11,3207
8695,HOXA11-AS,221883
8696,HOXA13,3209
8697,HOTTIP,100316868
8698,EVX1,2128
8699,HIBADH,11112
8700,TSL,790953
8701,TAX1BP1,8887
8702,JAZF1,221895
8703,JAZF1-AS1,100128081
8704,CREB5,9586
8705,TRIL,9865
8706,LOC100506497,100506497
8707,CPVL,54504
8708,LOC101928168,101928168
8709,CHN2,1124
8710,LOC102724484,102724484
8711,PRR15,222171
8712,LOC646762,646762
8713,ZNRF2P2,100271874
8714,DPY19L2P3,442524
8715,WIPF3,644150
8716,SCRN1,9805
8717,FKBP14,55033
8718,PLEKHA8,84725
8719,MTURN,222166
8720,ZNRF2,223082
8721,DKFZP586I1420,222161
8722,LOC100506516,100506516
8723,NOD1,10392
8724,GGCT,79017
8725,LOC401320,401320
8726,GARS,2617
8727,CRHR2,1395
8728,INMT,11185
8729,INMT-FAM188B,100526825
8730,FAM188B,84182
8731,AQP1,358
8732,GHRHR,2692
8733,ADCYAP1R1,117
8734,NEUROD6,63974
8735,CCDC129,223075
8736,PPP1R17,10842
8737,PDE1C,5137
8738,LOC100130673,100130673
8739,LSM5,23658
8740,AVL9,23080
8741,DPY19L1P1,100129460
8742,ZNRF2P1,441208
8743,LINC00997,401321
8744,KBTBD2,25948
8745,RP9P,441212
8746,FKBP9,11328
8747,NT5C3A,51251
8748,RP9,6100
8749,BBS9,27241
8750,BMPER,168667
8751,NPSR1-AS1,404744
8752,NPSR1,387129
8753,DPY19L1,23333
8754,DPY19L2P1,554236
8755,TBX20,57057
8756,LOC401324,401324
8757,HERPUD2,64224
8758,LOC100506725,100506725
8759,SEPT7-AS1,101928545
8760,SEPT7,989
8761,LOC101928618,101928618
8762,EEPD1,80820
8763,KIAA0895,23366
8764,ANLN,54443
8765,AOAH,313
8766,AOAH-IT1,100874264
8767,ELMO1,9844
8768,ELMO1-AS1,100861514
8769,GPR141,353345
8770,NME8,51314
8771,SFRP4,6424
8772,EPDR1,54749
8773,STARD3NL,83930
8774,TARP,445347
8775,TRG-AS1,100506776
8776,AMPH,273
8777,FAM183BP,340286
8778,VPS41,27072
8779,POU6F2,11281
8780,POU6F2-AS1,100861520
8781,YAE1D1,57002
8782,RALA,5898
8783,LINC00265,349114
8784,CDK13,8621
8785,MPLKIP,136647
8786,SUGCT,79783
8787,LINC01450,101928744
8788,LINC01449,101928773
8789,INHBA,3624
8790,INHBA-AS1,285954
8791,GLI3,2737
8792,LINC01448,101928795
8793,C7orf25,79020
8794,PSMA2,5683
8795,MRPL32,64983
8796,HECW1,23072
8797,LOC100506895,100506895
8798,STK17A,9263
8799,COA1,55744
8800,BLVRA,644
8801,MRPS24,64951
8802,URGCP-MRPS24,100534592
8803,URGCP,55665
8804,UBE2D4,51619
8805,POLR2J4,84820
8806,SPDYE1,285955
8807,RASA4CP,401331
8808,LINC00957,255031
8809,DBNL,28988
8810,PGAM2,5224
8811,POLM,27434
8812,AEBP1,165
8813,POLD2,5425
8814,MYL7,58498
8815,GCK,2645
8816,YKT6,10652
8817,CAMK2B,816
8818,NUDCD3,23386
8819,NPC1L1,29881
8820,DDX56,54606
8821,TMED4,222068
8822,OGDH,4967
8823,ZMIZ2,83637
8824,PPIA,5478
8825,H2AFV,94239
8826,PURB,5814
8827,MYO1G,64005
8828,SNHG15,285958
8829,SNORA9,677798
8830,CCM2,83605
8831,NACAD,23148
8832,TBRG4,9238
8833,SNORA5A,654319
8834,SNORA5C,677796
8835,SNORA5B,677795
8836,RAMP3,10268
8837,ADCY1,107
8838,SEPT7P2,641977
8839,IGFBP1,3484
8840,IGFBP3,3486
8841,TNS3,64759
8842,LINC01447,101929086
8843,C7orf65,401335
8844,LINC00525,84847
8845,PKD1L1,168507
8846,C7orf69,80099
8847,HUS1,3364
8848,SUN3,256979
8849,C7orf57,136288
8850,UPP1,7378
8851,ABCA13,154664
8852,CDC14C,168448
8853,VWC2,375567
8854,ZPBP,11055
8855,C7orf72,100130988
8856,IKZF1,10320
8857,FIGNL1,63979
8858,DDC,1644
8859,DDC-AS1,100129427
8860,GRB10,2887
8861,COBL,23242
8862,POM121L12,285877
8863,LINC01446,401337
8864,HPVC1,3262
8865,LINC01445,102723605
8866,VSTM2A,222008
8867,VSTM2A-OT1,285878
8868,SEC61G,23480
8869,LOC100996654,100996654
8870,EGFR,1956
8871,EGFR-AS1,100507500
8872,ELDR,102725541
8873,LANCL2,55915
8874,VOPP1,81552
8875,FKBP9P1,360132
8876,SEPT14,346288
8877,ZNF713,349075
8878,MRPS17,51373
8879,GBAS,2631
8880,PSPH,5723
8881,CCT6A,908
8882,SNORA15,677803
8883,SUMF2,25870
8884,PHKG1,5260
8885,CHCHD2,51142
8886,NUPR2,389493
8887,LOC650226,650226
8888,LOC100240728,100240728
8889,DKFZp434L192,222029
8890,LOC101928401,101928401
8891,LOC401357,401357
8892,LOC100130849,100130849
8893,ZNF479,90827
8894,GUSBP10,642006
8895,ZNF716,441234
8896,ZNF733P,643955
8897,LOC100287834,100287834
8898,LINC01005,100506050
8899,ZNF727,442319
8900,ZNF735,730291
8901,ZNF679,168417
8902,ZNF736,728927
8903,YWHAEP1,649395
8904,ZNF680,340252
8905,LOC100128885,100128885
8906,LOC641746,641746
8907,ZNF107,51427
8908,ZNF138,7697
8909,ZNF273,10793
8910,ZNF117,51351
8911,ERV3-1,2086
8912,CCT6P3,643180
8913,ZNF92,168374
8914,LOC441242,441242
8915,INTS4P2,644619
8916,CCT6P1,643253
8917,SNORA22,677807
8918,VKORC1L1,154807
8919,GUSB,2990
8920,ASL,435
8921,CRCP,27297
8922,TPST1,8460
8923,LINC00174,285908
8924,GS1-124K5.11,493754
8925,KCTD7,154881
8926,LOC100996437,100996437
8927,RABGEF1,27342
8928,GTF2IRD1P1,729156
8929,TMEM248,55069
8930,SBDS,51119
8931,TYW1,55253
8932,PMS2P4,5382
8933,STAG3L4,64940
8934,LINC01372,101929736
8935,LOC100507468,100507468
8936,AUTS2,26053
8937,WBSCR17,64409
8938,CALN1,83698
8939,TYW1B,441250
8940,SBDSP1,155370
8941,SPDYE7P,441251
8942,POM121,9883
8943,NSUN5P2,260294
8944,LOC541473,541473
8945,LOC100101148,100101148
8946,STAG3L3,442578
8947,PMS2LP2,100101440
8948,PMS2P2,5380
8949,SPDYE8P,389517
8950,NCF1B,654816
8951,NSUN5,55695
8952,TRIM50,135892
8953,FKBP6,8468
8954,FZD9,8326
8955,BAZ1B,9031
8956,BCL7B,9275
8957,TBL2,26608
8958,MLXIPL,51085
8959,VPS37D,155382
8960,DNAJC30,84277
8961,WBSCR22,114049
8962,STX1A,6804
8963,ABHD11-AS1,171022
8964,ABHD11,83451
8965,CLDN3,1365
8966,CLDN4,1364
8967,WBSCR27,155368
8968,WBSCR28,135886
8969,ELN,2006
8970,LIMK1,3984
8971,EIF4H,7458
8972,LAT2,7462
8973,RFC2,5982
8974,CLIP2,7461
8975,GTF2IRD1,9569
8976,GTF2I,2969
8977,LOC101926943,101926943
8978,NCF1,653361
8979,GTF2IRD2,84163
8980,STAG3L2,442582
8981,PMS2P5,5383
8982,WBSCR16,81554
8983,GTF2IRD2B,389524
8984,NCF1C,654817
8985,GTF2IP1,2970
8986,GATSL2,729438
8987,STAG3L1,54441
8988,TRIM74,378108
8989,TRIM73,375593
8990,NSUN5P1,155400
8991,POM121C,100101267
8992,SPDYE5,442590
8993,PMS2P3,5387
8994,HIP1,3092
8995,CCL26,10344
8996,CCL24,6369
8997,RHBDD2,57414
8998,POR,5447
8999,SNORA14A,677801
9000,TMEM120A,83862
9001,STYXL1,51657
9002,MDH2,4191
9003,SRRM3,222183
9004,HSPB1,3315
9005,YWHAG,7532
9006,SSC4D,136853
9007,ZP3,7784
9008,DTX2,113878
9009,FDPSP2,619190
9010,UPK3B,80761
9011,LOC100133091,100133091
9012,POMZP3,22932
9013,DTX2P1-UPK3BP1-PMS2P11,441263
9014,PMS2P9,5391
9015,CCDC146,57639
9016,FGL2,10875
9017,GSAP,54103
9018,LOC101927243,101927243
9019,PTPN12,5782
9020,APTR,100505854
9021,RSBN1L,222194
9022,TMEM60,85025
9023,PHTF2,57157
9024,MAGI2,9863
9025,RPL13AP17,399670
9026,MAGI2-AS2,100874021
9027,MAGI2-AS3,100505881
9028,GNAI1,2770
9029,GNAT3,346562
9030,CD36,948
9031,SEMA3C,10512
9032,LOC100128317,100128317
9033,HGF,3082
9034,CACNA2D1,781
9035,LOC101927356,101927356
9036,PCLO,27445
9037,SEMA3E,9723
9038,SEMA3A,10371
9039,LOC101927378,101927378
9040,SEMA3D,223117
9041,GRM3,2913
9042,KIAA1324L,222223
9043,DMTF1,9988
9044,TMEM243,79161
9045,TP53TG1,11257
9046,CROT,54677
9047,ABCB4,5244
9048,ABCB1,5243
9049,RUNDC3B,154661
9050,SLC25A40,55972
9051,DBF4,10926
9052,ADAM22,53616
9053,SRI,6717
9054,LOC102723885,102723885
9055,STEAP4,79689
9056,ZNF804B,219578
9057,C7orf62,219557
9058,STEAP2-AS1,100874100
9059,DPY19L2P4,442523
9060,STEAP1,26872
9061,STEAP2,261729
9062,CFAP69,79846
9063,LOC101927446,101927446
9064,GTPBP10,85865
9065,LOC101409256,101409256
9066,CLDN12,9069
9067,CDK14,5218
9068,FZD1,8321
9069,MTERF1,7978
9070,AKAP9,10142
9071,CYP51A1,1595
9072,LOC613126,613126
9073,LRRD1,401387
9074,KRIT1,889
9075,ANKIB1,54467
9076,GATAD1,57798
9077,PEX1,5189
9078,RBM48,84060
9079,MGC16142,84849
9080,FAM133B,257415
9081,FAM133DP,728066
9082,CDK6,1021
9083,LOC101927497,101927497
9084,SAMD9,54809
9085,SAMD9L,219285
9086,HEPACAM2,253012
9087,VPS50,55610
9088,CALCR,799
9089,TFPI2,7980
9090,GNGT1,2792
9091,GNG11,2791
9092,BET1,10282
9093,COL1A2,1278
9094,CASD1,64921
9095,SGCE,8910
9096,PEG10,23089
9097,PPP1R9A,55607
9098,PON1,5444
9099,PON3,5446
9100,PON2,5445
9101,ASB4,51666
9102,PDK4,5166
9103,DYNC1I1,1780
9104,SLC25A13,10165
9105,C7orf76,401388
9106,LOC100506136,100506136
9107,SHFM1,7979
9108,DLX6-AS1,285987
9109,DLX6,1750
9110,DLX5,1749
9111,SDHAF3,57001
9112,TAC1,6863
9113,ASNS,440
9114,MGC72080,389538
9115,OCM2,4951
9116,LMTK2,22853
9117,BHLHA15,168620
9118,TECPR1,25851
9119,BRI3,25798
9120,BAIAP2L1,55971
9121,NPTX2,4885
9122,TMEM130,222865
9123,TRRAP,8295
9124,LOC101927550,101927550
9125,SMURF1,57154
9126,KPNA7,402569
9127,MYH16,84176
9128,ARPC1A,10552
9129,ARPC1B,10095
9130,PDAP1,11333
9131,BUD31,8896
9132,PTCD1,26024
9133,ATP5J2-PTCD1,100526740
9134,CPSF4,10898
9135,ATP5J2,9551
9136,ZNF789,285989
9137,ZNF394,84124
9138,ZKSCAN5,23660
9139,FAM200A,221786
9140,ZNF655,79027
9141,GS1-259H13.2,100289187
9142,ZSCAN25,221785
9143,CYP3A5,1577
9144,CYP3A7-CYP3A51P,100861540
9145,CYP3A7,1551
9146,CYP3A4,1576
9147,CYP3A43,64816
9148,OR2AE1,81392
9149,TRIM4,89122
9150,GJC3,349149
9151,AZGP1,563
9152,AZGP1P1,646282
9153,ZKSCAN1,7586
9154,ZSCAN21,7589
9155,ZNF3,7551
9156,COPS6,10980
9157,MCM7,4176
9158,AP4M1,9179
9159,TAF6,6878
9160,CNPY4,245812
9161,MBLAC1,255374
9162,LAMTOR4,389541
9163,C7orf43,55262
9164,GAL3ST4,79690
9165,GPC2,221914
9166,STAG3,10734
9167,GATS,352954
9168,PVRIG,79037
9169,SPDYE3,441272
9170,PMS2P1,5379
9171,STAG3L5P-PVRIG2P-PILRB,101752399
9172,STAG3L5P,101735302
9173,PVRIG2P,101752334
9174,PILRB,29990
9175,PILRA,29992
9176,ZCWPW1,55063
9177,MEPCE,56257
9178,PPP1R35,221908
9179,C7orf61,402573
9180,TSC22D4,81628
9181,NYAP1,222950
9182,AGFG2,3268
9183,SAP25,100316904
9184,LRCH4,4034
9185,ZASP,101927655
9186,FBXO24,26261
9187,PCOLCE-AS1,100129845
9188,PCOLCE,5118
9189,MOSPD3,64598
9190,TFR2,7036
9191,ACTL6B,51412
9192,GNB2,2783
9193,GIGYF1,64599
9194,POP7,10248
9195,EPO,2056
9196,ZAN,7455
9197,EPHB4,2050
9198,SLC12A9,56996
9199,TRIP6,7205
9200,SRRT,51593
9201,UFSP1,402682
9202,ACHE,43
9203,MUC3A,4584
9204,MUC12,10071
9205,LOC102724094,102724094
9206,MUC17,140453
9207,TRIM56,81844
9208,SERPINE1,5054
9209,AP1S1,1174
9210,VGF,7425
9211,NAT16,375607
9212,MOGAT3,346606
9213,PLOD3,8985
9214,ZNHIT1,10467
9215,CLDN15,24146
9216,FIS1,51024
9217,LOC101927746,101927746
9218,IFT22,64792
9219,COL26A1,136227
9220,LOC100506527,100506527
9221,MYL10,93408
9222,CUX1,1523
9223,SH2B2,10603
9224,SPDYE6,729597
9225,LOC100289561,100289561
9226,LOC100630923,100630923
9227,PRKRIP1,79706
9228,ORAI2,80228
9229,ALKBH4,54784
9230,LRWD1,222229
9231,POLR2J,5439
9232,RASA4B,100271927
9233,POLR2J3,548644
9234,SPDYE2,441273
9235,RASA4,10156
9236,POLR2J2,246721
9237,UPK3BL,100134938
9238,SPDYE2B,100310812
9239,FAM185A,222234
9240,FBXL13,222235
9241,LRRC17,10234
9242,ARMC10,83787
9243,NAPEPLD,222236
9244,RPL19P12,100129424
9245,DPY19L2P2,349152
9246,PMPCB,9512
9247,DNAJC2,27000
9248,PSMC2,5701
9249,SLC26A5,375611
9250,LOC101927870,101927870
9251,RELN,5649
9252,ORC5,5001
9253,LHFPL3,375612
9254,LHFPL3-AS1,645591
9255,LHFPL3-AS2,723809
9256,LINC01004,100216546
9257,KMT2E-AS1,100216545
9258,KMT2E,55904
9259,SRPK2,6733
9260,PUS7,54517
9261,RINT1,60561
9262,EFCAB10,100130771
9263,ATXN7L1,222255
9264,CDHR3,222256
9265,SYPL1,6856
9266,NAMPT,10135
9267,CCDC71L,168455
9268,PIK3CG,5294
9269,PRKAR2B,5577
9270,HBP1,26959
9271,COG5,10466
9272,GPR22,2845
9273,DUS4L,11062
9274,BCAP29,55973
9275,SLC26A4-AS1,286002
9276,SLC26A4,5172
9277,CBLL1,79872
9278,SLC26A3,1811
9279,DLD,1738
9280,LAMB1,3912
9281,LAMB4,22798
9282,NRCAM,4897
9283,PNPLA8,50640
9284,THAP5,168451
9285,DNAJB9,4189
9286,EIF3IP1,442720
9287,IMMP2L,83943
9288,LRRN3,54674
9289,DOCK4,9732
9290,LOC100506413,100506413
9291,ZNF277,11179
9292,IFRD1,3475
9293,LSMEM1,286006
9294,LOC101928012,101928012
9295,TMEM168,64418
9296,C7orf60,154743
9297,HRAT17,101928036
9298,GPR85,54329
9299,LINC00998,401397
9300,PPP1R3A,5506
9301,FOXP2,93986
9302,MDFIC,29969
9303,LINC01393,102724386
9304,TFEC,22797
9305,TES,26136
9306,LOC102724434,102724434
9307,CAV2,858
9308,CAV1,857
9309,LOC100996266,100996266
9310,MET,4233
9311,CAPZA2,830
9312,ST7-AS1,93653
9313,ST7,7982
9314,ST7-OT4,338069
9315,MIR6132,102466616
9316,ST7-OT3,93655
9317,WNT2,7472
9318,ASZ1,136991
9319,CFTR,1080
9320,CTTNBP2,83992
9321,LSM8,51691
9322,ANKRD7,56311
9323,LVCAT5,105375475
9324,KCND2,3751
9325,TSPAN12,23554
9326,ING3,54556
9327,CPED1,79974
9328,WNT16,51384
9329,FAM3C,10447
9330,PTPRZ1,5803
9331,AASS,10157
9332,FEZF1,389549
9333,FEZF1-AS1,154860
9334,CADPS2,93664
9335,RNF133,168433
9336,RNF148,378925
9337,TAS2R16,50833
9338,SLC13A1,6561
9339,IQUB,154865
9340,NDUFA5,4698
9341,ASB15,142685
9342,LOC102724555,102724555
9343,LMOD2,442721
9344,WASL,8976
9345,HYALP1,26062
9346,HYAL4,23553
9347,SPAM1,6677
9348,TMEM229A,730130
9349,LOC101928211,101928211
9350,GPR37,2861
9351,C7orf77,154872
9352,POT1,25913
9353,POT1-AS1,401398
9354,LOC101928283,101928283
9355,LOC101928254,101928254
9356,GRM8,2918
9357,LOC101928333,101928333
9358,ZNF800,168850
9359,LOC100506682,100506682
9360,GCC1,79571
9361,ARF5,381
9362,FSCN3,29999
9363,PAX4,5078
9364,SND1,27044
9365,SND1-IT1,27099
9366,LRRC4,64101
9367,LEP,3952
9368,MGC27345,157247
9369,RBM28,55131
9370,PRRT4,401399
9371,IMPDH1,3614
9372,HILPDA,29923
9373,METTL2B,55798
9374,LINC01000,402483
9375,FAM71F2,346653
9376,FAM71F1,84691
9377,CALU,813
9378,OPN1SW,611
9379,CCDC136,64753
9380,FLNC,2318
9381,ATP6V1F,9296
9382,LOC100130705,100130705
9383,KCP,375616
9384,IRF5,3663
9385,TNPO3,23534
9386,TPI1P2,286016
9387,LOC407835,407835
9388,TSPAN33,340348
9389,SMO,6608
9390,AHCYL2,23382
9391,STRIP2,57464
9392,SMKR1,100287482
9393,NRF1,4899
9394,UBE2H,7328
9395,ZC3HC1,51530
9396,KLHDC10,23008
9397,TMEM209,84928
9398,SSMEM1,136263
9399,CPA2,1358
9400,CPA4,51200
9401,CPA5,93979
9402,CPA1,1357
9403,CEP41,95681
9404,MEST,4232
9405,MESTIT1,317751
9406,COPG2,26958
9407,TSGA13,114960
9408,KLF14,136259
9409,LOC100506860,100506860
9410,MKLN1,4289
9411,LOC100506881,100506881
9412,PODXL,5420
9413,LOC101928782,101928782
9414,PLXNA4,91584
9415,FLJ40288,286023
9416,CHCHD3,54927
9417,EXOC4,60412
9418,LOC101928861,101928861
9419,LRGUK,136332
9420,SLC35B4,84912
9421,AKR1B1,231
9422,AKR1B10,57016
9423,AKR1B15,441282
9424,BPGM,669
9425,CALD1,800
9426,AGBL3,340351
9427,C7orf49,78996
9428,TMEM140,55281
9429,WDR91,29062
9430,STRA8,346673
9431,CNOT4,4850
9432,NUP205,23165
9433,C7orf73,647087
9434,SLC13A4,26266
9435,FAM180A,389558
9436,MTPN,136319
9437,CHRM2,1129
9438,LOC349160,349160
9439,PTN,5764
9440,DGKI,9162
9441,CREB3L2,64764
9442,LOC100130880,100130880
9443,AKR1D1,6718
9444,TRIM24,8805
9445,SVOPL,136306
9446,ATP6V0A4,50617
9447,TMEM213,155006
9448,KIAA1549,57670
9449,ZC3HAV1L,92092
9450,ZC3HAV1,56829
9451,TTC26,79989
9452,UBN2,254048
9453,LUC7L2,51631
9454,C7orf55,154791
9455,C7orf55-LUC7L2,100996928
9456,LOC100129148,100129148
9457,KLRG2,346689
9458,CLEC2L,154790
9459,HIPK2,28996
9460,TBXAS1,6916
9461,PARP12,64761
9462,KDM7A,80853
9463,JHDM1D-AS1,100134229
9464,SLC37A3,84255
9465,RAB19,401409
9466,MKRN1,23608
9467,DENND2A,27147
9468,ADCK2,90956
9469,NDUFB2-AS1,100134713
9470,NDUFB2,4708
9471,BRAF,673
9472,MRPS33,51650
9473,TMEM178B,100507421
9474,AGK,55750
9475,KIAA1147,57189
9476,WEE2-AS1,285962
9477,WEE2,494551
9478,SSBP1,6742
9479,TAS2R3,50831
9480,TAS2R4,50832
9481,TAS2R5,54429
9482,PRSS37,136242
9483,OR9A4,130075
9484,CLEC5A,23601
9485,TAS2R38,5726
9486,MGAM,8972
9487,MGAM2,93432
9488,MOXD2P,100289017
9489,PRSS58,136541
9490,TRY2P,207147
9491,MTRNR2L6,100463482
9492,PRSS1,5644
9493,PRSS3P2,154754
9494,EPHB6,2051
9495,TRPV6,55503
9496,TRPV5,56302
9497,C7orf34,135927
9498,KEL,3792
9499,OR9A2,135924
9500,OR6V1,346517
9501,OR6W1P,89883
9502,PIP,5304
9503,TAS2R39,259285
9504,TAS2R40,259286
9505,GSTK1,373156
9506,TMEM139,135932
9507,CASP2,835
9508,CLCN1,1180
9509,FAM131B,9715
9510,ZYX,7791
9511,MIR6892,102465538
9512,EPHA1,2041
9513,EPHA1-AS1,285965
9514,TAS2R60,338398
9515,TAS2R41,259287
9516,CTAGE15,441294
9517,TCAF2,285966
9518,CTAGE6,340307
9519,FAM115D,653691
9520,LOC154761,154761
9521,TCAF1,9747
9522,OR2F2,135948
9523,OR2F1,26211
9524,OR6B1,135946
9525,OR2A5,393046
9526,OR2A25,392138
9527,OR2A12,346525
9528,OR2A2,442361
9529,OR2A14,135941
9530,CTAGE4,100128553
9531,ARHGEF35,445328
9532,LOC101928605,101928605
9533,OR2A42,402317
9534,OR2A20P,401428
9535,OR2A7,401427
9536,ARHGEF34P,728377
9537,CTAGE8,100142659
9538,OR2A9P,441295
9539,ARHGEF5,7984
9540,NOBOX,135935
9541,TPK1,27010
9542,CNTNAP2,26047
9543,LOC101928700,101928700
9544,C7orf33,202865
9545,CUL1,8454
9546,EZH2,2146
9547,GHET1,102723099
9548,PDIA4,9601
9549,ZNF786,136051
9550,ZNF425,155054
9551,ZNF398,57541
9552,ZNF282,8427
9553,ZNF212,7988
9554,ZNF783,100289678
9555,LOC155060,155060
9556,ZNF777,27153
9557,ZNF746,155061
9558,ZNF767P,79970
9559,KRBA1,84626
9560,ZNF467,168544
9561,SSPO,23145
9562,ZNF862,643641
9563,ATP6V0E2-AS1,401431
9564,ATP6V0E2,155066
9565,ACTR3C,653857
9566,LRRC61,65999
9567,ZBED6CL,113763
9568,RARRES2,5919
9569,REPIN1,29803
9570,ZNF775,285971
9571,LOC728743,728743
9572,LINC00996,285972
9573,GIMAP8,155038
9574,GIMAP7,168537
9575,GIMAP4,55303
9576,GIMAP6,474344
9577,GIMAP2,26157
9578,GIMAP1,170575
9579,GIMAP1-GIMAP5,100527949
9580,GIMAP5,55340
9581,TMEM176B,28959
9582,TMEM176A,55365
9583,AOC1,26
9584,KCNH2,3757
9585,NOS3,4846
9586,ATG9B,285973
9587,ABCB8,11194
9588,ASIC3,9311
9589,CDK5,1020
9590,SLC4A2,6522
9591,FASTK,10922
9592,TMUB1,83590
9593,AGAP3,116988
9594,GBX1,2636
9595,ASB10,136371
9596,IQCA1P1,392843
9597,ABCF2,10061
9598,CHPF2,54480
9599,MIR671,768213
9600,SMARCD3,6604
9601,NUB1,51667
9602,WDR86,349136
9603,WDR86-AS1,100131176
9604,CRYGN,155051
9605,RHEB,6009
9606,PRKAG2,51422
9607,PRKAG2-AS1,100505483
9608,GALNTL5,168391
9609,GALNT11,63917
9610,KMT2C,58508
9611,FABP5P3,220832
9612,LINC01003,100128822
9613,XRCC2,7516
9614,ACTR3B,57180
9615,LINC01287,103724390
9616,DPP6,1804
9617,PAXIP1-AS2,100132707
9618,PAXIP1,22976
9619,PAXIP1-AS1,202781
9620,HTR5A-AS1,100128264
9621,HTR5A,3361
9622,INSIG1,3638
9623,BLACE,338436
9624,EN2,2020
9625,CNPY1,285888
9626,LOC100506302,100506302
9627,RBM33,155435
9628,SHH,6469
9629,LOC389602,389602
9630,LOC285889,285889
9631,LOC100506380,100506380
9632,LINC00244,64433
9633,C7orf13,129790
9634,RNF32,140545
9635,LMBR1,64327
9636,NOM1,64434
9637,MNX1,3110
9638,MNX1-AS1,645249
9639,UBE3C,9690
9640,DNAJB6,10049
9641,LOC101927914,101927914
9642,PTPRN2,5799
9643,LOC100506585,100506585
9644,NCAPG2,54892
9645,ESYT2,57488
9646,WDR60,55112
9647,LINC00689,154822
9648,VIPR2,7434
9649,OR4F21,441308
9650,RPL23AP53,644128
9651,ZNF596,169270
9652,FAM87A,157693
9653,FBXO25,26260
9654,TDRP,157695
9655,ERICH1,157697
9656,ERICH1-AS1,619343
9657,LOC286083,286083
9658,DLGAP2,9228
9659,LOC100507435,100507435
9660,CLN8,2055
9661,ARHGEF10,9639
9662,KBTBD11-OT1,104266957
9663,KBTBD11,9920
9664,MYOM2,9172
9665,LOC101927815,101927815
9666,CSMD1,64478
9667,LOC100287015,100287015
9668,MCPH1,79648
9669,ANGPT2,285
9670,LOC100507530,100507530
9671,AGPAT5,55326
9672,XKR5,389610
9673,GS1-24F4.2,100652791
9674,DEFB1,1672
9675,DEFA6,1671
9676,DEFA4,1669
9677,DEFA8P,449491
9678,DEFA1,1667
9679,DEFA1B,728358
9680,DEFT1P,170949
9681,DEFA3,1668
9682,DEFA11P,724068
9683,DEFA5,1670
9684,LINC00965,349196
9685,FAM66B,100128890
9686,USP17L1,401447
9687,USP17L4,645402
9688,DEFB4B,100289462
9689,SPAG11B,10407
9690,DEFB107B,503614
9691,LOC100131608,100131608
9692,FAM90A7P,441317
9693,FAM90A10P,441328
9694,LOC100133251,100133251
9695,SPAG11A,653423
9696,DEFB103A,414325
9697,DEFB4A,1673
9698,ZNF705B,100132396
9699,FAM66E,100132103
9700,USP17L8,392188
9701,USP17L3,645836
9702,FAM86B3P,286042
9703,SGK223,157285
9704,CLDN23,137075
9705,MFHAS1,9258
9706,ERI1,90459
9707,PPP1R3B,79660
9708,LOC101929128,101929128
9709,LOC157273,157273
9710,TNKS,8658
9711,LINC00599,157627
9712,MSRA,4482
9713,LINCR-0001,101929191
9714,PRSS55,203074
9715,RP1L1,94137
9716,C8orf74,203076
9717,SOX7,83595
9718,PINX1,54984
9719,LOC101929229,101929229
9720,XKR6,286046
9721,MTMR9,66036
9722,SLC35G5,83650
9723,TDH,157739
9724,FAM167A-AS1,83656
9725,FAM167A,83648
9726,BLK,640
9727,LINC00208,83655
9728,GATA4,2626
9729,C8orf49,606553
9730,NEIL2,252969
9731,FDFT1,2222
9732,CTSB,1508
9733,DEFB136,613210
9734,DEFB134,613211
9735,ZNF705D,728957
9736,FAM66D,100132923
9737,LOC392196,392196
9738,USP17L7,392197
9739,USP17L2,377630
9740,FAM90A2P,729689
9741,FAM86B1,85002
9742,FAM66A,100133172
9743,LOC649352,649352
9744,DEFB109P1,245912
9745,FAM90A25P,389633
9746,FAM86B2,653333
9747,LOC100506990,100506990
9748,LOC729732,729732
9749,LONRF1,91694
9750,LOC340357,340357
9751,LINC00681,101409254
9752,KIAA1456,57604
9753,DLC1,10395
9754,C8orf48,157773
9755,SGCZ,137868
9756,TUSC3,7991
9757,MSR1,4481
9758,FGF20,26281
9759,MICU3,286097
9760,ZDHHC2,51201
9761,CNOT7,29883
9762,VPS37A,137492
9763,MTMR7,9108
9764,SLC7A2,6542
9765,PDGFRL,5157
9766,MTUS1,57509
9767,FGL1,2267
9768,PCM1,5108
9769,ASAH1,427
9770,LOC101929066,101929066
9771,NAT1,9
9772,NAT2,10
9773,PSD3,23362
9774,LOC100128993,100128993
9775,SH2D4A,63898
9776,CSGALNACT1,55790
9777,INTS10,55174
9778,LPL,4023
9779,SLC18A1,6570
9780,ATP6V1B2,526
9781,LZTS1,11178
9782,LZTS1-AS1,100874051
9783,LOC102467222,102467222
9784,LOC286114,286114
9785,LOC101929172,101929172
9786,GFRA2,2675
9787,DOK2,9046
9788,XPO7,23039
9789,NPM2,10361
9790,FGF17,8822
9791,DMTN,2039
9792,FAM160B2,64760
9793,NUDT18,79873
9794,HR,55806
9795,REEP4,80346
9796,LGI3,203190
9797,SFTPC,6440
9798,BMP1,649
9799,PHYHIP,9796
9800,POLR3D,661
9801,PIWIL2,55124
9802,SLC39A14,23516
9803,PPP3CC,5533
9804,SORBS3,10174
9805,PDLIM2,64236
9806,C8orf58,541565
9807,CCAR2,57805
9808,BIN3,55909
9809,BIN3-IT1,80094
9810,EGR3,1960
9811,PEBP4,157310
9812,LOC101929237,101929237
9813,RHOBTB2,23221
9814,TNFRSF10B,8795
9815,LOC286059,286059
9816,LOC254896,254896
9817,TNFRSF10C,8794
9818,TNFRSF10D,8793
9819,TNFRSF10A,8797
9820,LOC389641,389641
9821,CHMP7,91782
9822,R3HCC1,203069
9823,LOXL2,4017
9824,LOC100507156,100507156
9825,ENTPD4,9583
9826,SLC25A37,51312
9827,NKX3-1,4824
9828,NKX2-6,137814
9829,STC1,6781
9830,ADAM28,10863
9831,LOC101929294,101929294
9832,ADAMDEC1,27299
9833,ADAM7,8756
9834,LOC101929315,101929315
9835,NEFM,4741
9836,NEFL,4747
9837,DOCK5,80005
9838,GNRH1,2796
9839,KCTD9,54793
9840,CDCA2,157313
9841,EBF2,64641
9842,PPP2R2A,5520
9843,BNIP3L,665
9844,PNMA2,10687
9845,DPYSL2,1808
9846,ADRA1A,148
9847,STMN4,81551
9848,TRIM35,23087
9849,PTK2B,2185
9850,CHRNA2,1135
9851,EPHX2,2053
9852,CLU,1191
9853,MIR6843,102465508
9854,SCARA3,51435
9855,CCDC25,55246
9856,ESCO2,157570
9857,PBK,55872
9858,SCARA5,286133
9859,NUGGC,389643
9860,ELP3,55140
9861,PNOC,5368
9862,ZNF395,55893
9863,FBXO16,157574
9864,FZD3,7976
9865,EXTL3-AS1,340414
9866,EXTL3,2137
9867,INTS9,55756
9868,HMBOX1,79618
9869,KIF13B,23303
9870,DUSP4,1846
9871,LINC00589,619351
9872,LOC101929450,101929450
9873,LOC101929470,101929470
9874,FAM183CP,286135
9875,SARAF,51669
9876,LEPROTL1,23484
9877,MBOAT4,619373
9878,DCTN6,10671
9879,RBPMS-AS1,100128750
9880,RBPMS,11030
9881,GTF2E2,2961
9882,SMIM18,100507341
9883,GSR,2936
9884,UBXN8,7993
9885,PPP2CB,5516
9886,TEX15,56154
9887,PURG,29942
9888,WRN,7486
9889,NRG1,3084
9890,NRG1-IT1,100856811
9891,NRG1-IT3,100874286
9892,FUT10,84750
9893,MAK16,84549
9894,TTI2,80185
9895,RNF122,79845
9896,DUSP26,78986
9897,LINC01288,103689844
9898,UNC5D,137970
9899,LOC101929550,101929550
9900,KCNU1,157855
9901,ZNF703,80139
9902,LOC101929622,101929622
9903,LOC102723701,102723701
9904,ERLIN2,11160
9905,LOC728024,728024
9906,PROSC,11212
9907,ADGRA2,25960
9908,BRF2,55290
9909,RAB11FIP1,80223
9910,GOT1L1,137362
9911,ADRB3,155
9912,EIF4EBP1,1978
9913,ASH2L,9070
9914,STAR,6770
9915,LSM1,27257
9916,BAG4,9530
9917,DDHD2,23259
9918,PLPP5,84513
9919,WHSC1L1,54904
9920,LETM2,137994
9921,FGFR1,2260
9922,C8orf86,389649
9923,RNF5P1,286140
9924,TACC1,6867
9925,PLEKHA2,59339
9926,HTRA4,203100
9927,TM2D2,83877
9928,ADAM9,8754
9929,ADAM32,203102
9930,ADAM5,255926
9931,ADAM3A,1587
9932,ADAM18,8749
9933,ADAM2,2515
9934,IDO1,3620
9935,IDO2,169355
9936,C8orf4,56892
9937,ZMAT4,79698
9938,SFRP1,6422
9939,GOLGA7,51125
9940,GINS4,84296
9941,LOC102723729,102723729
9942,GPAT4,137964
9943,NKX6-3,157848
9944,ANK1,286
9945,KAT6A,7994
9946,AP3M2,10947
9947,PLAT,5327
9948,LOC101929897,101929897
9949,IKBKB,3551
9950,POLB,5423
9951,DKK4,27121
9952,VDAC3,7419
9953,SLC20A2,6575
9954,SMIM19,114926
9955,CHRNB3,1142
9956,CHRNA6,8973
9957,THAP1,55145
9958,RNF170,81790
9959,HOOK3,84376
9960,FNTA,2339
9961,POMK,84197
9962,HGSNAT,138050
9963,POTEA,340441
9964,LINC00293,497634
9965,LOC100287846,100287846
9966,SPIDR,23514
9967,CEBPD,1052
9968,PRKDC,5591
9969,MCM4,4173
9970,UBE2V2,7336
9971,LOC101929268,101929268
9972,EFCAB1,79645
9973,SNAI2,6591
9974,C8orf22,492307
9975,SNTG1,54212
9976,PXDNL,137902
9977,PCMTD1,115294
9978,ST18,9705
9979,FAM150A,389658
9980,RB1CC1,9821
9981,NPBWR1,2831
9982,OPRK1,4986
9983,ATP6V1H,51606
9984,RGS20,8601
9985,TCEA1,6917
9986,LYPLA1,10434
9987,MRPL15,29088
9988,SOX17,64321
9989,RP1,6101
9990,XKR4,114786
9991,SBF1P1,100133234
9992,TMEM68,137695
9993,TGS1,96764
9994,LYN,4067
9995,RPS20,6224
9996,MOS,4342
9997,PLAG1,5324
9998,CHCHD7,79145
9999,SDR16C5,195814
10000,SDR16C6P,442388
10001,PENK,5179
10002,LOC101929415,101929415
10003,LINC00968,100507632
10004,IMPAD1,54928
10005,LINC01606,100507651
10006,LOC286177,286177
10007,LINC00588,26138
10008,LOC101929488,101929488
10009,T1560,100505477
10010,FAM110B,90362
10011,LOC101929528,101929528
10012,UBXN2B,137886
10013,CYP7A1,1581
10014,SDCBP,6386
10015,NSMAF,8439
10016,TOX,9760
10017,CA8,767
10018,LOC100505532,100505532
10019,RAB2A,5862
10020,CHD7,55636
10021,LOC100130298,100130298
10022,CLVS1,157807
10023,ASPH,444
10024,NKAIN3,286183
10025,UG0898H09,643763
10026,GGH,8836
10027,TTPA,7274
10028,YTHDF3-AS1,101410533
10029,YTHDF3,253943
10030,LOC102724612,102724612
10031,LINC01289,286184
10032,LOC102724623,102724623
10033,MIR124-2HG,100130155
10034,LOC401463,401463
10035,BHLHE22,27319
10036,CYP7B1,9420
10037,LINC00251,552859
10038,LINC01299,286186
10039,ARMC1,55156
10040,MTFR1,9650
10041,PDE7A,5150
10042,DNAJC5B,85479
10043,TRIM55,84675
10044,CRH,1392
10045,LINC00967,100505659
10046,RRS1-AS1,100505676
10047,RRS1,23212
10048,ADHFE1,137872
10049,C8orf46,254778
10050,MYBL1,4603
10051,VCPIP1,80124
10052,C8orf44,56260
10053,C8orf44-SGK3,100533105
10054,SGK3,23678
10055,PTTG3P,26255
10056,MCMDC2,157777
10057,SNHG6,641638
10058,TCF24,100129654
10059,PPP1R42,286187
10060,COPS5,10987
10061,CSPP1,79848
10062,ARFGEF1,10565
10063,CPA6,57094
10064,PREX2,80243
10065,C8orf34-AS1,286189
10066,C8orf34,116328
10067,LINC01592,100505718
10068,LOC100505739,100505739
10069,SULF1,23213
10070,SLCO5A1,81796
10071,PRDM14,63978
10072,NCOA2,10499
10073,LOC101926892,101926892
10074,TRAM1,23471
10075,LACTB2-AS1,286190
10076,LACTB2,51110
10077,XKR9,389668
10078,EYA1,2138
10079,MSC,9242
10080,MSC-AS1,100132891
10081,TRPA1,8989
10082,LOC392232,392232
10083,KCNB2,9312
10084,LOC101926908,101926908
10085,TERF1,7013
10086,SBSPON,157869
10087,C8orf89,100130301
10088,RPL7,6129
10089,RDH10,157506
10090,RDH10-AS1,101926926
10091,STAU2-AS1,100128126
10092,STAU2,27067
10093,UBE2W,55284
10094,TCEB1,6921
10095,TMEM70,54968
10096,LY96,23643
10097,JPH1,56704
10098,GDAP1,54332
10099,MIR2052HG,441355
10100,PI15,51050
10101,CRISPLD1,83690
10102,CASC9,101805492
10103,HNF4G,3174
10104,LINC01111,101926978
10105,ZFHX4-AS1,100192378
10106,ZFHX4,79776
10107,PEX2,5828
10108,PKIA,5569
10109,PKIA-AS1,101927003
10110,ZC2HC1A,51101
10111,LOC101241902,101241902
10112,IL7,3574
10113,STMN2,11075
10114,HEY1,23462
10115,LINC01607,101927067
10116,LOC101927040,101927040
10117,MRPS28,28957
10118,TPD52,7163
10119,ZBTB10,65986
10120,ZNF704,619279
10121,PAG1,55824
10122,FABP5,2171
10123,PMP2,5375
10124,FABP4,2167
10125,FABP12,646486
10126,IMPA1,3612
10127,SLC10A5,347051
10128,ZFAND1,79752
10129,CHMP4C,92421
10130,SNX16,64089
10131,LINC01419,103352670
10132,RALYL,138046
10133,LRRCC1,85444
10134,E2F5,1875
10135,C8orf59,401466
10136,CA13,377677
10137,CA1,759
10138,CA3,761
10139,LOC100996348,100996348
10140,CA2,760
10141,PSKH2,85481
10142,ATP6V0D2,245972
10143,SLC7A13,157724
10144,WWP1,11059
10145,RMDN1,51115
10146,CPNE3,8895
10147,CNGB3,54714
10148,CNBD1,168975
10149,DCAF4L2,138009
10150,MMP16,4325
10151,LOC101929709,101929709
10152,RIPK2,8767
10153,OSGIN2,734
10154,NBN,4683
10155,DECR1,1666
10156,CALB1,793
10157,LINC00534,100874052
10158,LINC01030,101937451
10159,TMEM64,169200
10160,NECAB1,64168
10161,C8orf88,100127983
10162,TMEM55A,55529
10163,LOC100506365,100506365
10164,OTUD6B,51633
10165,LRRC69,100130742
10166,SLC26A7,115111
10167,RUNX1T1,862
10168,LOC102724710,102724710
10169,FLJ46284,441369
10170,TRIQK,286144
10171,C8orf87,389676
10172,LINC00535,642924
10173,FAM92A1,137392
10174,RBM12B,389677
10175,RBM12B-AS1,55472
10176,TMEM67,91147
10177,PDP1,54704
10178,CDH17,1015
10179,GEM,2669
10180,RAD54B,25788
10181,FSBP,100861412
10182,KIAA1429,25962
10183,LOC100288748,100288748
10184,ESRP1,54845
10185,DPY19L4,286148
10186,INTS8,55656
10187,CCNE2,9134
10188,TP53INP1,94241
10189,NDUFAF6,137682
10190,PLEKHF2,79666
10191,LINC01298,619344
10192,C8orf37,157657
10193,C8orf37-AS1,100616530
10194,LOC100500773,100500773
10195,GDF6,392255
10196,UQCRB,7381
10197,MTERF3,51001
10198,PTDSS1,9791
10199,LOC102724804,102724804
10200,SDC2,6383
10201,CPQ,10404
10202,LOC101927066,101927066
10203,TSPYL5,85453
10204,MTDH,92140
10205,LAPTM4B,55353
10206,MATN2,4147
10207,RPL30,6156
10208,SNORA72,26775
10209,ERICH5,203111
10210,HRSP12,10247
10211,POP1,10940
10212,NIPAL2,79815
10213,KCNS2,3788
10214,STK3,6788
10215,OSR2,116039
10216,VPS13B,157680
10217,COX6C,1345
10218,RGS22,26166
10219,FBXO43,286151
10220,POLR2K,5440
10221,SPAG1,6674
10222,RNF19A,25897
10223,ANKRD46,157567
10224,SNX31,169166
10225,PABPC1,26986
10226,YWHAZ,7534
10227,FLJ42969,441374
10228,ZNF706,51123
10229,NACAP1,83955
10230,GRHL2,79977
10231,NCALD,83988
10232,LOC104054148,104054148
10233,RRM2B,50484
10234,UBR5-AS1,101927221
10235,UBR5,51366
10236,ODF1,4956
10237,KLF10,7071
10238,AZIN1,51582
10239,LOC100506753,100506753
10240,ATP6V1C1,528
10241,BAALC-AS2,157556
10242,BAALC,79870
10243,BAALC-AS1,100499183
10244,FZD6,8323
10245,CTHRC1,115908
10246,SLC25A32,81034
10247,DCAF13,25879
10248,RIMS2,9699
10249,DCSTAMP,81501
10250,DPYS,1807
10251,LRP12,29967
10252,ZFPM2,23414
10253,ZFPM2-AS1,102723356
10254,OXR1,55074
10255,ABRA,137735
10256,ANGPT1,284
10257,RSPO2,340419
10258,EIF3E,3646
10259,EMC2,9694
10260,TMEM74,157753
10261,TRHR,7201
10262,NUDCD1,84955
10263,ENY2,56943
10264,PKHD1L1,93035
10265,EBAG9,9166
10266,SYBU,55638
10267,KCNV1,27012
10268,LINC01608,101927459
10269,LINC01609,101927487
10270,CSMD3,114788
10271,TRPS1,7227
10272,LINC00536,100859921
10273,EIF3H,8667
10274,UTP23,84294
10275,RAD21,5885
10276,RAD21-AS1,644660
10277,AARD,441376
10278,SLC30A8,169026
10279,MED30,90390
10280,EXT1,2131
10281,SAMD12,401474
10282,SAMD12-AS1,552860
10283,TNFRSF11B,4982
10284,COLEC10,10584
10285,MAL2,114569
10286,NOV,4856
10287,ENPP2,5168
10288,TAF2,6873
10289,DSCC1,79075
10290,DEPTOR,64798
10291,COL14A1,7373
10292,MRPL13,28998
10293,MTBP,27085
10294,SNTB1,6641
10295,LOC101927543,101927543
10296,HAS2,3037
10297,HAS2-AS1,594842
10298,LOC105375734,105375734
10299,LINC01151,104266958
10300,ZHX2,22882
10301,DERL1,79139
10302,TBC1D31,93594
10303,FAM83A,84985
10304,FAM83A-AS1,100131726
10305,C8orf76,84933
10306,ZHX1-C8orf76,100533106
10307,ZHX1,11244
10308,ATAD2,29028
10309,WDYHV1,55093
10310,FBXO32,114907
10311,KLHL38,340359
10312,ANXA13,312
10313,FAM91A1,157769
10314,FER1L6,654463
10315,FER1L6-AS1,439941
10316,FER1L6-AS2,157376
10317,LOC101927588,101927588
10318,TMEM65,157378
10319,TRMT12,55039
10320,RNF139-AS1,101927612
10321,RNF139,11236
10322,TATDN1,83940
10323,NDUFB9,4715
10324,MTSS1,9788
10325,LINC00964,157381
10326,ZNF572,137209
10327,SQLE,6713
10328,KIAA0196,9897
10329,NSMCE2,286053
10330,TRIB1,10221
10331,LINC00861,100130231
10332,LOC101927657,101927657
10333,FAM84B,157638
10334,PCAT1,100750225
10335,PCAT2,103164619
10336,PRNCR1,101867536
10337,CASC19,103021165
10338,CCAT1,100507056
10339,CASC21,103021164
10340,CASC8,727677
10341,CCAT2,101805488
10342,POU5F1B,5462
10343,LOC100270680,100270680
10344,MYC,4609
10345,PVT1,5820
10346,TMEM75,641384
10347,LINC00824,101927774
10348,LINC00977,728724
10349,CCDC26,137196
10350,GSDMC,56169
10351,FAM49B,51571
10352,ASAP1,50807
10353,ASAP1-IT2,100507117
10354,ASAP1-IT1,29065
10355,ADCY8,114
10356,EFR3A,23167
10357,OC90,729330
10358,HHLA1,10086
10359,KCNQ3,3786
10360,HPYR1,93668
10361,LRRC6,23639
10362,TMEM71,137835
10363,PHF20L1,51105
10364,TG,7038
10365,SLA,6503
10366,WISP1,8840
10367,NDRG1,10397
10368,ST3GAL1,6482
10369,LOC101927798,101927798
10370,LOC101927822,101927822
10371,ZFAT,57623
10372,ZFAT-AS1,594840
10373,NCRNA00250,552853
10374,LOC101927845,101927845
10375,LINC01591,286094
10376,KHDRBS3,10656
10377,LOC101927915,101927915
10378,FAM135B,51059
10379,COL22A1,169044
10380,KCNK9,51305
10381,TRAPPC9,83696
10382,CHRAC1,54108
10383,AGO2,27161
10384,PTK2,5747
10385,DENND3,22898
10386,SLC45A4,57210
10387,LINC01300,731779
10388,GPR20,2843
10389,PTP4A3,11156
10390,MROH5,389690
10391,LINC00051,619434
10392,TSNARE1,203062
10393,ADGRB1,575
10394,ARC,23237
10395,JRK,8629
10396,PSCA,8000
10397,LY6K,54742
10398,LOC100288181,100288181
10399,THEM6,51337
10400,SLURP1,57152
10401,LYPD2,137797
10402,LYNX1,66004
10403,LY6D,8581
10404,GML,2765
10405,CYP11B1,1584
10406,CYP11B2,1585
10407,LOC100133669,100133669
10408,CDC42P3,100128627
10409,LY6E,4061
10410,C8orf31,286122
10411,LY6H,4062
10412,GPIHBP1,338328
10413,ZFP41,286128
10414,GLI4,2738
10415,LOC100507316,100507316
10416,ZNF696,79943
10417,TOP1MT,116447
10418,RHPN1-AS1,78998
10419,RHPN1,114822
10420,MAFA-AS1,104326051
10421,MAFA,389692
10422,ZC3H3,23144
10423,GSDMD,79792
10424,MROH6,642475
10425,NAPRT,93100
10426,EEF1D,1936
10427,TIGD5,84948
10428,PYCRL,65263
10429,TSTA3,7264
10430,ZNF623,9831
10431,ZNF707,286075
10432,BREA2,286076
10433,CCDC166,100130274
10434,MAPK15,225689
10435,FAM83H,286077
10436,FAM83H-AS1,100128338
10437,SCRIB,23513
10438,PUF60,22827
10439,NRBP2,340371
10440,EPPK1,83481
10441,PLEC,5339
10442,PARP10,84875
10443,GRINA,2907
10444,SPATC1,375686
10445,OPLAH,26873
10446,EXOSC4,54512
10447,GPAA1,8733
10448,CYC1,1537
10449,SHARPIN,81858
10450,MAF1,84232
10451,WDR97,340390
10452,HGH1,51236
10453,MROH1,727957
10454,SCX,642658
10455,BOP1,23246
10456,HSF1,3297
10457,DGAT1,8694
10458,SCRT1,83482
10459,TMEM249,340393
10460,FBXL6,26233
10461,SLC52A2,79581
10462,ADCK5,203054
10463,CPSF1,29894
10464,SLC39A4,55630
10465,VPS28,51160
10466,TONSL,4796
10467,LOC100287098,100287098
10468,CYHR1,50626
10469,KIFC2,90990
10470,FOXH1,8928
10471,PPP1R16A,84988
10472,GPT,2875
10473,MFSD3,113655
10474,RECQL4,9401
10475,LRRC14,9684
10476,LRRC24,441381
10477,C8orf82,414919
10478,ARHGAP39,80728
10479,ZNF251,90987
10480,ZNF34,80778
10481,RPL8,6132
10482,ZNF517,340385
10483,ZNF7,7553
10484,COMMD5,28991
10485,ZNF250,58500
10486,ZNF16,7564
10487,ZNF252P,286101
10488,TMED10P1,286102
10489,ZNF252P-AS1,286103
10490,C8orf33,65265
10491,DDX11L5,100287596
10492,WASH1,100287171
10493,FAM138C,654835
10494,PGM5P3-AS1,101929127
10495,FOXD4,2298
10496,CBWD1,55871
10497,C9orf66,157983
10498,DOCK8,81704
10499,KANK1,23189
10500,DMRT1,1761
10501,DMRT3,58524
10502,LINC01230,102800446
10503,DMRT2,10655
10504,SMARCA2,6595
10505,VLDLR-AS1,401491
10506,VLDLR,7436
10507,KCNV2,169522
10508,PUM3,9933
10509,LINC01231,101929247
10510,RFX3,5991
10511,RFX3-AS1,101929302
10512,GLIS3,169792
10513,GLIS3-AS1,84850
10514,SLC1A1,6505
10515,SPATA6L,55064
10516,PLPP6,403313
10517,CDC37L1-AS1,101929351
10518,CDC37L1,55664
10519,AK3,50808
10520,RCL1,10171
10521,JAK2,3717
10522,INSL6,11172
10523,INSL4,3641
10524,RLN2,6019
10525,RLN1,6013
10526,PLGRKT,55848
10527,CD274,29126
10528,PDCD1LG2,80380
10529,RIC1,57589
10530,ERMP1,79956
10531,MLANA,2315
10532,KIAA2026,158358
10533,RANBP6,26953
10534,IL33,90865
10535,TPD52L3,89882
10536,UHRF2,115426
10537,GLDC,2731
10538,KDM4C,23081
10539,TMEM261,90871
10540,PTPRD,5789
10541,PTPRD-AS1,101929407
10542,PTPRD-AS2,101929428
10543,TYRP1,7306
10544,LURAP1L-AS1,101929467
10545,LURAP1L,286343
10546,MPDZ,8777
10547,FLJ41200,401492
10548,NFIB,4781
10549,ZDHHC21,340481
10550,CER1,9350
10551,FREM1,158326
10552,LOC389705,389705
10553,TTC39B,158219
10554,SNAPC3,6619
10555,PSIP1,11168
10556,CCDC171,203238
10557,C9orf92,100129385
10558,BNC2,54796
10559,CNTLN,54875
10560,SH3GL2,6456
10561,ADAMTSL1,92949
10562,SAXO1,158297
10563,RRAGA,10670
10564,HAUS6,54801
10565,SCARNA8,677776
10566,PLIN2,123
10567,DENND4C,55667
10568,RPS6,6194
10569,ACER2,340485
10570,SLC24A2,25769
10571,MLLT3,4300
10572,FOCAD,54914
10573,FOCAD-AS1,101929548
10574,HACD4,401494
10575,IFNB1,3456
10576,IFNW1,3467
10577,IFNA21,3452
10578,IFNA4,3441
10579,IFNA7,3444
10580,IFNA10,3446
10581,IFNA16,3449
10582,IFNA17,3451
10583,IFNA14,3448
10584,IFNA22P,3453
10585,KLHL9,55958
10586,IFNA6,3443
10587,IFNA13,3447
10588,IFNA2,3440
10589,IFNA8,3445
10590,IFNA1,3439
10591,MIR31HG,554202
10592,IFNE,338376
10593,MTAP,4507
10594,CDKN2A-AS1,51198
10595,CDKN2A,1029
10596,CDKN2B-AS1,100048912
10597,CDKN2B,1030
10598,DMRTA1,63951
10599,LINC01239,441389
10600,LOC101929563,101929563
10601,ELAVL2,1993
10602,IZUMO3,100129669
10603,TUSC1,286319
10604,LINC01241,101929582
10605,LOC100506422,100506422
10606,CAAP1,79886
10607,PLAA,9373
10608,IFT74,80173
10609,IFT74-AS1,101929602
10610,LRRC19,64922
10611,TEK,7010
10612,LINC00032,158035
10613,EQTN,54586
10614,MOB3B,79817
10615,IFNK,56832
10616,C9orf72,203228
10617,LINGO2,158038
10618,LINC01242,401497
10619,ACO1,48
10620,DDX58,23586
10621,TOPORS,10210
10622,TOPORS-AS1,100129250
10623,NDUFB6,4712
10624,TAF1L,138474
10625,TMEM215,401498
10626,APTX,54840
10627,DNAJA1,3301
10628,SMU1,55234
10629,B4GALT1,2683
10630,B4GALT1-AS1,101929639
10631,SPINK4,27290
10632,BAG1,573
10633,CHMP5,51510
10634,NFX1,4799
10635,AQP7,364
10636,AQP3,360
10637,NOL6,65083
10638,SUGT1P1,441394
10639,ANKRD18B,441459
10640,ANXA2P2,304
10641,PTENP1,11191
10642,PTENP1-AS,101243555
10643,LINC01251,101929688
10644,PRSS3,5646
10645,UBE2R2,54926
10646,UBAP2,55833
10647,DCAF12,25853
10648,UBAP1,51271
10649,KIF24,347240
10650,NUDT2,318
10651,KIAA1161,57462
10652,C9orf24,84688
10653,FAM219A,203259
10654,DNAI1,27019
10655,ENHO,375704
10656,CNTFR,1271
10657,CNTFR-AS1,415056
10658,RPP25L,138716
10659,DCTN3,11258
10660,ARID3C,138715
10661,SIGMAR1,10280
10662,GALT,2592
10663,IL11RA,3590
10664,CCL27,10850
10665,CCL19,6363
10666,CCL21,6366
10667,FAM205A,259308
10668,FAM205BP,389715
10669,FAM205CP,100129969
10670,PHF24,23349
10671,DNAJB5-AS1,101926900
10672,DNAJB5,25822
10673,C9orf131,138724
10674,VCP,7415
10675,FANCG,2189
10676,PIGO,84720
10677,STOML2,30968
10678,FAM214B,80256
10679,UNC13B,10497
10680,ATP8B5P,158381
10681,RUSC2,9853
10682,FAM166B,730112
10683,TESK1,7016
10684,CD72,971
10685,SIT1,27240
10686,RMRP,6023
10687,CCDC107,203260
10688,ARHGEF39,84904
10689,CA9,768
10690,TPM2,7169
10691,TLN1,7094
10692,CREB3,10488
10693,GBA2,57704
10694,RGP1,9827
10695,MSMP,692094
10696,NPR2,4882
10697,SPAG8,26206
10698,HINT2,84681
10699,FAM221B,392307
10700,TMEM8B,51754
10701,LINC00950,92973
10702,OR13J1,392309
10703,HRCT1,646962
10704,LINC00961,158376
10705,OR2S2,56656
10706,RECK,8434
10707,GLIPR2,152007
10708,CCIN,881
10709,CLTA,1211
10710,GNE,10020
10711,RNF38,152006
10712,MELK,9833
10713,PAX5,5079
10714,EBLN3,100506710
10715,ZCCHC7,84186
10716,GRHPR,9380
10717,ZBTB5,9925
10718,POLR1E,64425
10719,FBXO10,26267
10720,TOMM5,401505
10721,FRMPD1,22844
10722,TRMT10B,158234
10723,EXOSC3,51010
10724,DCAF10,79269
10725,SLC25A51,92014
10726,SHB,6461
10727,ALDH1B1,219
10728,IGFBPL1,347252
10729,FAM95C,100289137
10730,ANKRD18A,253650
10731,FAM201A,158228
10732,CNTNAP3,79937
10733,SPATA31A1,647060
10734,SPATA31A3,727830
10735,FAM74A3,728495
10736,ZNF658,26149
10737,SPATA31A5,727905
10738,FAM74A6,653123
10739,ZNF658B,401509
10740,GLIDR,389741
10741,KGFLP2,654466
10742,LOC554249,554249
10743,ANKRD20A2,441430
10744,FAM95B1,100133036
10745,LOC100132541,100132541
10746,AQP7P3,441432
10747,ANKRD20A3,441425
10748,LOC642929,642929
10749,FAM74A7,100996582
10750,SPATA31A6,389730
10751,CNTNAP3B,728577
10752,LOC643827,643827
10753,LOC101927827,101927827
10754,LOC103908605,103908605
10755,FAM27C,100132948
10756,FAM27E2,100289124
10757,LOC102724238,102724238
10758,KGFLP1,387628
10759,LINC01189,643648
10760,FAM74A4,401508
10761,SPATA31A7,26165
10762,LINC01410,103352539
10763,PTGER4P2-CDK2AP2P2,442421
10764,FLJ20444,403323
10765,LOC728673,728673
10766,LOC286297,286297
10767,AQP7P1,375719
10768,LOC102723709,102723709
10769,FAM27E3,100131997
10770,FAM27B,100133121
10771,ANKRD20A1,84210
10772,FRG1JP,642236
10773,FRG1HP,100132352
10774,PGM5P2,595135
10775,LOC440896,440896
10776,FOXD4L6,653404
10777,CBWD6,644019
10778,ANKRD20A4,728747
10779,LOC100133920,100133920
10780,FOXD4L5,653427
10781,LOC101928381,101928381
10782,FOXD4L4,349334
10783,CBWD5,220869
10784,CBWD3,445571
10785,FOXD4L3,286380
10786,PGM5-AS1,572558
10787,PGM5,5239
10788,TMEM252,169693
10789,LINC01506,101927015
10790,PIP5K1B,8395
10791,FAM122A,116224
10792,LOC101927069,101927069
10793,PRKACG,5568
10794,FXN,2395
10795,TJP2,9414
10796,BANCR,100885775
10797,FAM189A2,9413
10798,APBA1,320
10799,PTAR1,375743
10800,C9orf135-AS1,494558
10801,C9orf135,138255
10802,MAMDC2,256691
10803,MAMDC2-AS1,100507244
10804,SMC5-AS1,100507299
10805,SMC5,23137
10806,KLF9,687
10807,TRPM3,80036
10808,TMEM2,23670
10809,ABHD17B,51104
10810,C9orf85,138241
10811,C9orf57,138240
10812,GDA,9615
10813,LOC100507540,100507540
10814,ZFAND5,7763
10815,TMC1,117531
10816,LINC01474,101927258
10817,ALDH1A1,216
10818,ANXA1,301
10819,MIR6130,102466967
10820,RORB-AS1,103752585
10821,RORB,6096
10822,TRPM6,140803
10823,C9orf40,55071
10824,C9orf41-AS1,101927380
10825,CARNMT1,138199
10826,NMRK1,54981
10827,OSTF1,26578
10828,PCSK5,5125
10829,RFK,55312
10830,RPSAP9,653162
10831,GCNT1,2650
10832,PRUNE2,158471
10833,PCA3,50652
10834,FOXB2,442425
10835,VPS13A-AS1,100286938
10836,VPS13A,23230
10837,GNA14,9630
10838,GNA14-AS1,101927422
10839,GNAQ,2776
10840,CEP78,84131
10841,PSAT1,29968
10842,LOC101927450,101927450
10843,TLE4,7091
10844,LINC01507,101927477
10845,TLE1,7088
10846,LOC101927502,101927502
10847,SPATA31D5P,347127
10848,SPATA31D4,389761
10849,SPATA31D3,389762
10850,SPATA31D1,389763
10851,RASEF,158158
10852,FRMD3,257019
10853,IDNK,414328
10854,UBQLN1,29979
10855,GKAP1,80318
10856,KIF27,55582
10857,C9orf64,84267
10858,HNRNPK,3190
10859,MIR7-1,407043
10860,RMI1,80010
10861,LOC101927575,101927575
10862,SLC28A3,64078
10863,NTRK2,4915
10864,AGTPBP1,23287
10865,LOC389765,389765
10866,NAA35,60560
10867,GOLM1,51280
10868,LOC101927623,101927623
10869,C9orf153,389766
10870,ISCA1,81689
10871,ZCCHC6,79670
10872,GAS1,2619
10873,GAS1RR,100506834
10874,LOC440173,440173
10875,LOC494127,494127
10876,C9orf170,401535
10877,DAPK1,1612
10878,CTSL,1514
10879,CTSL3P,392360
10880,CTSLP8,1518
10881,LOC392364,392364
10882,SPATA31E1,286234
10883,SPATA31C1,441452
10884,CDK20,23552
10885,SPATA31C2,645961
10886,SPIN1,10927
10887,NXNL2,158046
10888,LOC286238,286238
10889,C9orf47,286223
10890,S1PR3,1903
10891,SHC3,53358
10892,CKS2,1164
10893,SECISBP2,79048
10894,SEMA4D,10507
10895,GADD45G,10912
10896,UNQ6494,100129066
10897,MIR4290HG,286370
10898,LINC01508,101927873
10899,LINC01501,340515
10900,DIRAS2,54769
10901,SYK,6850
10902,LOC100129316,100129316
10903,AUH,549
10904,NFIL3,4783
10905,ROR2,4920
10906,SPTLC1,10558
10907,LOC100128076,100128076
10908,LINC00475,158314
10909,IARS,3376
10910,SNORA84,100124534
10911,NOL8,55035
10912,CENPP,401541
10913,OGN,4969
10914,OMD,4958
10915,ASPN,54829
10916,ECM2,1842
10917,IPPK,64768
10918,LOC100128361,100128361
10919,BICD2,23299
10920,ANKRD19P,138649
10921,ZNF484,83744
10922,LOC642943,642943
10923,FGD3,89846
10924,LOC101927954,101927954
10925,SUSD3,203328
10926,CARD19,84270
10927,NINJ1,4814
10928,WNK2,65268
10929,C9orf129,445577
10930,FAM120AOS,158293
10931,FAM120A,23196
10932,PHF2,5253
10933,BARX1,56033
10934,PTPDC1,138639
10935,MIRLET7DHG,158257
10936,ZNF169,169841
10937,NUTM2F,54754
10938,LOC100132077,100132077
10939,MFSD14B,84641
10940,PCAT7,101928099
10941,FBP2,8789
10942,FBP1,2203
10943,C9orf3,84909
10944,MIR2278,100313780
10945,FANCC,2176
10946,PTCH1,5727
10947,LOC100507346,100507346
10948,LINC00476,100128782
10949,ERCC6L2,375748
10950,LINC00092,100188953
10951,LOC158435,158435
10952,LOC158434,158434
10953,HSD17B3,3293
10954,SLC35D2,11046
10955,ZNF367,195828
10956,HABP4,22927
10957,CDC14B,8555
10958,AAED1,195827
10959,LOC441455,441455
10960,ZNF510,22869
10961,ZNF782,158431
10962,LOC100132781,100132781
10963,LOC441454,441454
10964,NUTM2G,441457
10965,MFSD14C,84278
10966,CTSV,1515
10967,GAS2L1P2,340508
10968,LOC100499484,100499484
10969,LOC100499484-C9ORF174,57653
10970,CCDC180,100499483
10971,LOC286359,286359
10972,TDRD7,23424
10973,TMOD1,7111
10974,TSTD2,158427
10975,NCBP1,4686
10976,XPA,7507
10977,FOXE1,2304
10978,TRMO,51531
10979,HEMGN,55363
10980,ANP32B,10541
10981,NANS,54187
10982,TRIM14,9830
10983,CORO2A,7464
10984,TBC1D2,55357
10985,GABBR2,9568
10986,ANKS6,203286
10987,GALNT12,79695
10988,COL15A1,1306
10989,TGFBR1,7046
10990,ALG2,85365
10991,SEC61B,10952
10992,NAMA,100996569
10993,LOC101928438,101928438
10994,NR4A3,8013
10995,STX17-AS1,441461
10996,STX17,55014
10997,ERP44,23071
10998,INVS,27130
10999,TEX10,54881
11000,MSANTD3,91283
11001,MSANTD3-TMEFF1,100526694
11002,TMEFF1,8577
11003,MURC,347273
11004,PLPPR1,54886
11005,BAAT,570
11006,MRPL50,54534
11007,ZNF189,7743
11008,ALDOB,229
11009,TMEM246-AS1,101928470
11010,TMEM246,84302
11011,RNF20,56254
11012,GRIN3A,116443
11013,PPP3R2,5535
11014,LINC00587,414319
11015,CYLC2,1539
11016,LINC01492,101928496
11017,LOC101928523,101928523
11018,SMC2-AS1,101928550
11019,SMC2,10592
11020,OR13F1,138805
11021,OR13C4,138804
11022,OR13C3,138803
11023,OR13C8,138802
11024,OR13C5,138799
11025,OR13C2,392376
11026,OR13D1,286365
11027,NIPSNAP3A,25934
11028,NIPSNAP3B,55335
11029,ABCA1,19
11030,SLC44A1,23446
11031,FSD1L,83856
11032,FKTN,2218
11033,TAL2,6887
11034,TMEM38B,55151
11035,LOC100996590,100996590
11036,ZNF462,58499
11037,LOC340512,340512
11038,RAD23B,5887
11039,LINC01509,101928720
11040,KLF4,9314
11041,ACTL7B,10880
11042,ACTL7A,10881
11043,IKBKAP,8518
11044,FAM206A,54942
11045,CTNNAL1,8727
11046,TMEM245,23731
11047,FRRS1L,23732
11048,EPB41L4B,54566
11049,PTPN3,5774
11050,PALM2,114299
11051,PALM2-AKAP2,445815
11052,AKAP2,11217
11053,C9orf152,401546
11054,TXN,7295
11055,TXNDC8,255220
11056,SVEP1,79987
11057,MUSK,4593
11058,LPAR1,1902
11059,OR2K2,26248
11060,KIAA0368,23392
11061,ZNF483,158399
11062,PTGR1,22949
11063,LRRC37A5P,652972
11064,DNAJC25,548645
11065,DNAJC25-GNG10,552891
11066,GNG10,2790
11067,C9orf84,158401
11068,UGCG,7357
11069,SUSD1,64420
11070,PTBP3,9991
11071,HSDL2,84263
11072,KIAA1958,158405
11073,INIP,58493
11074,SNX30,401548
11075,SLC46A2,57864
11076,ZNF883,169834
11077,ZFP37,7539
11078,FAM225B,100128385
11079,FAM225A,286333
11080,SLC31A2,1318
11081,FKBP15,23307
11082,SLC31A1,1317
11083,CDC26,246184
11084,PRPF4,9128
11085,RNF183,138065
11086,WDR31,114987
11087,BSPRY,54836
11088,HDHD3,81932
11089,ALAD,210
11090,POLE3,54107
11091,C9orf43,257169
11092,RGS3,5998
11093,ZNF618,114991
11094,AMBP,259
11095,KIF12,113220
11096,COL27A1,85301
11097,MIR455,619556
11098,ORM1,5004
11099,ORM2,5005
11100,AKNA,80709
11101,DFNB31,25861
11102,ATP6V1G1,9550
11103,C9orf91,203197
11104,LOC100505478,100505478
11105,TNFSF15,9966
11106,TNFSF8,944
11107,TNC,3371
11108,LOC101928748,101928748
11109,DEC1,50514
11110,LOC101928775,101928775
11111,LINC00474,58483
11112,PAPPA,5069
11113,PAPPA-AS1,493913
11114,ASTN2,23245
11115,ASTN2-AS1,100128505
11116,TRIM32,22954
11117,SNORA70C,100124538
11118,LOC101928797,101928797
11119,TLR4,7099
11120,BRINP1,1620
11121,CDK5RAP2,55755
11122,MEGF9,1955
11123,FBXW2,26190
11124,LOC100288842,100288842
11125,PSMD5,5711
11126,PSMD5-AS1,253039
11127,PHF19,26147
11128,TRAF1,7185
11129,C5,727
11130,CNTRL,11064
11131,RAB14,51552
11132,GSN,2934
11133,GSN-AS1,57000
11134,STOM,2040
11135,GGTA1P,2681
11136,DAB2IP,153090
11137,TTLL11,158135
11138,NDUFA8,4702
11139,MORN5,254956
11140,LHX6,26468
11141,RBM18,92400
11142,MRRF,92399
11143,PTGS1,5742
11144,OR1J1,347168
11145,OR1J2,26740
11146,OR1J4,26219
11147,OR1N1,138883
11148,OR1N2,138882
11149,OR1L8,138881
11150,OR1Q1,158131
11151,OR1B1,347169
11152,OR1L1,26737
11153,OR1L3,26735
11154,OR1L4,254973
11155,OR1L6,392390
11156,OR5C1,392391
11157,OR1K1,392392
11158,PDCL,5082
11159,RC3H2,54542
11160,SNORD90,692206
11161,ZBTB6,10773
11162,ZBTB26,57684
11163,RABGAP1,23637
11164,GPR21,2844
11165,MIR600HG,81571
11166,STRBP,55342
11167,CRB2,286204
11168,DENND1A,57706
11169,LHX2,9355
11170,NEK6,10783
11171,PSMB7,5695
11172,LOC100129034,100129034
11173,NR5A1,2516
11174,NR6A1,2649
11175,MIR181A2HG,100379345
11176,MIR181A2,406954
11177,OLFML2A,169611
11178,WDR38,401551
11179,RPL35,11224
11180,ARPC5L,81873
11181,GOLGA1,2800
11182,SCAI,286205
11183,PPP6C,5537
11184,RABEPK,10244
11185,HSPA5,3309
11186,GAPVD1,26130
11187,MAPKAP1,79109
11188,LOC51145,51145
11189,PBX3,5090
11190,LOC101929116,101929116
11191,MVB12B,89853
11192,NRON,641373
11193,LMX1B,4010
11194,ZBTB43,23099
11195,ZBTB34,403341
11196,RALGPS1,9649
11197,ANGPTL2,23452
11198,GARNL3,84253
11199,SLC2A8,29988
11200,ZNF79,7633
11201,RPL12,6136
11202,SNORA65,26783
11203,LRSAM1,90678
11204,FAM129B,64855
11205,STXBP1,6812
11206,MIR3911,100500872
11207,CFAP157,286207
11208,PTRH1,138428
11209,TTC16,158248
11210,TOR2A,27433
11211,SH2D3C,10044
11212,CDK9,1025
11213,FPGS,2356
11214,ENG,2022
11215,AK1,203
11216,ST6GALNAC6,30815
11217,ST6GALNAC4,27090
11218,PIP5KL1,138429
11219,DPM2,8818
11220,FAM102A,399665
11221,NAIF1,203245
11222,SLC25A25,114789
11223,SLC25A25-AS1,100289019
11224,PTGES2,80142
11225,PTGES2-AS1,389791
11226,LCN2,3934
11227,C9orf16,79095
11228,CIZ1,25792
11229,DNM1,1759
11230,GOLGA2,2801
11231,SWI5,375757
11232,TRUB2,26995
11233,COQ4,51117
11234,SLC27A4,10999
11235,URM1,81605
11236,CERCAM,51148
11237,ODF2,4957
11238,GLE1,2733
11239,SPTAN1,6709
11240,WDR34,89891
11241,SET,6418
11242,PKN3,29941
11243,ZDHHC12,84885
11244,LOC100506100,100506100
11245,ZER1,10444
11246,TBC1D13,54662
11247,ENDOG,2021
11248,C9orf114,51490
11249,CCBL1,883
11250,LRRC8A,56262
11251,PHYHD1,254295
11252,DOLK,22845
11253,NUP188,23511
11254,SH3GLB2,56904
11255,FAM73B,84895
11256,DOLPP1,57171
11257,CRAT,1384
11258,PPP2R4,5524
11259,IER5L,389792
11260,LOC101929331,101929331
11261,C9orf106,414318
11262,LOC100506119,100506119
11263,LINC00963,100506190
11264,NTMT1,28989
11265,C9orf50,375759
11266,ASB6,140459
11267,PRRX2,51450
11268,PRRX2-AS1,101929437
11269,PTGES,9536
11270,TOR1B,27348
11271,TOR1A,1861
11272,C9orf78,51759
11273,USP20,10868
11274,FNBP1,23048
11275,GPR107,57720
11276,NCS1,23413
11277,HMCN2,256158
11278,ASS1,445
11279,LOC100272217,100272217
11280,FUBP3,8939
11281,PRDM12,59335
11282,EXOSC2,23404
11283,ABL1,25
11284,QRFP,347148
11285,FIBCD1,84929
11286,LAMC3,10319
11287,AIF1L,83543
11288,NUP214,8021
11289,FAM78A,286336
11290,PLPP7,84814
11291,PRRC2B,84726
11292,POMT1,10585
11293,UCK1,83549
11294,RAPGEF1,2889
11295,MED27,9442
11296,NTNG2,84628
11297,SETX,23064
11298,TTF1,7270
11299,CFAP77,389799
11300,BARHL1,56751
11301,DDX31,64794
11302,GTF3C4,9329
11303,AK8,158067
11304,C9orf9,11092
11305,TSC1,7248
11306,GFI1B,8328
11307,GTF3C5,9328
11308,CEL,1056
11309,CELP,1057
11310,RALGDS,5900
11311,GBGT1,26301
11312,OBP2B,29989
11313,ABO,28
11314,SURF6,6838
11315,MED22,6837
11316,RPL7A,6130
11317,SURF1,6834
11318,SURF2,6835
11319,SURF4,6836
11320,STKLD1,169436
11321,REXO4,57109
11322,ADAMTS13,11093
11323,CACFD1,11094
11324,SLC2A6,11182
11325,TMEM8C,389827
11326,ADAMTSL2,9719
11327,FAM163B,642968
11328,DBH,1621
11329,DBH-AS1,138948
11330,SARDH,1757
11331,VAV2,7410
11332,LINC00094,266655
11333,BRD3,8019
11334,WDR5,11091
11335,RNU6ATAC,100151684
11336,RXRA,6256
11337,COL5A1,1289
11338,LOC101448202,101448202
11339,MIR3689B,100500906
11340,FCN2,2220
11341,FCN1,2219
11342,OLFM1,10439
11343,LOC401557,401557
11344,C9orf62,157927
11345,PPP1R26-AS1,100506599
11346,PPP1R26,9858
11347,C9orf116,138162
11348,MRPS2,51116
11349,LOC101928525,101928525
11350,LCN1,3933
11351,OBP2A,29991
11352,PAEP,5047
11353,LINC01502,100130954
11354,GLT6D1,360203
11355,LCN9,392399
11356,SOHLH1,402381
11357,KCNT1,57582
11358,CAMSAP1,157922
11359,UBAC1,10422
11360,NACC2,138151
11361,C9orf69,90120
11362,LHX3,8022
11363,QSOX2,169714
11364,DKFZP434A062,26102
11365,GPSM1,26086
11366,DNLZ,728489
11367,CARD9,64170
11368,SNAPC4,6621
11369,SDCCAG3,10807
11370,PMPCA,23203
11371,INPP5E,56623
11372,SEC16A,9919
11373,C9orf163,158055
11374,NOTCH1,4851
11375,LINC01573,101928483
11376,EGFL7,51162
11377,MIR126,406913
11378,AGPAT2,10555
11379,FAM69B,138311
11380,SNHG7,84973
11381,SNORA17B,677824
11382,SNORA17A,677804
11383,LCN10,414332
11384,LCN6,158062
11385,LOC100128593,100128593
11386,LCN8,138307
11387,LCN15,389812
11388,TMEM141,85014
11389,CCDC183,84960
11390,CCDC183-AS1,100131193
11391,RABL6,55684
11392,C9orf172,389813
11393,PHPT1,29085
11394,MAMDC4,158056
11395,EDF1,8721
11396,TRAF2,7186
11397,FBXW5,54461
11398,C8G,733
11399,LCN12,286256
11400,PTGDS,5730
11401,LCNL1,401562
11402,C9orf142,286257
11403,CLIC3,9022
11404,ABCA2,20
11405,C9orf139,401563
11406,FUT7,2529
11407,NPDC1,56654
11408,ENTPD2,954
11409,SAPCD2,89958
11410,UAP1L1,91373
11411,MAN1B1-AS1,100289341
11412,MAN1B1,11253
11413,DPP7,29952
11414,GRIN1,2902
11415,LRRC26,389816
11416,TMEM210,100505993
11417,ANAPC2,29882
11418,SSNA1,8636
11419,TPRN,286262
11420,TMEM203,94107
11421,NDOR1,27158
11422,RNF208,727800
11423,CYSRT1,375791
11424,RNF224,643596
11425,SLC34A3,142680
11426,TUBB4B,10383
11427,FAM166A,401565
11428,C9orf173-AS1,100129722
11429,C9orf173,441476
11430,NELFB,25920
11431,TOR4A,54863
11432,NRARP,441478
11433,EXD3,54932
11434,NOXA1,10811
11435,ENTPD8,377841
11436,NSMF,26012
11437,PNPLA7,375775
11438,MRPL41,64975
11439,DPH7,92715
11440,ZMYND19,116225
11441,ARRDC1,92714
11442,ARRDC1-AS1,85026
11443,EHMT1,79813
11444,EHMT1-IT1,643210
11445,LOC100133077,100133077
11446,CACNA1B,774
11447,LOC101928786,101928786
11448,TUBBP5,643224
11449,FAM157B,100132403
11450,TUBB8,347688
11451,ZMYND11,10771
11452,DIP2C,22982
11453,MIR5699,100847086
11454,PRR26,414235
11455,LARP4B,23185
11456,LOC101927762,101927762
11457,GTPBP4,23560
11458,IDI2,91734
11459,IDI2-AS1,55853
11460,IDI1,3422
11461,WDR37,22884
11462,LINC00200,399706
11463,ADARB2,105
11464,ADARB2-AS1,642394
11465,LINC00700,282980
11466,LINC00701,399708
11467,PFKP,5214
11468,PITRM1,10531
11469,PITRM1-AS1,100507034
11470,LOC105376360,105376360
11471,KLF6,1316
11472,LOC101927964,101927964
11473,LINC00702,100652988
11474,LINC00703,100507059
11475,LINC00704,100216001
11476,LINC00705,338588
11477,AKR1E2,83592
11478,AKR1C6P,389932
11479,AKR1C1,1645
11480,AKR1C2,1646
11481,AKR1C3,8644
11482,AKR1C8P,340811
11483,AKR1C4,1109
11484,UCN3,114131
11485,TUBAL3,79861
11486,NET1,10276
11487,CALML5,51806
11488,CALML3-AS1,100132159
11489,CALML3,810
11490,ASB13,79754
11491,FAM208B,54906
11492,GDI2,2665
11493,ANKRD16,54522
11494,FBXO18,84893
11495,IL15RA,3601
11496,IL2RA,3559
11497,RBM17,84991
11498,PFKFB3,5209
11499,LOC399715,399715
11500,PRKCQ,5588
11501,PRKCQ-AS1,439949
11502,LOC101928150,101928150
11503,LINC00706,100652997
11504,LINC00707,100507127
11505,SFMBT2,57713
11506,ITIH5,80760
11507,ITIH2,3698
11508,KIN,22944
11509,ATP5C1,509
11510,TAF3,83860
11511,GATA3-AS1,399717
11512,GATA3,2625
11513,LINC00708,100507143
11514,LOC101928272,101928272
11515,LOC101928298,101928298
11516,SFTA1P,207107
11517,LINC00710,254312
11518,CELF2,10659
11519,CELF2-AS2,439950
11520,CELF2-AS1,414196
11521,USP6NL,9712
11522,ECHDC3,79746
11523,PROSER2,254427
11524,PROSER2-AS1,219731
11525,UPF2,26019
11526,DHTKD1,55526
11527,SEC61A2,55176
11528,NUDT5,11164
11529,CDC123,8872
11530,CAMK1D,57118
11531,CCDC3,83643
11532,OPTN,10133
11533,MCM10,55388
11534,UCMA,221044
11535,PHYH,5264
11536,SEPHS1,22929
11537,BEND7,222389
11538,PRPF18,8559
11539,FRMD4A,55691
11540,LOC101928453,101928453
11541,FAM107B,83641
11542,CDNF,441549
11543,HSPA14,51182
11544,SUV39H2,79723
11545,DCLRE1C,64421
11546,MEIG1,644890
11547,OLAH,55301
11548,ACBD7,414149
11549,C10orf111,221060
11550,RPP38,10557
11551,NMT2,9397
11552,PPIAP30,100192204
11553,FAM171A1,221061
11554,ITGA8,8516
11555,FAM188A,80013
11556,PTER,9317
11557,C1QL3,389941
11558,RSU1,6251
11559,CUBN,8029
11560,TRDMT1,1787
11561,VIM-AS1,100507347
11562,VIM,7431
11563,ST8SIA6,338596
11564,ST8SIA6-AS1,100128098
11565,HACD1,9200
11566,STAM-AS1,102723166
11567,STAM,8027
11568,TMEM236,653567
11569,MRC1,4360
11570,SLC39A12,221074
11571,SLC39A12-AS1,100129213
11572,CACNB2,783
11573,NSUN6,221078
11574,ARL5B,221079
11575,C10orf112,340895
11576,LOC101928834,101928834
11577,PLXDC2,84898
11578,NEBL,10529
11579,C10orf113,387638
11580,NEBL-AS1,100128511
11581,CASC10,399726
11582,SKIDA1,387640
11583,MLLT10,8028
11584,DNAJC1,64215
11585,EBLN1,340900
11586,LOC100130992,100130992
11587,COMMD3,23412
11588,COMMD3-BMI1,100532731
11589,BMI1,648
11590,SPAG6,9576
11591,LOC100499489,100499489
11592,PIP4K2A,5305
11593,ARMC3,219681
11594,MSRB2,22921
11595,PTF1A,256297
11596,C10orf67,256815
11597,OTUD1,220213
11598,KIAA1217,56243
11599,ARHGAP21,57584
11600,PRTFDC1,56952
11601,ENKUR,219670
11602,THNSL1,79896
11603,LINC01516,101929025
11604,GPR158-AS1,100128811
11605,GPR158,57512
11606,LINC00836,100507531
11607,MYO3A,53904
11608,GAD2,2572
11609,APBB1IP,54518
11610,LINC00264,645528
11611,LINC00202-2,731789
11612,PDSS1,23590
11613,ABI1,10006
11614,LINC00202-1,387644
11615,ANKRD26,22852
11616,YME1L1,10730
11617,MASTL,84930
11618,ACBD5,91452
11619,LRRC37A6P,387646
11620,PTCHD3,374308
11621,RAB18,22931
11622,MKX,283078
11623,MKX-AS1,101929202
11624,ARMC4,55130
11625,MPP7,143098
11626,WAC-AS1,220906
11627,WAC,51322
11628,BAMBI,25805
11629,LINC01517,101929218
11630,LINC00837,100507605
11631,C10orf126,283080
11632,LYZL1,84569
11633,SVIL-AS1,102724316
11634,SVIL,6840
11635,KIAA1462,57608
11636,LOC101929279,101929279
11637,MTPAP,55149
11638,GOLGA2P6,101060184
11639,MAP3K8,1326
11640,LYZL2,119180
11641,SVILP1,645954
11642,ZNF438,220929
11643,ZEB1-AS1,220930
11644,ZEB1,6935
11645,ARHGAP12,94134
11646,KIF5B,3799
11647,EPC1,80314
11648,LOC102031319,102031319
11649,LOC101929431,101929431
11650,CCDC7,79741
11651,ITGB1,3688
11652,NRP1,8829
11653,LINC00838,100505583
11654,PARD3,56288
11655,PARD3-AS1,100505601
11656,CUL2,8453
11657,CREM,1390
11658,CCNY,219771
11659,GJD4,219770
11660,FZD8,8325
11661,PCAT5,102578074
11662,ANKRD30A,91074
11663,LINC00993,101929520
11664,MTRNR2L7,100288485
11665,ZNF248,57209
11666,ZNF33BP1,100419868
11667,ZNF25,219749
11668,ZNF33A,7581
11669,ZNF37A,7587
11670,LOC100129055,100129055
11671,HSD17B7P2,158160
11672,SEPT7P9,285961
11673,LINC00999,399744
11674,ACTR3BP5,399746
11675,LOC441666,441666
11676,CCNYL2,414194
11677,LINC00839,84856
11678,ZNF37BP,100129482
11679,ZNF33B,7582
11680,LINC01518,101929397
11681,BMS1,9790
11682,LINC01264,104266963
11683,RET,5979
11684,CSGALNACT2,55454
11685,RASGEF1A,221002
11686,FXYD4,53828
11687,HNRNPF,3185
11688,ZNF487,642819
11689,ZNF239,8187
11690,ZNF485,220992
11691,ZNF32-AS3,414201
11692,ZNF32,7580
11693,ZNF32-AS1,414197
11694,ZNF32-AS2,414208
11695,HNRNPA3P1,10151
11696,LINC00619,414260
11697,LINC00840,100506835
11698,LINC00841,283033
11699,C10orf142,100130539
11700,CXCL12,6387
11701,TMEM72-AS1,220980
11702,TMEM72,643236
11703,RASSF4,83937
11704,C10orf10,11067
11705,C10orf25,220979
11706,ZNF22,7570
11707,RSU1P2,100133308
11708,ANKRD30BP3,338579
11709,OR13A1,79290
11710,ALOX5,240
11711,LOC102724323,102724323
11712,MARCH8,220972
11713,ZFAND4,93550
11714,FAM21C,253725
11715,AGAP4,119016
11716,FAM35BP,414241
11717,SYT15,83849
11718,GPRIN2,9721
11719,NPY4R,5540
11720,LOC100996758,100996758
11721,LINC00842,643650
11722,HNRNPA1P33,728643
11723,FAM35DP,439965
11724,ANTXRLP1,100996567
11725,ANTXRL,195977
11726,FAM25B,100132929
11727,ANXA8L1,728113
11728,CTSLP2,1517
11729,BMS1P6,642826
11730,AGAP9,642517
11731,FAM25G,100133093
11732,ANXA8,653145
11733,ZNF488,118738
11734,RBP3,5949
11735,GDF2,2658
11736,GDF10,2662
11737,PTPN20,26095
11738,FRMPD2B,728798
11739,BMS1P5,399761
11740,GLUD1P7,414212
11741,FAM25C,644054
11742,CTGLF12P,414224
11743,FRMPD2,143162
11744,MAPK8,5599
11745,ARHGAP22,58504
11746,WDFY4,57705
11747,LRRC18,474354
11748,VSTM4,196740
11749,FAM170B-AS1,100506733
11750,FAM170B,170370
11751,C10orf128,170371
11752,C10orf71-AS1,100506769
11753,C10orf71,118461
11754,DRGX,644168
11755,ERCC6,2074
11756,PGBD3,267004
11757,ERCC6-PGBD3,101243544
11758,CHAT,1103
11759,SLC18A3,6572
11760,C10orf53,282966
11761,OGDHL,55753
11762,PARG,8505
11763,PARGP1,728407
11764,TIMM23B,653252
11765,AGAP7P,653268
11766,MSMB,4477
11767,NCOA4,8031
11768,TIMM23,100287932
11769,AGAP6,414189
11770,FAM21EP,100421577
11771,FAM21A,387680
11772,ASAH2,56624
11773,SGMS1,259230
11774,SGMS1-AS1,104355295
11775,ASAH2B,653308
11776,A1CF,29974
11777,PRKG1,5592
11778,LOC102724719,102724719
11779,CSTF2T,23283
11780,PRKG1-AS1,100506939
11781,DKK1,22943
11782,LINC01468,101928687
11783,MBL2,4153
11784,PCDH15,65217
11785,MTRNR2L5,100463289
11786,ZWINT,11130
11787,IPMK,253430
11788,CISD1,55847
11789,UBE2D1,7321
11790,TFAM,7019
11791,BICC1,80114
11792,FAM133CP,728640
11793,LINC00844,100507008
11794,CCHE1,105682749
11795,PHYHIPL,84457
11796,FAM13C,220965
11797,SLC16A9,220963
11798,MRLN,100507027
11799,CCDC6,8030
11800,LINC01553,283025
11801,ANK3,288
11802,CDK1,983
11803,RHOBTB1,9886
11804,LINC00845,100507058
11805,TMEM26,219623
11806,TMEM26-AS1,101928781
11807,C10orf107,219621
11808,ARID5B,84159
11809,RTKN2,219790
11810,LOC283045,283045
11811,ZNF365,22891
11812,ADO,84890
11813,EGR2,1959
11814,NRBF2,29982
11815,JMJD1C,221037
11816,MIR1296,100302150
11817,JMJD1C-AS1,84989
11818,REEP3,221035
11819,ANXA2P3,305
11820,LINC01515,101928913
11821,CTNNA3,29119
11822,LOC101928961,101928961
11823,LRRTM3,347731
11824,DNAJC12,56521
11825,SIRT1,23411
11826,HERC4,26091
11827,POU5F1P5,100009667
11828,MYPN,84665
11829,ATOH7,220202
11830,PBLD,64081
11831,HNRNPH3,3189
11832,RUFY2,55680
11833,DNA2,1763
11834,SLC25A16,8034
11835,TET1,80312
11836,CCAR1,55749
11837,MIR1254-1,100302273
11838,STOX1,219736
11839,DDX50,79009
11840,DDX21,9188
11841,KIAA1279,26128
11842,SRGN,5552
11843,VPS26A,9559
11844,SUPV3L1,6832
11845,LOC101928994,101928994
11846,HKDC1,80201
11847,HK1,3098
11848,TACR2,6865
11849,TSPAN15,23555
11850,NEUROG3,50674
11851,C10orf35,219738
11852,COL13A1,1305
11853,H2AFY2,55506
11854,AIFM2,84883
11855,TYSND1,219743
11856,SAR1A,56681
11857,PPA1,5464
11858,NPFFR1,64106
11859,LRRC20,55222
11860,EIF4EBP2,1979
11861,NODAL,4838
11862,PALD1,27143
11863,PRF1,5551
11864,ADAMTS14,140766
11865,TBATA,219793
11866,SGPL1,8879
11867,PCBD1,5092
11868,UNC5B,219699
11869,UNC5B-AS1,728978
11870,SLC29A3,55315
11871,CDH23,64072
11872,C10orf105,414152
11873,C10orf54,64115
11874,PSAP,5660
11875,CHST3,9469
11876,SPOCK2,9806
11877,ASCC1,51008
11878,ANAPC16,119504
11879,DDIT4,54541
11880,DNAJB12,54788
11881,MICU1,10367
11882,MCU,90550
11883,OIT3,170392
11884,PLA2G12B,84647
11885,P4HA1,5033
11886,NUDT13,25961
11887,ECD,11319
11888,FAM149B1,317662
11889,DNAJC9,23234
11890,DNAJC9-AS1,414245
11891,MRPS16,51021
11892,CFAP70,118491
11893,ANXA7,310
11894,MSS51,118490
11895,PPP3CB,5532
11896,PPP3CB-AS1,101929145
11897,USP54,159195
11898,MYOZ1,58529
11899,SYNPO2L,79933
11900,AGAP5,729092
11901,BMS1P4,729096
11902,GLUD1P3,2749
11903,SEC24C,9632
11904,FUT11,170384
11905,CHCHD1,118487
11906,ZSWIM8,23053
11907,ZSWIM8-AS1,100507331
11908,NDST2,8509
11909,CAMK2G,818
11910,C10orf55,414236
11911,PLAU,5328
11912,VCL,7414
11913,AP3M1,26985
11914,ADK,132
11915,LOC102723439,102723439
11916,KAT6B,23522
11917,DUPD1,338599
11918,DUSP13,51207
11919,SAMD8,142891
11920,VDAC2,7417
11921,COMTD1,118881
11922,ZNF503,84858
11923,ZNF503-AS1,253264
11924,ZNF503-AS2,100131213
11925,LOC101929234,101929234
11926,C10orf11,83938
11927,KCNMA1,3778
11928,KCNMA1-AS1,101929328
11929,KCNMA1-AS2,101929310
11930,KCNMA1-AS3,101929286
11931,DLG5,9231
11932,DLG5-AS1,100128292
11933,POLR3A,11128
11934,RPS24,6229
11935,LINC00856,100132987
11936,LINC00595,414243
11937,ZMIZ1-AS1,283050
11938,ZMIZ1,57178
11939,PPIF,10105
11940,ZCCHC24,219654
11941,EIF5AL1,143244
11942,SFTPA2,729238
11943,SFTPA1,653509
11944,BEND3P3,650623
11945,LOC101060691,101060691
11946,NUTM2B,729262
11947,LOC642361,642361
11948,BMS1P21,100288974
11949,MBL1P,8512
11950,SFTPD,6441
11951,TMEM254-AS1,219347
11952,TMEM254,80195
11953,PLAC9,219348
11954,ANXA11,311
11955,LINC00857,439990
11956,MAT1A,4143
11957,DYDC1,143241
11958,DYDC2,84332
11959,FAM213A,84293
11960,TSPAN14,81619
11961,LOC101929574,101929574
11962,LOC102723703,102723703
11963,SH2D4B,387694
11964,NRG3,10718
11965,NRG3-AS1,414242
11966,GHITM,27069
11967,C10orf99,387695
11968,CDHR1,92211
11969,LRIT2,340745
11970,LRIT1,26103
11971,RGR,5995
11972,LINC00858,170425
11973,CCSER2,54462
11974,LINC01519,101929624
11975,LOC101929646,101929646
11976,LOC101929662,101929662
11977,LINC01520,101929684
11978,GRID1-AS1,100507470
11979,GRID1,2894
11980,WAPL,23063
11981,OPN4,94233
11982,LDB3,11155
11983,BMPR1A,657
11984,MMRN2,79812
11985,SNCG,6623
11986,ADIRF,10974
11987,AGAP11,119385
11988,FAM25A,643161
11989,GLUD1,2746
11990,FAM35A,54537
11991,NUTM2A,728118
11992,NUTM2A-AS1,728190
11993,LOC439994,439994
11994,NUTM2D,728130
11995,LINC00864,728218
11996,MINPP1,9562
11997,PAPSS2,9060
11998,ATAD1,84896
11999,CFL1P1,142913
12000,KLLN,100144748
12001,PTEN,5728
12002,RNLS,55328
12003,LIPJ,142910
12004,LIPF,8513
12005,LIPK,643414
12006,LIPN,643418
12007,LIPM,340654
12008,ANKRD22,118932
12009,STAMBPL1,57559
12010,ACTA2-AS1,100132116
12011,ACTA2,59
12012,FAS,355
12013,FAS-AS1,100302740
12014,CH25H,9023
12015,LIPA,3988
12016,IFIT2,3433
12017,IFIT3,3437
12018,IFIT1B,439996
12019,IFIT1,3434
12020,IFIT5,24138
12021,SLC16A12,387700
12022,SLC16A12-AS1,101926906
12023,PANK1,53354
12024,FLJ37201,283011
12025,KIF20B,9585
12026,LINC00865,643529
12027,LINC01375,101926924
12028,LOC101926942,101926942
12029,HTR7,3363
12030,RPP30,10556
12031,ANKRD1,27063
12032,XLOC_008559,105378427
12033,LINC00502,100874184
12034,NUDT9P1,119369
12035,PCGF5,84333
12036,HECTD2-AS1,100188947
12037,HECTD2,143279
12038,PPP1R3C,5507
12039,TNKS2-AS1,100507633
12040,TNKS2,80351
12041,FGFBP3,143282
12042,BTAF1,9044
12043,CPEB3,22849
12044,MARCH5,54708
12045,MARK2P9,100507674
12046,IDE,3416
12047,KIF11,3832
12048,HHEX,3087
12049,EXOC6,54536
12050,CYP26C1,340665
12051,CYP26A1,1592
12052,MYOF,26509
12053,CEP55,55165
12054,FFAR4,338557
12055,RBP4,5950
12056,PDE6C,5146
12057,FRA10AC1,118924
12058,LGI1,9211
12059,SLC35G1,159371
12060,PIPSL,266971
12061,PLCE1,51196
12062,PLCE1-AS2,101927049
12063,PLCE1-AS1,100128054
12064,NOC3L,64318
12065,TBC1D12,23232
12066,HELLS,3070
12067,CYP2C18,1562
12068,CYP2C19,1557
12069,CYP2C9,1559
12070,CYP2C8,1558
12071,ACSM6,142827
12072,PDLIM1,9124
12073,SORBS1,10580
12074,ALDH18A1,5832
12075,TCTN3,26123
12076,ENTPD1,953
12077,ENTPD1-AS1,728558
12078,C10orf131,100127889
12079,CC2D2B,387707
12080,CCNJ,54619
12081,ZNF518A,9849
12082,BLNK,29760
12083,DNTT,1791
12084,OPALIN,93377
12085,TLL2,7093
12086,TM9SF3,56889
12087,PIK3AP1,118788
12088,LCOR,84458
12089,C10orf12,26148
12090,SLIT1,6585
12091,SLIT1-AS1,100505540
12092,ARHGAP19-SLIT1,100533184
12093,ARHGAP19,84986
12094,FRAT1,10023
12095,FRAT2,23401
12096,RRP12,23223
12097,PGAM1,5223
12098,EXOSC1,51013
12099,ZDHHC16,84287
12100,MMS19,64210
12101,UBTD1,80019
12102,ANKRD2,26287
12103,HOGA1,112817
12104,C10orf62,414157
12105,MORN4,118812
12106,PI4K2A,55361
12107,AVPI1,60370
12108,MARVELD1,83742
12109,ZFYVE27,118813
12110,SFRP5,6425
12111,LINC00866,100505561
12112,GOLGA7B,401647
12113,CRTAC1,55118
12114,R3HCC1L,27291
12115,LOXL4,84171
12116,PYROXD2,84795
12117,HPS1,3257
12118,HPSE2,60495
12119,CNNM1,26507
12120,GOT1,2805
12121,LINC01475,101927324
12122,NKX2-3,159296
12123,SLC25A28,81894
12124,ENTPD7,57089
12125,COX15,1355
12126,CUTC,51076
12127,ABCC2,1244
12128,DNMBP,23268
12129,DNMBP-AS1,100188954
12130,CPN1,1369
12131,ERLIN1,10613
12132,CHUK,1147
12133,CWF19L1,55280
12134,SNORA12,677800
12135,BLOC1S2,282991
12136,PKD2L1,9033
12137,SCD,6319
12138,OLMALINC,90271
12139,WNT8B,7479
12140,SEC31B,25956
12141,NDUFB8,4714
12142,HIF1AN,55662
12143,PAX2,5076
12144,SLF2,55719
12145,SEMA4G,57715
12146,MRPL43,84545
12147,C10orf2,56652
12148,LZTS2,84445
12149,PDZD7,79955
12150,SFXN3,81855
12151,KAZALD1,81621
12152,TLX1NB,100038246
12153,TLX1,3195
12154,LINC01514,101927396
12155,LBX1,10660
12156,LBX1-AS1,399806
12157,LOC101927419,101927419
12158,BTRC,8945
12159,POLL,27343
12160,DPCD,25911
12161,FBXW4,6468
12162,FGF8,2253
12163,NPM3,10360
12164,MGEA5,10724
12165,KCNIP2-AS1,100289509
12166,KCNIP2,30819
12167,C10orf76,79591
12168,HPS6,79803
12169,LDB1,8861
12170,PPRC1,23082
12171,NOLC1,9221
12172,ELOVL3,83401
12173,PITX3,5309
12174,GBF1,8729
12175,NFKB2,4791
12176,PSD,5662
12177,FBXL15,79176
12178,CUEDC2,79004
12179,RPARP-AS1,100505761
12180,C10orf95,79946
12181,MFSD13A,79847
12182,ACTR1A,10121
12183,SUFU,51684
12184,TRIM8,81603
12185,ARL3,403
12186,SFXN2,118980
12187,WBP1L,54838
12188,CYP17A1,1586
12189,BORCS7,119032
12190,BORCS7-ASMT,100528007
12191,AS3MT,57412
12192,CNNM2,54805
12193,NT5C2,22978
12194,RPEL1,729020
12195,INA,9118
12196,PCGF6,84108
12197,TAF5,6877
12198,USMG5,84833
12199,MIR1307,100302174
12200,PDCD11,22984
12201,CALHM2,51063
12202,CALHM1,255022
12203,CALHM3,119395
12204,NEURL1-AS1,102724341
12205,NEURL1,9148
12206,SH3PXD2A,9644
12207,SH3PXD2A-AS1,100505839
12208,OBFC1,79991
12209,SLK,9748
12210,COL17A1,1308
12211,SFR1,119392
12212,CFAP43,80217
12213,GSTO1,9446
12214,GSTO2,119391
12215,ITPRIP,85450
12216,LOC101927472,101927472
12217,CCDC147-AS1,100505869
12218,CFAP58,159686
12219,LOC101927523,101927523
12220,SORCS3,22986
12221,SORCS3-AS1,100505890
12222,LOC101927549,101927549
12223,SORCS1,114815
12224,LINC01435,103695365
12225,XPNPEP1,7511
12226,ADD3-AS1,100505933
12227,ADD3,120
12228,MXI1,4601
12229,SMNDC1,10285
12230,DUSP5,1847
12231,SMC3,9126
12232,RBM20,282996
12233,PDCD4-AS1,282997
12234,PDCD4,27250
12235,BBIP1,92482
12236,SHOC2,8036
12237,RPL13AP6,644511
12238,ADRA2A,150
12239,GPAM,57678
12240,TECTB,6975
12241,GUCY2GP,390003
12242,ACSL5,51703
12243,ZDHHC6,64429
12244,VTI1A,143187
12245,LOC103344931,103344931
12246,TCF7L2,6934
12247,HABP2,3026
12248,NRAP,4892
12249,CASP7,840
12250,PLEKHS1,79949
12251,DCLRE1A,9937
12252,NHLRC2,374354
12253,ADRB1,153
12254,CCDC186,55088
12255,TDRD1,56165
12256,VWA2,340706
12257,AFAP1L2,84632
12258,ABLIM1,3983
12259,LOC101927692,101927692
12260,FAM160B1,57700
12261,TRUB1,142940
12262,ATRNL1,26033
12263,GFRA1,2674
12264,CCDC172,374355
12265,PNLIPRP3,119548
12266,PNLIP,5406
12267,PNLIPRP1,5407
12268,PNLIPRP2,5408
12269,C10orf82,143379
12270,HSPA12A,259217
12271,ENO4,387712
12272,SHTN1,57698
12273,VAX1,11023
12274,MIR3663HG,101927704
12275,KCNK18,338567
12276,SLC18A2,6571
12277,PDZD8,118987
12278,EMX2OS,196047
12279,EMX2,2018
12280,RAB11FIP2,22841
12281,CASC2,255082
12282,FAM204A,63877
12283,LINC00867,100506126
12284,PRLHR,2834
12285,CACUL1,143384
12286,NANOS1,340719
12287,EIF3A,8661
12288,SNORA19,641451
12289,FAM45A,404636
12290,SFXN4,119559
12291,PRDX3,10935
12292,GRK5,2869
12293,RGS10,6001
12294,TIAL1,7073
12295,BAG3,9531
12296,INPP5F,22876
12297,MCMBP,79892
12298,SEC23IP,11196
12299,PLPP4,196051
12300,C10orf85,404216
12301,WDR11-AS1,283089
12302,WDR11,55717
12303,FGFR2,2263
12304,ATE1,11101
12305,LOC100130887,100130887
12306,NSMCE4A,54780
12307,TACC2,10579
12308,BTBD16,118663
12309,PLEKHA1,59338
12310,ARMS2,387715
12311,HTRA1,5654
12312,DMBT1,1755
12313,C10orf120,399814
12314,DMBT1P1,375940
12315,CUZD1,50624
12316,FAM24B-CUZD1,100533195
12317,FAM24B,196792
12318,LOC399815,399815
12319,FAM24A,118670
12320,C10orf88,80007
12321,PSTK,118672
12322,IKZF5,64376
12323,ACADSB,36
12324,HMX3,340784
12325,HMX2,3167
12326,BUB3,9184
12327,GPR26,2849
12328,CPXM2,119587
12329,CHST15,51363
12330,OAT,4942
12331,NKX1-2,390010
12332,LHPP,64077
12333,FAM53B,9679
12334,FAM53B-AS1,101927944
12335,METTL10,399818
12336,FAM175B,23172
12337,ZRANB1,54764
12338,CTBP2,1488
12339,TEX36-AS1,100169752
12340,TEX36,387718
12341,LOC283038,283038
12342,FLJ37035,399821
12343,EDRF1,26098
12344,EDRF1-AS1,101927983
12345,MMP21,118856
12346,UROS,7390
12347,BCCIP,56647
12348,DHX32,55760
12349,FANK1,92565
12350,FANK1-AS1,101410540
12351,ADAM12,8038
12352,LINC00601,101101772
12353,C10orf90,118611
12354,DOCK1,1793
12355,FAM196A,642938
12356,NPS,594857
12357,FOXI2,399823
12358,CLRN3,119467
12359,PTPRE,5791
12360,MKI67,4288
12361,LINC01163,101927381
12362,MGMT,4255
12363,EBF3,253738
12364,LINC00959,387723
12365,CTAGE7P,119437
12366,GLRX3,10539
12367,TCERG1L,256536
12368,TCERG1L-AS1,101927489
12369,LINC01164,399827
12370,PPP2R2D,55844
12371,BNIP3,664
12372,JAKMIP3,282973
12373,DPYSL4,10570
12374,STK32C,282974
12375,LRRC27,80313
12376,PWWP2B,170394
12377,C10orf91,170393
12378,INPP5A,3632
12379,NKX6-2,84504
12380,CFAP46,54777
12381,LINC01166,101927590
12382,LINC01167,103695432
12383,LINC01168,399829
12384,LOC100128127,100128127
12385,ADGRA1,84435
12386,KNDC1,85442
12387,UTF1,8433
12388,VENTX,27287
12389,MIR202HG,101927671
12390,ADAM8,101
12391,TUBGCP2,10844
12392,ZNF511,118472
12393,CALY,50632
12394,PRAP1,118471
12395,FUOM,282969
12396,ECHS1,1892
12397,MIR3944,100500911
12398,PAOX,196743
12399,MTG1,92170
12400,SPRN,503542
12401,SCART1,619207
12402,CYP2E1,1571
12403,SYCE1,93426
12404,SPRNP1,399833
12405,FRG2B,441581
12406,LINC01001,100133161
12407,ODF3,113746
12408,BET1L,51272
12409,RIC8A,60626
12410,SIRT3,23410
12411,PSMD13,5719
12412,NLRP6,171389
12413,ATHL1,80162
12414,IFITM5,387733
12415,IFITM2,10581
12416,IFITM1,8519
12417,IFITM3,10410
12418,B4GALNT4,338707
12419,PKP3,11187
12420,SIGIRR,59307
12421,ANO9,338440
12422,PTDSS2,81490
12423,RNH1,6050
12424,HRAS,3265
12425,LRRC56,115399
12426,LMNTD2,256329
12427,RASSF7,8045
12428,MIR210HG,100506211
12429,MIR210,406992
12430,LOC143666,143666
12431,PHRF1,57661
12432,IRF7,3665
12433,CDHR5,53841
12434,SCT,6343
12435,DRD4,1815
12436,DEAF1,10522
12437,TMEM80,283232
12438,EPS8L2,64787
12439,TALDO1,6888
12440,PDDC1,347862
12441,LOC171391,171391
12442,CEND1,51286
12443,SLC25A22,79751
12444,PANO1,101927423
12445,PIDD1,55367
12446,RPLP2,6181
12447,SNORA52,619565
12448,PNPLA2,57104
12449,CRACR2B,283229
12450,CD151,977
12451,POLR2L,5441
12452,TSPAN4,7106
12453,CHID1,66005
12454,AP2A2,161
12455,MUC6,4588
12456,MUC2,4583
12457,MUC5AC,4586
12458,MUC5B,727897
12459,TOLLIP,54472
12460,TOLLIP-AS1,255512
12461,BRSK2,9024
12462,MOB2,81532
12463,DUSP8,1850
12464,KRTAP5-AS1,338651
12465,KRTAP5-1,387264
12466,KRTAP5-2,440021
12467,KRTAP5-3,387266
12468,KRTAP5-4,387267
12469,KRTAP5-5,439915
12470,FAM99A,387742
12471,FAM99B,100132464
12472,KRTAP5-6,440023
12473,IFITM10,402778
12474,CTSD,1509
12475,SYT8,90019
12476,TNNI2,7136
12477,LSP1,4046
12478,LINC01150,101927624
12479,TNNT3,7140
12480,MRPL23,6150
12481,MRPL23-AS1,100133545
12482,LINC01219,104355220
12483,HOTS,103344718
12484,H19,283120
12485,IGF2,3481
12486,INS-IGF2,723961
12487,IGF2-AS,51214
12488,INS,3630
12489,TH,7054
12490,ASCL2,430
12491,C11orf21,29125
12492,TSPAN32,10077
12493,CD81-AS1,101927682
12494,CD81,975
12495,TSSC4,10078
12496,TRPM5,29850
12497,KCNQ1,3784
12498,KCNQ1OT1,10984
12499,KCNQ1-AS1,338653
12500,KCNQ1DN,55539
12501,CDKN1C,1028
12502,SLC22A18AS,5003
12503,SLC22A18,5002
12504,PHLDA2,7262
12505,NAP1L4,4676
12506,SNORA54,677833
12507,CARS,833
12508,OSBPL5,114879
12509,MRGPRG,386746
12510,MRGPRG-AS1,283303
12511,MRGPRE,116534
12512,ZNF195,7748
12513,TSSC2,7261
12514,OR7E12P,10821
12515,LOC101927708,101927708
12516,TRPC2,7221
12517,ART5,116969
12518,ART1,417
12519,CHRNA10,57053
12520,NUP98,4928
12521,PGAP2,27315
12522,RHOG,391
12523,STIM1,6786
12524,RRM1,6240
12525,LOC100506082,100506082
12526,OR52B4,143496
12527,TRIM21,6737
12528,OR52K2,119774
12529,OR52K1,390036
12530,OR52M1,119772
12531,C11orf40,143501
12532,OR52I2,143502
12533,OR52I1,390037
12534,TRIM68,55128
12535,OR51D1,390038
12536,OR51E1,143503
12537,OR51E2,81285
12538,OR51F1,256892
12539,OR52R1,119695
12540,OR51F2,119694
12541,OR51S1,119692
12542,OR51T1,401665
12543,OR51A7,119687
12544,OR51G2,81282
12545,OR51G1,79324
12546,OR51A4,401666
12547,OR51A2,401667
12548,MMP26,56547
12549,OR51L1,119682
12550,OR52J3,119679
12551,OR52E2,119678
12552,OR52A5,390054
12553,OR52A1,23538
12554,OR51V1,283111
12555,HBB,3043
12556,HBD,3045
12557,HBBP1,3044
12558,BGLT3,103344929
12559,HBG1,3047
12560,HBG2,3048
12561,HBE1,3046
12562,OR51B4,79339
12563,OR51B2,79345
12564,OR51B5,282763
12565,OR51B6,390058
12566,OR51M1,390059
12567,OR51Q1,390061
12568,OR51I1,390063
12569,OR51I2,390064
12570,OR52D1,390066
12571,UBQLN3,50613
12572,UBQLNL,143630
12573,OR52H1,390067
12574,OR52B6,340980
12575,TRIM6,117854
12576,TRIM6-TRIM34,445372
12577,TRIM34,53840
12578,TRIM5,85363
12579,TRIM22,10346
12580,OR56B1,387748
12581,OR52N4,390072
12582,OR52N5,390075
12583,OR52N1,79473
12584,OR52N2,390077
12585,OR52E6,390078
12586,OR52E8,390079
12587,OR52E4,390081
12588,OR56A3,390083
12589,OR56A5,390084
12590,OR52L1,338751
12591,OR56A4,120793
12592,OR56A1,120796
12593,OR56B4,196335
12594,OR52B2,255725
12595,OR52W1,120787
12596,C11orf42,160298
12597,FAM160A2,84067
12598,CNGA4,1262
12599,CCKBR,887
12600,PRKCDBP,112464
12601,SMPD1,6609
12602,APBB1,322
12603,HPX,3263
12604,TRIM3,10612
12605,ARFIP2,23647
12606,TIMM10B,26515
12607,DNHD1,144132
12608,RRP8,23378
12609,ILK,3611
12610,TAF10,6881
12611,TPP1,1200
12612,DCHS1,8642
12613,MRPL17,63875
12614,GVINP1,387751
12615,OR2AG2,338755
12616,OR2AG1,144125
12617,OR6A2,8590
12618,OR10A5,144124
12619,OR10A2,341276
12620,OR10A4,283297
12621,OR2D2,120776
12622,OR2D3,120775
12623,ZNF215,7762
12624,ZNF214,7761
12625,NLRP14,338323
12626,RBMXL2,27288
12627,SYT9,143425
12628,LOC100506258,100506258
12629,OLFML1,283298
12630,PPFIBP2,8495
12631,CYB5R2,51700
12632,OVCH2,341277
12633,OR5P2,120065
12634,OR5P3,120066
12635,OR5E1P,26343
12636,LOC283299,283299
12637,OR10A6,390093
12638,OR10A3,26496
12639,NLRP10,338322
12640,EIF3F,8665
12641,CASC23,103581031
12642,TUB,7275
12643,TUB-AS1,101927917
12644,RIC3,79608
12645,LMO1,4004
12646,STK33,65975
12647,TRIM66,9866
12648,RPL27A,6157
12649,SNORA3A,619562
12650,SNORA3B,677826
12651,ST5,6764
12652,LOC102724784,102724784
12653,AKIP1,56672
12654,C11orf16,56673
12655,ASCL3,56676
12656,TMEM9B,56674
12657,TMEM9B-AS1,493900
12658,NRIP3,56675
12659,SCUBE2,57758
12660,KRT8P41,283102
12661,DENND5A,23258
12662,TMEM41B,440026
12663,IPO7,10527
12664,SNORA23,677808
12665,LOC644656,644656
12666,ZNF143,7702
12667,WEE1,7465
12668,SWAP70,23075
12669,LOC440028,440028
12670,SBF2-AS1,283104
12671,SBF2,81846
12672,LOC101928008,101928008
12673,ADM,133
12674,CAND1.11,100130460
12675,AMPD3,272
12676,MTRNR2L8,100463486
12677,RNF141,50862
12678,MRVI1-AS1,100129827
12679,LYVE1,10894
12680,MRVI1,10335
12681,CTR9,9646
12682,EIF4G2,1982
12683,SNORD97,692223
12684,LOC101928053,101928053
12685,ZBED5,58486
12686,ZBED5-AS1,729013
12687,GALNT18,374378
12688,CSNK2A3,283106
12689,USP47,55031
12690,DKK3,27122
12691,MICAL2,9645
12692,MICALCL,84953
12693,PARVA,55742
12694,TEAD1,7003
12695,LINC00958,100506305
12696,RASSF10,644943
12697,ARNTL,406
12698,BTBD10,84280
12699,PTH,5741
12700,FAR1,84188
12701,SPON1,10418
12702,RRAS2,22800
12703,COPB1,1315
12704,PSMA1,5682
12705,PDE3B,5140
12706,CYP2R1,120227
12707,CALCA,796
12708,CALCB,797
12709,INSC,387755
12710,SOX6,55553
12711,C11orf58,10944
12712,PLEKHA7,144100
12713,OR7E14P,10819
12714,RPS13,6207
12715,PIK3C2A,5286
12716,NUCB2,4925
12717,NCR3LG1,374383
12718,KCNJ11,3767
12719,ABCC8,6833
12720,USH1C,10083
12721,OTOG,340990
12722,MYOD1,4654
12723,KCNC1,3746
12724,SERGEF,26297
12725,TPH1,7166
12726,SAAL1,113174
12727,SAA3P,6290
12728,MRGPRX3,117195
12729,MRGPRX4,117196
12730,LOC494141,494141
12731,SAA4,6291
12732,SAA2-SAA4,100528017
12733,SAA2,6289
12734,SAA1,6288
12735,HPS5,11234
12736,GTF2H1,2965
12737,LDHA,3939
12738,LDHC,3948
12739,LDHAL6A,160287
12740,TSG101,7251
12741,UEVLD,55293
12742,SPTY2D1-AS1,100506540
12743,SPTY2D1,144108
12744,TMEM86A,144110
12745,IGSF22,283284
12746,PTPN5,84867
12747,MRGPRX1,259249
12748,MRGPRX2,117194
12749,ZDHHC13,54503
12750,CSRP3,8048
12751,E2F8,79733
12752,NAV2,89797
12753,NAV2-AS5,100874012
12754,NAV2-AS4,399876
12755,LOC100126784,100126784
12756,NAV2-AS2,100874014
12757,DBX1,120237
12758,HTATIP2,10553
12759,PRMT3,10196
12760,SLC6A5,9152
12761,NELL1,4745
12762,ANO5,203859
12763,SLC17A6,57084
12764,FANCF,2188
12765,GAS2,2620
12766,SVIP,258010
12767,CCDC179,100500938
12768,LUZP2,338645
12769,ANO3,63982
12770,MUC15,143662
12771,SLC5A12,159963
12772,FIBIN,387758
12773,BBOX1,8424
12774,BBOX1-AS1,103695435
12775,CCDC34,91057
12776,LGR4,55366
12777,LOC105376671,105376671
12778,LIN7C,55327
12779,BDNF-AS,497258
12780,LINC00678,101410541
12781,BDNF,627
12782,KIF18A,81930
12783,METTL15,196074
12784,KCNA4,3739
12785,FSHB,2488
12786,ARL14EP,120534
12787,MPPED2,744
12788,DCDC5,100506627
12789,DCDC1,341019
12790,DNAJC24,120526
12791,IMMP1L,196294
12792,ELP4,26610
12793,PAX6,5080
12794,DKFZp686K1684,440034
12795,PAUPAR,103157000
12796,LOC100506675,100506675
12797,RCN1,5954
12798,WT1,7490
12799,WT1-AS,51352
12800,EIF3M,10480
12801,CCDC73,493860
12802,PRRG4,79056
12803,QSER1,79832
12804,DEPDC7,91614
12805,TCP11L1,55346
12806,LINC00294,283267
12807,CSTF3,1479
12808,CSTF3-AS1,338739
12809,HIPK3,10114
12810,KIAA1549L,25758
12811,C11orf91,100131378
12812,CD59,966
12813,FBXO3,26273
12814,FBXO3-AS1,101928440
12815,LMO2,4005
12816,CAPRIN1,4076
12817,NAT10,55226
12818,ABTB2,25841
12819,CAT,847
12820,ELF5,2001
12821,EHF,26298
12822,APIP,51074
12823,PDHX,8050
12824,LOC100507144,100507144
12825,CD44,960
12826,SLC1A2,6506
12827,PAMR1,25891
12828,FJX1,24147
12829,TRIM44,54765
12830,LDLRAD3,143458
12831,MIR3973,100616311
12832,COMMD9,29099
12833,PRR5L,79899
12834,TRAF6,7189
12835,RAG1,5896
12836,RAG2,5897
12837,C11orf74,119710
12838,LRRC4C,57689
12839,LINC01499,102723644
12840,LOC100507205,100507205
12841,HNRNPKP3,399881
12842,API5,8539
12843,TTC17,55761
12844,HSD17B12,51144
12845,ALKBH3,221120
12846,SEC14L1P1,729799
12847,ALKBH3-AS1,100507300
12848,C11orf96,387763
12849,ACCSL,390110
12850,ACCS,84680
12851,EXT2,2132
12852,ALX4,60529
12853,CD82,3732
12854,TSPAN18,90139
12855,TP53I11,9537
12856,LOC221122,221122
12857,PRDM11,56981
12858,SYT13,57586
12859,LOC101928812,101928812
12860,FLJ41423,399886
12861,CHST1,8534
12862,LOC100507384,100507384
12863,DKFZp779M0652,374387
12864,SLC35C1,55343
12865,CRY2,1408
12866,MAPK8IP1,9479
12867,C11orf94,143678
12868,PEX16,9409
12869,GYLTL1B,120071
12870,PHF21A,51317
12871,LOC101928894,101928894
12872,CREB3L1,90993
12873,DGKZ,8525
12874,MDK,4192
12875,CHRM4,1132
12876,AMBRA1,55626
12877,HARBI1,283254
12878,ATG13,9776
12879,ARHGAP1,392
12880,ZNF408,79797
12881,F2,2147
12882,CKAP5,9793
12883,SNORD67,692108
12884,LRP4-AS1,100507401
12885,LRP4,4038
12886,C11orf49,79096
12887,ARFGAP2,84364
12888,PACSIN3,29763
12889,DDB2,1643
12890,ACP2,53
12891,NR1H3,10062
12892,MADD,8567
12893,LOC101928943,101928943
12894,MYBPC3,4607
12895,SPI1,6688
12896,SLC39A13,91252
12897,PSMC3,5702
12898,RAPSN,5913
12899,CELF1,10658
12900,PTPMT1,114971
12901,KBTBD4,55709
12902,NDUFS3,4722
12903,FAM180B,399888
12904,C1QTNF4,114900
12905,MTCH2,23788
12906,AGBL2,79841
12907,FNBP4,23360
12908,NUP160,23279
12909,PTPRJ,5795
12910,OR4B1,119765
12911,OR4X2,119764
12912,OR4X1,390113
12913,OR4S1,256148
12914,OR4C3,256144
12915,OR4C45,403257
12916,OR4A47,403253
12917,TRIM49B,283116
12918,TRIM64C,646754
12919,FOLH1,2346
12920,LOC440040,440040
12921,OR4C13,283092
12922,OR4C12,283093
12923,LOC441601,441601
12924,LOC646813,646813
12925,OR4A5,81318
12926,OR4C46,119749
12927,TRIM48,79097
12928,TRIM51HP,440041
12929,OR4A16,81327
12930,OR4A15,81328
12931,OR4C15,81309
12932,OR4C16,219428
12933,OR4C11,219429
12934,OR4P4,81300
12935,OR4S2,219431
12936,OR4C6,219432
12937,OR5D13,390142
12938,OR5D14,219436
12939,OR5L1,219437
12940,OR5D18,219438
12941,OR5L2,26338
12942,OR5D16,390144
12943,TRIM51,84767
12944,OR5W2,390148
12945,OR5I1,10798
12946,OR10AG1,282770
12947,OR7E5P,219445
12948,OR5F1,338674
12949,OR5AS1,219447
12950,OR8I2,120586
12951,OR8H2,390151
12952,OR8H3,390152
12953,OR8J3,81168
12954,OR8K5,219453
12955,OR5J2,282775
12956,OR5T2,219464
12957,OR5T3,390154
12958,OR5T1,390155
12959,OR8H1,219469
12960,OR8K3,219473
12961,OR8K1,390157
12962,OR8J1,219477
12963,OR8U8,504189
12964,OR8U1,219417
12965,OR5R1,219479
12966,OR5M9,390162
12967,OR5M3,219482
12968,OR5M8,219484
12969,OR5M11,219487
12970,OR5M10,390167
12971,OR5M1,390168
12972,OR5AP2,338675
12973,OR5AR1,219493
12974,OR9G1,390174
12975,OR9G4,283189
12976,LOC101927120,101927120
12977,OR5AK2,390181
12978,OR5AK4P,219525
12979,LRRC55,219527
12980,APLNR,187
12981,TNKS1BP1,85456
12982,SSRP1,6749
12983,P2RX3,5024
12984,PRG3,10394
12985,PRG2,5553
12986,SLC43A3,29015
12987,RTN4RL2,349667
12988,SLC43A1,8501
12989,TIMM10,26519
12990,SMTNL1,219537
12991,UBE2L6,9246
12992,SERPING1,710
12993,YPEL4,219539
12994,CLP1,10978
12995,ZDHHC5,25921
12996,MED19,219541
12997,TMX2,51075
12998,TMX2-CTNND1,100528016
12999,C11orf31,280636
13000,BTBD18,643376
13001,CTNND1,1500
13002,OR9Q1,219956
13003,OR6Q1,219952
13004,OR9I1,219954
13005,OR9Q2,219957
13006,OR1S2,219958
13007,OR1S1,219959
13008,OR10Q1,219960
13009,OR10W1,81341
13010,OR5B17,219965
13011,OR5B3,441608
13012,OR5B2,390190
13013,OR5B12,390191
13014,OR5B21,219968
13015,LPXN,9404
13016,ZFP91,80829
13017,ZFP91-CNTF,386607
13018,CNTF,1270
13019,GLYAT,10249
13020,GLYATL2,219970
13021,GLYATL1,92292
13022,LOC283194,283194
13023,FAM111B,374393
13024,LOC101927204,101927204
13025,FAM111A,63901
13026,DTX4,23220
13027,MPEG1,219972
13028,OR5AN1,390195
13029,OR5A2,219981
13030,OR5A1,219982
13031,OR4D6,219983
13032,OR4D10,390197
13033,OR4D11,219986
13034,OR4D9,390199
13035,OSBP,5007
13036,PATL1,219988
13037,OR10V1,390201
13038,OR10V2P,81343
13039,STX3,6809
13040,MRPL16,54948
13041,GIF,2694
13042,TCN1,6947
13043,OOSP1,255649
13044,OOSP2,219990
13045,MS4A3,932
13046,MS4A2,2206
13047,MS4A6A,64231
13048,MS4A4A,51338
13049,MS4A6E,245802
13050,MS4A7,58475
13051,MS4A14,84689
13052,MS4A5,64232
13053,MS4A1,931
13054,MS4A12,54860
13055,MS4A13,503497
13056,LINC00301,283197
13057,MS4A8,83661
13058,MS4A18,728588
13059,MS4A15,219995
13060,MS4A10,341116
13061,CCDC86,79080
13062,PTGDR2,11251
13063,ZP1,22917
13064,PRPF19,27339
13065,TMEM109,79073
13066,TMEM132A,54972
13067,SLC15A3,51296
13068,CD6,923
13069,CD5,921
13070,VPS37C,55048
13071,PGA3,643834
13072,PGA4,643847
13073,PGA5,5222
13074,VWCE,220001
13075,DDB1,1642
13076,TKFC,26007
13077,CYB561A3,220002
13078,TMEM138,51524
13079,TMEM216,51259
13080,CPSF7,79869
13081,SDHAF2,54949
13082,PPP1R32,220004
13083,LRRC10B,390205
13084,SYT7,9066
13085,LOC101927495,101927495
13086,RPLP0P2,113157
13087,DAGLA,747
13088,MYRF,745
13089,DKFZP434K028,26070
13090,TMEM258,746
13091,FEN1,2237
13092,FADS1,3992
13093,FADS2,9415
13094,FADS3,3995
13095,RAB3IL1,5866
13096,BEST1,7439
13097,FTH1,2495
13098,INCENP,3619
13099,SCGB1D1,10648
13100,SCGB2A1,4246
13101,SCGB1D2,10647
13102,SCGB2A2,4250
13103,ASRGL1,80150
13104,SCGB1A1,7356
13105,AHNAK,79026
13106,EEF1G,1937
13107,TUT1,64852
13108,MTA2,9219
13109,EML3,256364
13110,ROM1,6094
13111,B3GAT3,26229
13112,GANAB,23193
13113,INTS5,80789
13114,C11orf98,102288414
13115,LBHD1,79081
13116,METTL12,751071
13117,SNORA57,692158
13118,UQCC3,790955
13119,UBXN1,51035
13120,LRRN4CL,221091
13121,BSCL2,26580
13122,HNRNPUL2-BSCL2,100534595
13123,GNG3,2785
13124,HNRNPUL2,221092
13125,TTC9C,283237
13126,ZBTB3,79842
13127,POLR2G,5436
13128,TAF6L,10629
13129,TMEM179B,374395
13130,TMEM223,79064
13131,NXF1,10482
13132,STX5,6811
13133,WDR74,54663
13134,SNHG1,23642
13135,SNORD22,9304
13136,SLC3A2,6520
13137,CHRM1,1128
13138,SLC22A6,9356
13139,SLC22A8,9376
13140,SLC22A24,283238
13141,SLC22A25,387601
13142,SLC22A10,387775
13143,SLC22A9,114571
13144,HRASLS5,117245
13145,LGALS12,85329
13146,RARRES3,5920
13147,HRASLS2,54979
13148,PLA2G16,11145
13149,ATL3,25923
13150,RTN3,10313
13151,C11orf95,65998
13152,C11orf84,144097
13153,MARK2,2011
13154,RCOR2,283248
13155,NAA40,79829
13156,COX8A,1351
13157,OTUB1,55611
13158,MACROD1,28992
13159,FLRT1,23769
13160,STIP1,10963
13161,FERMT3,83706
13162,TRPT1,83707
13163,NUDT22,84304
13164,DNAJC4,3338
13165,VEGFB,7423
13166,FKBP2,2286
13167,PPP1R14B,26472
13168,PLCB3,5331
13169,BAD,572
13170,GPR137,56834
13171,KCNK4,50801
13172,TEX40,25858
13173,ESRRA,2101
13174,TRMT112,51504
13175,PRDX5,25824
13176,CCDC88B,283234
13177,RPS6KA4,8986
13178,LOC100996455,100996455
13179,SLC22A11,55867
13180,SLC22A12,116085
13181,NRXN2,9379
13182,RASGRP2,10235
13183,PYGM,5837
13184,SF1,7536
13185,MAP4K2,5871
13186,MEN1,4221
13187,CDC42BPG,55561
13188,EHD1,10938
13189,MIR192,406967
13190,ATG2A,23130
13191,PPP2R5B,5526
13192,GPHA2,170589
13193,C11orf85,283129
13194,BATF2,116071
13195,ARL2,402
13196,ARL2-SNX15,100528018
13197,SNX15,29907
13198,SAC3D1,29901
13199,NAALADL1,10004
13200,CDCA5,113130
13201,ZFPL1,7542
13202,TMEM262,100130348
13203,VPS51,738
13204,TM7SF2,7108
13205,ZNHIT2,741
13206,FAU,2197
13207,MRPL49,740
13208,SYVN1,84447
13209,SPDYC,387778
13210,CAPN1,823
13211,SLC22A20,440044
13212,POLA2,23649
13213,CDC42EP2,10435
13214,DPF2,5977
13215,TIGD3,220359
13216,SLC25A45,283130
13217,FRMD8,83786
13218,NEAT1,283131
13219,MALAT1,378938
13220,SCYL1,57410
13221,LTBP3,4054
13222,SSSCA1-AS1,254100
13223,SSSCA1,10534
13224,FAM89B,23625
13225,EHBP1L1,254102
13226,KCNK7,10089
13227,MAP3K11,4296
13228,PCNXL3,399909
13229,SIPA1,6494
13230,RELA,5970
13231,KAT5,10524
13232,RNASEH2C,84153
13233,AP5B1,91056
13234,OVOL1,5017
13235,OVOL1-AS1,101927828
13236,SNX32,254122
13237,CFL1,1072
13238,MUS81,80198
13239,EFEMP2,30008
13240,CTSW,1521
13241,FIBP,9158
13242,CCDC85B,11007
13243,FOSL1,8061
13244,C11orf68,83638
13245,DRAP1,10589
13246,TSGA10IP,254187
13247,SART1,9092
13248,EIF1AD,84285
13249,BANF1,8815
13250,CST6,1474
13251,CATSPER1,117144
13252,GAL3ST3,89792
13253,SF3B2,10992
13254,PACS1,55690
13255,KLC2,64837
13256,RAB1B,81876
13257,CNIH2,254263
13258,YIF1A,10897
13259,TMEM151A,256472
13260,CD248,57124
13261,RIN1,9610
13262,BRMS1,25855
13263,B4GAT1,11041
13264,SLC29A2,3177
13265,NPAS4,266743
13266,MRPL11,65003
13267,PELI3,246330
13268,LOC101928069,101928069
13269,DPP3,10072
13270,BBS1,582
13271,ZDHHC24,254359
13272,ACTN3,89
13273,CTSF,8722
13274,CCDC87,55231
13275,CCS,9973
13276,RBM14,10432
13277,RBM14-RBM4,100526737
13278,RBM4,5936
13279,RBM4B,83759
13280,SPTBN2,6712
13281,C11orf80,79703
13282,RCE1,9986
13283,PC,5091
13284,LRFN4,78999
13285,C11orf86,254439
13286,SYT12,91683
13287,RHOD,29984
13288,KDM2A,22992
13289,ADRBK1,156
13290,ANKRD13D,338692
13291,SSH3,54961
13292,LOC100130987,100130987
13293,POLD4,57804
13294,CLCF1,23529
13295,RAD9A,5883
13296,PPP1CA,5499
13297,TBC1D10C,374403
13298,CARNS1,57571
13299,RPS6KB2,6199
13300,PTPRCAP,5790
13301,CORO1B,57175
13302,GPR152,390212
13303,CABP4,57010
13304,TMEM134,80194
13305,AIP,9049
13306,PITPNM1,9600
13307,CDK2AP2,10263
13308,CABP2,51475
13309,GSTP1,2950
13310,C11orf72,100505621
13311,NDUFV1,4723
13312,DOC2GP,390213
13313,NUDT8,254552
13314,TBX10,347853
13315,ACY3,91703
13316,ALDH3B2,222
13317,FAM86C2P,645332
13318,UNC93B1,81622
13319,ALDH3B1,221
13320,NDUFS8,4728
13321,TCIRG1,10312
13322,MIR6753,102465451
13323,CHKA,1119
13324,KMT5B,51111
13325,C11orf24,53838
13326,LRP5,4041
13327,PPP6R3,55291
13328,GAL,51083
13329,MTL5,9633
13330,CPT1A,1374
13331,MRPL21,219927
13332,IGHMBP2,3508
13333,MRGPRD,116512
13334,MRGPRF,116535
13335,MRGPRF-AS1,101928200
13336,TPCN2,219931
13337,LOC338694,338694
13338,MYEOV,26579
13339,LINC01488,101928292
13340,CCND1,595
13341,ORAOV1,220064
13342,FGF19,9965
13343,FGF4,2249
13344,FGF3,2248
13345,LOC101928443,101928443
13346,ANO1-AS2,100009613
13347,ANO1,55107
13348,FADD,8772
13349,PPFIA1,8500
13350,CTTN,2017
13351,SHANK2,22941
13352,SHANK2-AS1,100874198
13353,SHANK2-AS3,220070
13354,FLJ42102,399923
13355,DHCR7,1717
13356,NADSYN1,55191
13357,KRTAP5-7,440050
13358,KRTAP5-8,57830
13359,KRTAP5-9,3846
13360,KRTAP5-10,387273
13361,KRTAP5-11,440051
13362,FAM86C1,55199
13363,ALG1L9P,285407
13364,ZNF705E,100131539
13365,LOC100133315,100133315
13366,LOC100129216,100129216
13367,RNF121,55298
13368,IL18BP,10068
13369,NUMA1,4926
13370,LOC100128494,100128494
13371,LRTOMT,220074
13372,LAMTOR1,55004
13373,ANAPC15,25906
13374,FOLR3,2352
13375,FOLR1,2348
13376,FOLR2,2350
13377,INPPL1,3636
13378,PHOX2A,401
13379,CLPB,81570
13380,LINC01537,101928555
13381,PDE2A,5138
13382,ARAP1,116985
13383,STARD10,10809
13384,ATG16L2,89849
13385,FCHSD2,9873
13386,P2RY2,5029
13387,P2RY6,5031
13388,ARHGEF17,9828
13389,RELT,84957
13390,FAM168A,23201
13391,PLEKHB1,58473
13392,RAB6A,5870
13393,MRPL48,51642
13394,COA4,51287
13395,PAAF1,80227
13396,DNAJB13,374407
13397,UCP2,7351
13398,UCP3,7352
13399,C2CD3,26005
13400,PPME1,51400
13401,P4HA3,283208
13402,LOC101928580,101928580
13403,PGM2L1,283209
13404,KCNE3,10008
13405,LIPT2,387787
13406,POLD3,10714
13407,CHRDL2,25884
13408,RNF169,254225
13409,XRRA1,143570
13410,SPCS2,9789
13411,NEU3,10825
13412,OR2AT4,341152
13413,SLCO2B1,11309
13414,TPBGL,100507050
13415,ARRB1,408
13416,RPS3,6188
13417,SNORD15A,6079
13418,SNORD15B,114599
13419,KLHL35,283212
13420,GDPD5,81544
13421,SERPINH1,871
13422,MAP6,4135
13423,MOGAT2,80168
13424,LOC283214,283214
13425,DGAT2,84649
13426,UVRAG,7405
13427,WNT11,7481
13428,PRKRIR,5612
13429,LOC100506127,100506127
13430,EMSY,56946
13431,LRRC32,2615
13432,GUCY2EP,390226
13433,TSKU,25987
13434,LOC101928837,101928837
13435,ACER3,55331
13436,B3GNT6,192134
13437,CAPN5,726
13438,OMP,4975
13439,MYO7A,4647
13440,GDPD4,220032
13441,PAK1,5058
13442,FLJ38894,646029
13443,AQP11,282679
13444,CLNS1A,1207
13445,RSF1,51773
13446,AAMDC,28971
13447,INTS4,92105
13448,KCTD14,65987
13449,NDUFC2-KCTD14,100532726
13450,THRSP,7069
13451,NDUFC2,4718
13452,ALG8,79053
13453,KCTD21-AS1,100289388
13454,KCTD21,283219
13455,USP35,57558
13456,GAB2,9846
13457,LOC101928865,101928865
13458,NARS2,79731
13459,LOC101928896,101928896
13460,TENM4,26011
13461,LOC101928944,101928944
13462,LOC101928989,101928989
13463,FAM181B,220382
13464,PRCP,5547
13465,DDIAS,220042
13466,RAB30,27314
13467,RAB30-AS1,100506233
13468,PCF11,51585
13469,ANKRD42,338699
13470,CCDC90B,60492
13471,DLG2,1740
13472,TMEM126B,55863
13473,TMEM126A,84233
13474,CREBZF,58487
13475,CCDC89,220388
13476,SYTL2,54843
13477,CCDC83,220047
13478,PICALM,8301
13479,EED,8726
13480,C11orf73,51501
13481,CCDC81,60494
13482,ME3,10873
13483,PRSS23,11098
13484,OR7E2P,8587
13485,FZD4,8322
13486,LOC100506368,100506368
13487,TMEM135,65084
13488,RAB38,23682
13489,CTSC,1075
13490,GRM5-AS1,100873989
13491,GRM5,2915
13492,TYR,7299
13493,NOX4,50507
13494,FOLH1B,219595
13495,TRIM77,390231
13496,TRIM49,57093
13497,TRIM64B,642446
13498,TRIM49D1,399939
13499,TRIM49D2,729384
13500,TRIM64,120146
13501,TRIM53AP,642569
13502,TRIM49C,642612
13503,UBTFL1,642623
13504,NAALAD2,10003
13505,CHORDC1,26973
13506,DISC1FP1,100873152
13507,FAT3,120114
13508,MTNR1B,4544
13509,SLC36A4,120103
13510,CCDC67,159989
13511,SMCO4,56935
13512,CEP295,85459
13513,SCARNA9,619383
13514,SNORA25,684959
13515,SNORA32,692063
13516,SNORA1,677792
13517,SNORA8,654320
13518,SNORA18,677805
13519,SNORA40,677822
13520,TAF1D,79101
13521,C11orf54,28970
13522,MED17,9440
13523,VSTM5,387804
13524,HEPHL1,341208
13525,PANX1,24145
13526,IZUMO1R,390243
13527,GPR83,10888
13528,MRE11A,4361
13529,ANKRD49,54851
13530,C11orf97,643037
13531,FUT4,2526
13532,PIWIL4,143689
13533,AMOTL1,154810
13534,CWC15,51503
13535,KDM4D,55693
13536,KDM4E,390245
13537,SRSF8,10929
13538,ENDOD1,23052
13539,LOC101929295,101929295
13540,SESN3,143686
13541,LOC100129203,100129203
13542,FAM76B,143684
13543,CEP57,9702
13544,MTMR2,8898
13545,MAML2,84441
13546,CCDC82,79780
13547,JRKL,8690
13548,CNTN5,53942
13549,ARHGAP42,143872
13550,TMEM133,83935
13551,PGR,5241
13552,LOC101054525,101054525
13553,TRPC6,7225
13554,ANGPTL5,253935
13555,CEP126,57562
13556,C11orf70,85016
13557,YAP1,10413
13558,BIRC3,330
13559,BIRC2,329
13560,TMEM123,114908
13561,MMP7,4316
13562,MMP20,9313
13563,MMP27,64066
13564,MMP8,4317
13565,MMP10,4319
13566,WTAPP1,100288077
13567,MMP1,4312
13568,MMP3,4314
13569,MMP12,4321
13570,MMP13,4322
13571,DCUN1D5,84259
13572,DYNC2H1,79659
13573,PDGFD,80310
13574,DDI1,414301
13575,LOC102723895,102723895
13576,CASP12,100506742
13577,LOC643733,643733
13578,CASP4,837
13579,CASP5,838
13580,CASP1,834
13581,CARD16,114769
13582,CASP1P2,440067
13583,CARD18,59082
13584,GRIA4,2893
13585,MSANTD4,84437
13586,KBTBD3,143879
13587,AASDHPPT,60496
13588,LOC101928535,101928535
13589,GUCY1A2,2977
13590,CWF19L2,143884
13591,ALKBH8,91801
13592,ELMOD1,55531
13593,LOC643923,643923
13594,SLN,6588
13595,SLC35F2,54733
13596,RAB39A,54734
13597,CUL5,8065
13598,ACAT1,38
13599,NPAT,4863
13600,ATM,472
13601,C11orf65,160140
13602,KDELC2,143888
13603,EXPH5,23086
13604,DDX10,1662
13605,C11orf87,399947
13606,ZC3H12C,85463
13607,RDX,5962
13608,FDX1,2230
13609,ARHGAP20,57569
13610,C11orf53,341032
13611,COLCA1,399948
13612,COLCA2,120376
13613,POU2AF1,5450
13614,LOC100132078,100132078
13615,BTG4,54766
13616,C11orf88,399949
13617,LAYN,143903
13618,SIK2,23235
13619,PPP2R1B,5519
13620,ALG9,79796
13621,FDXACB1,91893
13622,C11orf1,64776
13623,CRYAB,1410
13624,HSPB2,3316
13625,HSPB2-C11orf52,100528019
13626,C11orf52,91894
13627,DIXDC1,85458
13628,DLAT,1737
13629,PIH1D2,120379
13630,C11orf57,55216
13631,TIMM8B,26521
13632,SDHD,6392
13633,IL18,3606
13634,TEX12,56158
13635,BCO2,83875
13636,PTS,5805
13637,PLET1,349633
13638,LOC283140,283140
13639,LOC101928823,101928823
13640,LOC387810,387810
13641,LOC101928847,101928847
13642,NCAM1,4684
13643,NCAM1-AS1,100288346
13644,TTC12,54970
13645,ANKK1,255239
13646,DRD2,1813
13647,TMPRSS5,80975
13648,ZW10,9183
13649,CLDN25,644672
13650,USP28,57646
13651,HTR3B,9177
13652,HTR3A,3359
13653,ZBTB16,7704
13654,NNMT,4837
13655,LOC101928940,101928940
13656,C11orf71,54494
13657,RBM7,10179
13658,REXO2,25996
13659,NXPE1,120400
13660,NXPE4,54827
13661,NXPE2,120406
13662,CADM1,23705
13663,LINC00900,283143
13664,BUD13,84811
13665,ZPR1,8882
13666,APOA5,116519
13667,APOA4,337
13668,APOC3,345
13669,APOA1,335
13670,APOA1-AS,104326055
13671,SIK3,23387
13672,PAFAH1B2,5049
13673,SIDT2,51092
13674,LOC100652768,100652768
13675,TAGLN,6876
13676,PCSK7,9159
13677,RNF214,257160
13678,BACE1,23621
13679,BACE1-AS,100379571
13680,CEP164,22897
13681,DSCAML1,57453
13682,FXYD2,486
13683,FXYD6-FXYD2,100533181
13684,FXYD6,53826
13685,TMPRSS13,84000
13686,IL10RA,3587
13687,TMPRSS4-AS1,100526771
13688,TMPRSS4,56649
13689,SCN4B,6330
13690,SCN2B,6327
13691,JAML,120425
13692,MPZL3,196264
13693,MPZL2,10205
13694,CD3E,916
13695,CD3D,915
13696,CD3G,917
13697,UBE4A,9354
13698,LOC100131626,100131626
13699,ATP5L,10632
13700,KMT2A,4297
13701,LOC101929089,101929089
13702,TTC36,143941
13703,TMEM25,84866
13704,IFT46,56912
13705,ARCN1,372
13706,PHLDB1,23187
13707,TREH,11181
13708,DDX6,1656
13709,CXCR5,643
13710,BCL9L,283149
13711,UPK2,7379
13712,FOXR1,283150
13713,CCDC84,338657
13714,RPL23AP64,649946
13715,RPS25,6230
13716,TRAPPC4,51399
13717,SLC37A4,2542
13718,HYOU1,10525
13719,VPS11,55823
13720,HMBS,3145
13721,H2AFX,3014
13722,DPAGT1,1798
13723,C2CD2L,9854
13724,HINFP,25988
13725,ABCG4,64137
13726,NLRX1,79671
13727,PDZD3,79849
13728,CCDC153,283152
13729,CBL,867
13730,MCAM,4162
13731,RNF26,79102
13732,C1QTNF5,114902
13733,USP2,9099
13734,USP2-AS1,100499227
13735,THY1,7070
13736,PVRL1,5818
13737,LOC102724301,102724301
13738,TRIM29,23650
13739,OAF,220323
13740,POU2F3,25833
13741,LOC649133,649133
13742,TMEM136,219902
13743,ARHGEF12,23365
13744,GRIK4,2900
13745,TBCEL,219899
13746,TECTA,7007
13747,SC5D,6309
13748,SORL1,6653
13749,MIR100HG,399959
13750,BLID,414899
13751,UBASH3B,84959
13752,CRTAM,56253
13753,C11orf63,79864
13754,BSX,390259
13755,LOC341056,341056
13756,HSPA8,3312
13757,CLMP,79827
13758,GRAMD1B,57476
13759,SCN3B,55800
13760,ZNF202,7753
13761,OR6X1,390260
13762,OR6M1,390261
13763,TMEM225,338661
13764,OR8D4,338662
13765,OR4D5,219875
13766,OR6T1,219874
13767,OR10S1,219873
13768,OR10G4,390264
13769,OR10G9,219870
13770,OR10G8,219869
13771,OR10G7,390265
13772,VWA5A,4013
13773,OR8G2,26492
13774,OR8G1,26494
13775,OR8G5,219865
13776,OR8D1,283159
13777,OR8D2,283160
13778,OR8B2,26595
13779,OR8B3,390271
13780,OR8B4,283162
13781,OR8B8,26493
13782,OR8B12,219858
13783,OR8A1,390275
13784,PANX3,116337
13785,TBRG1,84897
13786,SIAE,54414
13787,SPA17,53340
13788,NRGN,4900
13789,VSIG2,23584
13790,ESAM,90952
13791,LOC101929340,101929340
13792,MSANTD2,79684
13793,LOC100507283,100507283
13794,ROBO3,64221
13795,ROBO4,54538
13796,HEPN1,641654
13797,HEPACAM,220296
13798,CCDC15,80071
13799,SLC37A2,219855
13800,TMEM218,219854
13801,PKNOX2-AS1,103695364
13802,PKNOX2,63876
13803,FEZ1,9638
13804,MGC39545,403312
13805,EI24,9538
13806,STT3A,3703
13807,CHEK1,1111
13808,ACRV1,56
13809,PATE1,160065
13810,PATE2,399967
13811,PATE3,100169851
13812,PATE4,399968
13813,HYLS1,219844
13814,PUS3,83480
13815,DDX25,29118
13816,CDON,50937
13817,RPUSD4,84881
13818,FAM118B,79607
13819,SRPRA,6734
13820,FOXRED1,55572
13821,TIRAP,114609
13822,DCPS,28960
13823,ST3GAL4-AS1,399972
13824,ST3GAL4,6484
13825,KIRREL3,84623
13826,LOC101929427,101929427
13827,KIRREL3-AS2,100874251
13828,KIRREL3-AS3,283165
13829,LOC101929473,101929473
13830,LOC101929497,101929497
13831,ETS1,2113
13832,LOC101929517,101929517
13833,FLI1,2313
13834,SENCR,100507392
13835,KCNJ1,3758
13836,KCNJ5,3762
13837,C11orf45,219833
13838,TP53AIP1,63970
13839,ARHGAP32,9743
13840,BARX2,8538
13841,LINC01395,101929557
13842,TMEM45B,120224
13843,NFRKB,4798
13844,PRDM10,56980
13845,LINC00167,440072
13846,APLP2,334
13847,ST14,6768
13848,ZBTB44,29068
13849,ADAMTS8,11095
13850,ADAMTS15,170689
13851,C11orf44,283171
13852,LOC100507431,100507431
13853,LOC103611081,103611081
13854,SNX19,399979
13855,NTM,50863
13856,LOC101929653,101929653
13857,C11orf39,100507450
13858,NTM-IT,100874281
13859,OPCML,4978
13860,LOC646522,646522
13861,SPATA19,219938
13862,MIR4697HG,283174
13863,IGSF9B,22997
13864,LOC100128239,100128239
13865,JAM3,83700
13866,NCAPD3,23310
13867,VPS26B,112936
13868,THYN1,29087
13869,ACAD8,27034
13870,GLB1L3,112937
13871,GLB1L2,89944
13872,B3GAT1,27087
13873,LOC283177,283177
13874,FAM138D,677784
13875,LOC100288778,100288778
13876,IQSEC3,440073
13877,LOC574538,574538
13878,SLC6A12,6539
13879,LOC101929384,101929384
13880,SLC6A13,6540
13881,LOC102723544,102723544
13882,KDM5A,5927
13883,CCDC77,84318
13884,B4GALNT3,283358
13885,NINJ2,4815
13886,LOC100049716,100049716
13887,WNK1,65125
13888,RAD52,5893
13889,ERC1,23085
13890,LINC00942,100292680
13891,FBXL14,144699
13892,WNT5B,81029
13893,ADIPOR2,79602
13894,CACNA2D4,93589
13895,LRTM2,654429
13896,LINC00940,100271702
13897,DCP1B,196513
13898,CACNA1C,775
13899,CACNA1C-AS4,100874234
13900,CACNA1C-IT3,100874370
13901,CACNA1C-AS2,100874235
13902,CACNA1C-AS1,100652846
13903,LOC283440,283440
13904,FKBP4,2288
13905,ITFG2,55846
13906,NRIP2,83714
13907,LOC100507424,100507424
13908,FOXM1,2305
13909,RHNO1,83695
13910,TULP3,7289
13911,TEAD4,7004
13912,TSPAN9,10867
13913,PRMT8,56341
13914,LOC100129223,100129223
13915,CRACR2A,84766
13916,PARP11,57097
13917,CCND2-AS1,103752584
13918,CCND2,894
13919,TIGAR,57103
13920,FGF23,8074
13921,FGF6,2251
13922,C12orf4,57102
13923,RAD51AP1,10635
13924,DYRK4,8798
13925,AKAP3,10566
13926,NDUFA9,4704
13927,LOC101929549,101929549
13928,GALNT8,26290
13929,KCNA6,3742
13930,KCNA1,3736
13931,KCNA5,3741
13932,LOC101929584,101929584
13933,NTF3,4908
13934,ANO2,57101
13935,VWF,7450
13936,CD9,928
13937,PLEKHG6,55200
13938,TNFRSF1A,7132
13939,SCNN1A,6337
13940,LTBR,4055
13941,CD27-AS1,678655
13942,CD27,939
13943,TAPBPL,55080
13944,VAMP1,6843
13945,MRPL51,51258
13946,NCAPD2,9918
13947,SCARNA10,692148
13948,GAPDH,2597
13949,IFFO1,25900
13950,NOP2,4839
13951,CHD4,1108
13952,SCARNA11,677780
13953,LPAR5,57121
13954,ACRBP,84519
13955,ING4,51147
13956,ZNF384,171017
13957,PIANP,196500
13958,COPS7A,50813
13959,MLF2,8079
13960,PTMS,5763
13961,LAG3,3902
13962,CD4,920
13963,GPR162,27239
13964,P3H3,10536
13965,GNB3,2784
13966,CDCA3,83461
13967,USP5,8078
13968,TPI1,7167
13969,SPSB2,84727
13970,RPL13P5,283345
13971,DSTNP2,171220
13972,LRRC23,10233
13973,ENO2,2026
13974,ATN1,1822
13975,C12orf57,113246
13976,PTPN6,5777
13977,PHB2,11331
13978,SCARNA12,677777
13979,EMG1,10436
13980,LPCAT3,10162
13981,C1S,716
13982,C1R,715
13983,C1RL,51279
13984,C1RL-AS1,283314
13985,RBP5,83758
13986,CLSTN3,9746
13987,PEX5,5830
13988,ACSM4,341392
13989,CD163L1,283316
13990,CD163,9332
13991,APOBEC1,339
13992,GDF3,9573
13993,DPPA3,359787
13994,CLEC4C,170482
13995,NANOGNB,360030
13996,NANOG,79923
13997,SLC2A14,144195
13998,SLC2A3,6515
13999,FOXJ2,55810
14000,C3AR1,719
14001,NECAP1,25977
14002,CLEC4A,50856
14003,POU5F1P3,642559
14004,ZNF705A,440077
14005,FAM66C,440078
14006,FAM90A1,55138
14007,FAM86FP,653113
14008,LOC101927905,101927905
14009,LINC00937,389634
14010,CLEC6A,93978
14011,CLEC4D,338339
14012,CLEC4E,26253
14013,AICDA,57379
14014,MFAP5,8076
14015,RIMKLB,57494
14016,A2ML1,144568
14017,PHC1,1911
14018,M6PR,4074
14019,KLRG1,10219
14020,LINC00612,253128
14021,A2M-AS1,144571
14022,A2M,2
14023,PZP,5858
14024,A2MP1,3
14025,LINC00987,100499405
14026,LOC642846,642846
14027,LOC101930452,101930452
14028,LOC101928030,101928030
14029,DDX12P,440081
14030,KLRB1,3820
14031,LOC374443,374443
14032,CLEC2D,29121
14033,CLECL1,160365
14034,CD69,969
14035,KLRF1,51348
14036,CLEC2B,9976
14037,CLEC2A,387836
14038,LOC100506159,100506159
14039,CLEC12A,160364
14040,CLEC1B,51266
14041,CLEC12B,387837
14042,LOC102724020,102724020
14043,CLEC9A,283420
14044,CLEC1A,51267
14045,CLEC7A,64581
14046,OLR1,4973
14047,TMEM52B,120939
14048,GABARAPL1,23710
14049,KLRD1,3824
14050,LOC101928100,101928100
14051,KLRK1,22914
14052,KLRC4-KLRK1,100528032
14053,KLRC4,8302
14054,KLRC3,3823
14055,KLRC2,3822
14056,KLRC1,3821
14057,KLRAP1,10748
14058,MAGOHB,55110
14059,STYK1,55359
14060,YBX3,8531
14061,TAS2R7,50837
14062,TAS2R8,50836
14063,TAS2R9,50835
14064,TAS2R10,50839
14065,PRR4,11272
14066,PRH1-PRR4,100533464
14067,PRH1,5554
14068,TAS2R13,50838
14069,PRH2,5555
14070,TAS2R14,50840
14071,TAS2R50,259296
14072,TAS2R20,259295
14073,TAS2R19,259294
14074,TAS2R31,259290
14075,TAS2R46,259292
14076,TAS2R43,259289
14077,TAS2R30,259293
14078,SMIM10L1,100129361
14079,TAS2R42,353164
14080,PRB3,5544
14081,PRB4,5545
14082,PRB1,5542
14083,PRB2,653247
14084,LINC01252,338817
14085,ETV6,2120
14086,BCL2L14,79370
14087,LRP6,4040
14088,MANSC1,54682
14089,LOH12CR2,503693
14090,BORCS5,118426
14091,DUSP16,80824
14092,CREBL2,1389
14093,GPR19,2842
14094,CDKN1B,1027
14095,APOLD1,81575
14096,DDX47,51202
14097,RPL13AP20,387841
14098,GPRC5A,9052
14099,GPRC5D,55507
14100,HEBP1,50865
14101,LOC100506314,100506314
14102,HTR7P1,93164
14103,FAM234B,57613
14104,GSG1,83445
14105,EMP1,2012
14106,LINC01559,283422
14107,GRIN2B,2904
14108,ATF7IP,55729
14109,PLBD1,79887
14110,PLBD1-AS1,101928290
14111,GUCY2C,2984
14112,HIST4H4,121504
14113,H2AFJ,55766
14114,WBP11,51729
14115,C12orf60,144608
14116,SMCO3,440087
14117,ART4,420
14118,MGP,4256
14119,ERP27,121506
14120,ARHGDIB,397
14121,PDE6H,5149
14122,LINC01489,101928340
14123,RERG,85004
14124,RERG-AS1,100873980
14125,PTPRO,5800
14126,EPS8,2059
14127,STRAP,11171
14128,DERA,51071
14129,SLC15A5,729025
14130,MGST1,4257
14131,LMO3,55885
14132,SKP1P2,728622
14133,RERGL,79785
14134,PIK3C2G,5288
14135,PLCZ1,89869
14136,CAPZA3,93661
14137,PLEKHA5,54477
14138,AEBP2,121536
14139,LOC100506393,100506393
14140,PDE3A,5139
14141,SLCO1C1,53919
14142,SLCO1B3,28234
14143,SLCO1B7,338821
14144,SLCO1B1,10599
14145,SLCO1A2,6579
14146,IAPP,3375
14147,PYROXD1,79912
14148,RECQL,5965
14149,GOLT1B,51026
14150,SPX,80763
14151,GYS2,2998
14152,LDHB,3945
14153,KCNJ8,3764
14154,ABCC9,10060
14155,CMAS,55907
14156,ST8SIA1,6489
14157,C2CD5,9847
14158,ETNK1,55500
14159,LOC101928441,101928441
14160,SOX5,6660
14161,LOC101928471,101928471
14162,LINC00477,144360
14163,BCAT1,586
14164,C12orf77,196415
14165,LRMP,4033
14166,CASC1,55259
14167,LYRM5,144363
14168,KRAS,3845
14169,LMNTD1,160492
14170,RASSF8-AS1,100506451
14171,RASSF8,11228
14172,BHLHE41,79365
14173,SSPN,8082
14174,ITPR2,3709
14175,ASUN,55726
14176,FGFR1OP2,26127
14177,TM7SF3,51768
14178,MED21,9412
14179,C12orf71,728858
14180,STK38L,23012
14181,ARNTL2,56938
14182,ARNTL2-AS1,101928646
14183,SMCO2,341346
14184,PPFIBP1,8496
14185,REP15,387849
14186,MRPS35,60488
14187,MANSC4,100287284
14188,KLHL42,57542
14189,PTHLH,5744
14190,CCDC91,55297
14191,FAR2,55711
14192,LOC100506606,100506606
14193,ERGIC2,51290
14194,OVCH1-AS1,101055625
14195,OVCH1,341350
14196,TMTC1,83857
14197,IPO8,10526
14198,CAPRIN2,65981
14199,LINC00941,100287314
14200,TSPAN11,441631
14201,DDX11-AS1,100506660
14202,DDX11,1663
14203,FAM60A,58516
14204,FLJ13224,79857
14205,DENND5B,160518
14206,DENND5B-AS1,100874249
14207,METTL20,254013
14208,AMN1,196394
14209,H3F3C,440093
14210,KIAA1551,55196
14211,BICD1,636
14212,FGD4,121512
14213,DNM1L,10059
14214,YARS2,51067
14215,PKP2,5318
14216,SYT10,341359
14217,ALG10,84920
14218,ALG10B,144245
14219,CPNE8,144402
14220,KIF21A,55605
14221,ABCD2,225
14222,C12orf40,283461
14223,SLC2A13,114134
14224,LRRK2,120892
14225,MUC19,283463
14226,CNTN1,1272
14227,PDZRN4,29951
14228,GXYLT1,283464
14229,YAF2,10138
14230,ZCRB1,85437
14231,MIR7851,102467003
14232,PPHLN1,51535
14233,PRICKLE1,144165
14234,LOC101927058,101927058
14235,ADAMTS20,80070
14236,PUS7L,83448
14237,IRAK4,51135
14238,TWF1,5756
14239,TMEM117,84216
14240,NELL2,4753
14241,DBX2,440097
14242,RACGAP1P,83956
14243,PLEKHA8P1,51054
14244,ANO6,196527
14245,LINC00938,400027
14246,ARID2,196528
14247,SCAF11,9169
14248,SLC38A1,81539
14249,SLC38A2,54407
14250,LOC100288798,100288798
14251,SLC38A4,55089
14252,AMIGO2,347902
14253,PCED1B,91523
14254,PCED1B-AS1,100233209
14255,RPAP3,79657
14256,ENDOU,8909
14257,RAPGEF3,10411
14258,SLC48A1,55652
14259,HDAC7,51564
14260,VDR,7421
14261,TMEM106C,79022
14262,COL2A1,1280
14263,SENP1,29843
14264,PFKM,5213
14265,ASB8,140461
14266,CCDC184,387856
14267,OR10AD1,121275
14268,H1FNT,341567
14269,ZNF641,121274
14270,ANP32D,23519
14271,C12orf54,121273
14272,OR8S1,341568
14273,LALBA,3906
14274,KANSL2,54934
14275,SNORA2C,677815
14276,SNORA2A,677793
14277,SNORA2B,677794
14278,CCNT1,904
14279,LINC00935,255411
14280,ADCY6,112
14281,LOC100506125,100506125
14282,CACNB3,784
14283,DDX23,9416
14284,RND1,27289
14285,CCDC65,85478
14286,FKBP11,51303
14287,ARF3,377
14288,WNT10B,7480
14289,WNT1,7471
14290,DDN,23109
14291,PRKAG1,5571
14292,KMT2D,8085
14293,RHEBL1,121268
14294,DHH,50846
14295,LMBR1L,55716
14296,TUBA1B,10376
14297,TUBA1A,7846
14298,TUBA1C,84790
14299,LOC101927267,101927267
14300,PRPH,5630
14301,TROAP,10024
14302,C1QL4,338761
14303,DNAJC22,79962
14304,SPATS2,65244
14305,LOC100335030,100335030
14306,KCNH3,23416
14307,MCRS1,10445
14308,FAM186B,84070
14309,PRPF40B,25766
14310,FMNL3,91010
14311,TMBIM6,7009
14312,NCKAP5L,57701
14313,BCDIN3D-AS1,100286844
14314,BCDIN3D,144233
14315,FAIM2,23017
14316,LOC283332,283332
14317,LOC101927292,101927292
14318,AQP2,359
14319,LOC101927318,101927318
14320,AQP5,362
14321,AQP6,363
14322,RACGAP1,29127
14323,ASIC1,41
14324,SMARCD1,6602
14325,GPD1,2819
14326,COX14,84987
14327,CERS5,91012
14328,LIMA1,51474
14329,FAM186A,121006
14330,LARP4,113251
14331,DIP2B,57609
14332,ATF1,466
14333,TMPRSS12,283471
14334,METTL7A,25840
14335,SLC11A2,4891
14336,LETMD1,25875
14337,CSRNP2,81566
14338,TFCP2,7024
14339,POU6F1,5463
14340,DAZAP2,9802
14341,SMAGP,57228
14342,BIN2,51411
14343,CELA1,1990
14344,GALNT6,11226
14345,SLC4A8,9498
14346,SCN8A,6334
14347,FIGNL2,401720
14348,ANKRD33,341405
14349,ACVRL1,94
14350,ACVR1B,91
14351,GRASP,160622
14352,NR4A1,3164
14353,ATG101,60673
14354,OR7E47P,26628
14355,KRT80,144501
14356,C12orf80,283403
14357,LINC00592,283404
14358,KRT7,3855
14359,KRT81,3887
14360,KRT86,3892
14361,KRT83,3889
14362,KRT85,3891
14363,KRT84,3890
14364,KRT82,3888
14365,KRT75,9119
14366,KRT6B,3854
14367,KRT6C,286887
14368,KRT6A,3853
14369,KRT5,3852
14370,KRT71,112802
14371,KRT74,121391
14372,KRT72,140807
14373,KRT73,319101
14374,LOC100127967,100127967
14375,KRT2,3849
14376,KRT1,3848
14377,KRT77,374454
14378,KRT76,51350
14379,KRT3,3850
14380,KRT4,3851
14381,KRT79,338785
14382,KRT78,196374
14383,KRT8,3856
14384,KRT18,3875
14385,EIF4B,1975
14386,LOC283335,283335
14387,TNS2,23371
14388,SPRYD3,84926
14389,IGFBP6,3489
14390,SOAT2,8435
14391,CSAD,51380
14392,ZNF740,283337
14393,ITGB7,3695
14394,RARG,5916
14395,MFSD5,84975
14396,ESPL1,9700
14397,PFDN5,5204
14398,C12orf10,60314
14399,AAAS,8086
14400,SP7,121340
14401,SP1,6667
14402,AMHR2,269
14403,PRR13,54458
14404,PCBP2,5094
14405,PCBP2-OT1,102157401
14406,MAP3K12,7786
14407,TARBP2,6895
14408,NPFF,8620
14409,ATF7,11016
14410,LOC100652999,100652999
14411,ATP5G2,517
14412,CALCOCO1,57658
14413,CISTR,102216268
14414,HOXC13-AS,100874366
14415,HOXC13,3229
14416,HOXC12,3228
14417,HOTAIR,100124700
14418,HOXC11,3227
14419,HOXC-AS3,100874365
14420,HOXC10,3226
14421,HOXC-AS2,100874364
14422,HOXC-AS1,100874363
14423,HOXC9,3225
14424,HOXC8,3224
14425,HOXC6,3223
14426,HOXC5,3222
14427,HOXC4,3221
14428,FLJ12825,440101
14429,LOC100240735,100240735
14430,LOC100240734,100240734
14431,LOC400043,400043
14432,SMUG1,23583
14433,CBX5,23468
14434,HNRNPA1,3178
14435,HNRNPA1P10,664709
14436,NFE2,4778
14437,COPZ1,22818
14438,LOC102724050,102724050
14439,GPR84,53831
14440,ZNF385A,25946
14441,ITGA5,3678
14442,GTSF1,121355
14443,NCKAP1L,3071
14444,PDE1B,5153
14445,PPP1R1A,5502
14446,GLYCAM1,644076
14447,DCD,117159
14448,MUCL1,118430
14449,TESPA1,9840
14450,NEUROD4,58158
14451,OR9K2,441639
14452,OR10A7,121364
14453,OR6C74,254783
14454,OR6C6,283365
14455,OR6C1,390321
14456,OR6C3,254786
14457,OR6C75,390323
14458,OR6C65,403282
14459,OR6C76,390326
14460,OR6C2,341416
14461,OR6C70,390327
14462,OR6C68,403284
14463,OR6C4,341418
14464,OR2AP1,121129
14465,OR10P1,121130
14466,METTL7B,196410
14467,ITGA7,3679
14468,BLOC1S1,2647
14469,BLOC1S1-RDH5,100528022
14470,RDH5,5959
14471,CD63,967
14472,GDF11,10220
14473,SARNP,84324
14474,ORMDL2,29095
14475,DNAJC14,85406
14476,TMEM198B,440104
14477,MMP19,4327
14478,PYM1,84305
14479,DGKA,1606
14480,PMEL,6490
14481,CDK2,1017
14482,RAB5B,5869
14483,SUOX,6821
14484,IKZF4,64375
14485,RPS26,6231
14486,ERBB3,2065
14487,PA2G4,5036
14488,RPL41,6171
14489,ZC3H10,84872
14490,ESYT1,23344
14491,MYL6B,140465
14492,MYL6,4637
14493,SMARCC2,6601
14494,RNF41,10193
14495,NABP2,79035
14496,SLC39A5,283375
14497,ANKRD52,283373
14498,COQ10A,93058
14499,CS,1431
14500,CNPY2,10330
14501,PAN2,9924
14502,IL23A,51561
14503,STAT2,6773
14504,APOF,319
14505,TIMELESS,8914
14506,MIP,4284
14507,SPRYD4,283377
14508,GLS2,27165
14509,RBMS2,5939
14510,BAZ2A,11176
14511,ATP5B,506
14512,PTGES3,10728
14513,NACA,4666
14514,PRIM1,5557
14515,HSD17B6,8630
14516,SDR9C7,121214
14517,RDH16,8608
14518,GPR182,11318
14519,ZBTB39,9880
14520,TAC3,6866
14521,MYO1A,4640
14522,NEMP1,23306
14523,NAB2,4665
14524,STAT6,6778
14525,LRP1,4035
14526,LRP1-AS,105751187
14527,NXPH4,11247
14528,SHMT2,6472
14529,NDUFA4L2,56901
14530,STAC3,246329
14531,R3HDM2,22864
14532,INHBC,3626
14533,INHBE,83729
14534,GLI1,2735
14535,ARHGAP9,64333
14536,MARS,4141
14537,DDIT3,1649
14538,MBD6,114785
14539,DCTN2,10540
14540,KIF5A,3798
14541,PIP4K2C,79837
14542,DTX3,196403
14543,ARHGEF25,115557
14544,LOC101927583,101927583
14545,SLC26A10,65012
14546,B4GALNT1,2583
14547,OS9,10956
14548,AGAP2,116986
14549,AGAP2-AS1,100130776
14550,TSPAN31,6302
14551,CDK4,1019
14552,MARCH9,92979
14553,CYP27B1,1594
14554,METTL1,4234
14555,METTL21B,25895
14556,TSFM,10102
14557,AVIL,10677
14558,CTDSP2,10106
14559,LOC100506844,100506844
14560,XRCC6BP1,91419
14561,LOC101927653,101927653
14562,LOC100506869,100506869
14563,LRIG3,121227
14564,SLC16A7,9194
14565,FAM19A2,338811
14566,USP15,9958
14567,MON2,23041
14568,LINC01465,283416
14569,PPM1H,57460
14570,AVPR1A,552
14571,DPY19L2,283417
14572,TMEM5,10329
14573,TMEM5-AS1,104169670
14574,SRGAP1,57522
14575,C12orf66,144577
14576,C12orf56,115749
14577,XPOT,11260
14578,TBK1,29110
14579,RASSF3,283349
14580,GNS,2799
14581,TBC1D30,23329
14582,FLJ41278,400046
14583,WIF1,11197
14584,LEMD3,23592
14585,MSRB3,253827
14586,LOC100507065,100507065
14587,RPSAP52,204010
14588,HMGA2,8091
14589,LLPH,84298
14590,LLPH-AS1,103625681
14591,TMBIM4,51643
14592,IRAK3,11213
14593,HELB,92797
14594,GRIP1,23426
14595,CAND1,55832
14596,LOC100507175,100507175
14597,DYRK2,8445
14598,LOC101927901,101927901
14599,LINC01479,101927922
14600,IFNG-AS1,100885789
14601,IFNG,3458
14602,IL26,55801
14603,IL22,50616
14604,MDM1,56890
14605,LOC100507195,100507195
14606,RAP1B,5908
14607,SNORA70G,100379132
14608,LOC100507250,100507250
14609,NUP107,57122
14610,SLC35E3,55508
14611,LOC100130075,100130075
14612,MDM2,4193
14613,CPM,1368
14614,CPSF6,11052
14615,LYZ,4069
14616,YEATS4,8089
14617,FRS2,10818
14618,CCT2,10576
14619,LRRC10,376132
14620,BEST3,144453
14621,LOC101928002,101928002
14622,RAB3IP,117177
14623,MYRFL,196446
14624,LINC01481,101928062
14625,CNOT2,4848
14626,KCNMB4,27345
14627,PTPRB,5787
14628,PTPRR,5801
14629,TSPAN8,7103
14630,LGR5,8549
14631,ZFC3H1,196441
14632,THAP2,83591
14633,TMEM19,55266
14634,RAB21,23011
14635,TBC1D15,64786
14636,MRS2P2,729633
14637,TPH2,121278
14638,TRHDE-AS1,283392
14639,TRHDE,29953
14640,LOC101928137,101928137
14641,LOC100507377,100507377
14642,ATXN7L3B,552889
14643,KCNC2,3747
14644,CAPS2,84698
14645,GLIPR1L1,256710
14646,GLIPR1L2,144321
14647,GLIPR1,11010
14648,KRR1,11103
14649,PHLDA1,22822
14650,NAP1L1,4673
14651,BBS10,79738
14652,OSBPL8,114882
14653,ZDHHC17,23390
14654,CSRP2,1466
14655,E2F7,144455
14656,NAV3,89795
14657,SYT1,6857
14658,PAWR,5074
14659,PPP1R12A,4659
14660,OTOGL,283310
14661,PTPRQ,374462
14662,MYF6,4618
14663,MYF5,4617
14664,LINC01490,101928420
14665,LIN7A,8825
14666,ACSS3,79611
14667,PPFIA2,8499
14668,LOC102724663,102724663
14669,LOC101928449,101928449
14670,CCDC59,29080
14671,METTL25,84190
14672,TMTC2,160335
14673,SLC6A15,55117
14674,TSPAN19,144448
14675,LRRIQ1,84125
14676,ALX1,8092
14677,RASSF9,9182
14678,NTS,4922
14679,MGAT4C,25834
14680,MKRN9P,400058
14681,C12orf50,160419
14682,C12orf29,91298
14683,CEP290,80184
14684,TMTC3,160418
14685,KITLG,4254
14686,LOC728084,728084
14687,DUSP6,1848
14688,POC1B,282809
14689,GALNT4,8693
14690,POC1B-GALNT4,100528030
14691,ATP2B1,490
14692,LINC00936,338758
14693,LINC00615,439916
14694,CCER1,196477
14695,EPYC,1833
14696,KERA,11081
14697,LUM,4060
14698,DCN,1634
14699,LINC01619,256021
14700,BTG1,694
14701,CLLU1OS,574016
14702,CLLU1,574028
14703,C12orf74,338809
14704,PLEKHG7,440107
14705,EEA1,8411
14706,LOC643339,643339
14707,LOC102724933,102724933
14708,NUDT4,11163
14709,NUDT4P2,170688
14710,NUDT4P1,440672
14711,UBE2N,7334
14712,MRPL42,28977
14713,SOCS2-AS1,144481
14714,SOCS2,8835
14715,CRADD,8738
14716,LOC101928731,101928731
14717,PLXNC1,10154
14718,CEP83,51134
14719,CEP83-AS1,144486
14720,TMCC3,57458
14721,MIR492,574449
14722,KRT19P2,160313
14723,NDUFA12,55967
14724,NR2C1,7181
14725,FGD6,55785
14726,VEZT,55591
14727,METAP2,10988
14728,USP44,84101
14729,PGAM1P5,100132594
14730,NTN4,59277
14731,SNRPF,6636
14732,CCDC38,120935
14733,AMDHD1,144193
14734,HAL,3034
14735,LTA4H,4048
14736,ELK3,2004
14737,CDK17,5128
14738,C12orf55,144535
14739,NEDD1,121441
14740,RMST,196475
14741,LOC643711,643711
14742,SLC9A7P1,121456
14743,LOC643770,643770
14744,TMPO-AS1,100128191
14745,TMPO,7112
14746,SLC25A3,5250
14747,SNORA53,677832
14748,IKBIP,121457
14749,APAF1,317
14750,ANKS1B,56899
14751,LOC101928937,101928937
14752,FAM71C,196472
14753,UHRF1BP1L,23074
14754,GOLGA2P5,55592
14755,ACTR6,64431
14756,DEPDC4,120863
14757,SCYL2,55681
14758,SLC17A8,246213
14759,NR1H4,9971
14760,GAS2L3,283431
14761,ANO4,121601
14762,SLC5A8,160728
14763,UTP20,27340
14764,ARL1,400
14765,SPIC,121599
14766,MYBPC1,4604
14767,CHPT1,56994
14768,SYCP3,50511
14769,GNPTAB,79158
14770,DRAM1,55332
14771,CCDC53,51019
14772,NUP37,79023
14773,PARPBP,55010
14774,PMCH,5367
14775,IGF1,3479
14776,LINC00485,283432
14777,PAH,5053
14778,ASCL1,429
14779,LOC101929058,101929058
14780,C12orf42,374470
14781,LOC101929084,101929084
14782,STAB2,55576
14783,NT5DC3,51559
14784,TTC41P,253724
14785,HSP90B1,7184
14786,MIR3652,100500842
14787,C12orf73,728568
14788,TDG,6996
14789,GLT8D2,83468
14790,HCFC2,29915
14791,NFYB,4801
14792,TXNRD1,7296
14793,EID3,493861
14794,CHST11,50515
14795,SLC41A2,84102
14796,C12orf45,121053
14797,ALDH1L2,160428
14798,LOC414300,414300
14799,KIAA1033,23325
14800,APPL2,55198
14801,KCCAT198,105369954
14802,C12orf75,387882
14803,CASC18,101929110
14804,NUAK1,9891
14805,CKAP4,10970
14806,TCP11L2,255394
14807,POLR3B,55703
14808,LOC100287944,100287944
14809,RFX4,5992
14810,LOC100505978,100505978
14811,RIC8B,55188
14812,TMEM263,90488
14813,MTERF2,80298
14814,CRY1,1407
14815,BTBD11,121551
14816,PWP1,11137
14817,PRDM4,11108
14818,LOC101929162,101929162
14819,ASCL4,121549
14820,LOC728739,728739
14821,WSCD2,9671
14822,CMKLR1,1240
14823,LINC01498,102723562
14824,FICD,11153
14825,SART3,9733
14826,ISCU,23479
14827,TMEM119,338773
14828,SELPLG,6404
14829,CORO1C,23603
14830,SSH1,54434
14831,DAO,1610
14832,SVOP,55530
14833,USP30,84749
14834,USP30-AS1,100131733
14835,ALKBH2,121642
14836,UNG,7374
14837,ACACB,32
14838,FOXN4,121643
14839,LINC01486,101928138
14840,MYO1H,283446
14841,KCTD10,83892
14842,UBE3B,89910
14843,MMAB,326625
14844,MVK,4598
14845,FAM222A,84915
14846,FAM222A-AS1,84983
14847,TRPV4,59341
14848,GLTP,51228
14849,TCHP,84260
14850,GIT2,9815
14851,ANKRD13A,88455
14852,C12orf76,400073
14853,IFT81,28981
14854,ATP2A2,488
14855,ANAPC7,51434
14856,ARPC3,10094
14857,GPN3,51184
14858,FAM216A,29902
14859,VPS29,51699
14860,RAD9B,144715
14861,PPTC7,160760
14862,TCTN1,79600
14863,HVCN1,84329
14864,PPP1CC,5501
14865,CCDC63,160762
14866,MYL2,4633
14867,LINC01405,100131138
14868,CUX2,23316
14869,FAM109A,144717
14870,SH2B3,10019
14871,ATXN2,6311
14872,BRAP,8315
14873,ACAD10,80724
14874,ALDH2,217
14875,MAPKAPK5-AS1,51275
14876,MAPKAPK5,8550
14877,ADAM1A,8759
14878,TMEM116,89894
14879,ERP29,10961
14880,NAA25,80018
14881,TRAFD1,10906
14882,HECTD4,283450
14883,RPL6,6128
14884,PTPN11,5781
14885,RPH3A,22895
14886,OAS1,4938
14887,OAS3,4940
14888,OAS2,4939
14889,DTX1,1840
14890,RASAL1,8437
14891,CFAP73,387885
14892,DDX54,79039
14893,RITA1,84934
14894,IQCD,115811
14895,TPCN1,53373
14896,SLC8B1,80024
14897,PLBD2,196463
14898,SDS,10993
14899,SDSL,113675
14900,LHX5,64211
14901,LHX5-AS1,104355219
14902,LOC100506465,100506465
14903,RBM19,9904
14904,TBX5,6910
14905,TBX5-AS1,255480
14906,TBX3,6926
14907,MED13L,23389
14908,LINC00173,100287569
14909,MAP1LC3B2,643246
14910,C12orf49,79794
14911,RNFT2,84900
14912,HRK,8739
14913,FBXW8,26259
14914,LOC100506551,100506551
14915,TESC,54997
14916,TESC-AS1,101928244
14917,FBXO21,23014
14918,NOS1,4842
14919,KSR2,283455
14920,RFC5,5985
14921,WSB2,55884
14922,VSIG10,54621
14923,PEBP1,5037
14924,TAOK3,51347
14925,SUDS3,64426
14926,SRRM4,84530
14927,HSPB8,26353
14928,LINC00934,144742
14929,CCDC60,160777
14930,TMEM233,387890
14931,PRKAB1,5564
14932,CIT,11113
14933,CCDC64,92558
14934,RAB35,11021
14935,GCN1,10985
14936,RPLP0,6175
14937,PXN-AS1,100506649
14938,PXN,5829
14939,SIRT4,23409
14940,PLA2G1B,5319
14941,MSI1,4440
14942,COX6A1,1337
14943,TRIAP1,51499
14944,GATC,283459
14945,SRSF9,8683
14946,DYNLL1,8655
14947,NRAV,100506668
14948,COQ5,84274
14949,RNF10,9921
14950,POP5,51367
14951,CABP1,9478
14952,MLEC,9761
14953,UNC119B,84747
14954,ACADS,35
14955,SPPL3,121665
14956,HNF1A-AS1,283460
14957,HNF1A,6927
14958,C12orf43,64897
14959,OASL,8638
14960,P2RX7,5027
14961,P2RX4,5025
14962,CAMKK2,10645
14963,ANAPC5,51433
14964,RNF34,80196
14965,KDM2B,84678
14966,ORAI1,84876
14967,MORN3,283385
14968,TMEM120B,144404
14969,RHOF,54509
14970,LINC01089,338799
14971,SETD1B,23067
14972,HPD,3242
14973,PSMD9,5715
14974,WDR66,144406
14975,BCL7A,605
14976,MLXIP,22877
14977,LRRC43,254050
14978,IL31,386653
14979,B3GNT4,79369
14980,DIABLO,56616
14981,LOC101593348,101593348
14982,VPS33A,65082
14983,CLIP1,6249
14984,CLIP1-AS1,100507066
14985,ZCCHC8,55596
14986,RSRC2,65117
14987,KNTC1,9735
14988,HCAR2,338442
14989,HCAR3,8843
14990,HCAR1,27198
14991,DENR,8562
14992,CCDC62,84660
14993,HIP1R,9026
14994,VPS37B,79720
14995,ABCB9,23457
14996,OGFOD2,79676
14997,ARL6IP4,51329
14998,PITPNM2,57605
14999,LOC100507091,100507091
15000,MPHOSPH9,10198
15001,C12orf65,91574
15002,CDK2AP1,8099
15003,SBNO1,55206
15004,KMT5A,387893
15005,RILPL2,196383
15006,SNRNP35,11066
15007,RILPL1,353116
15008,LOC101927415,101927415
15009,TMED2,10959
15010,DDX55,57696
15011,EIF2B1,1967
15012,GTF2H3,2967
15013,TCTN2,79867
15014,ATP6V0A2,23545
15015,DNAH10,196385
15016,CCDC92,80212
15017,ZNF664,144348
15018,ZNF664-FAM101A,100533183
15019,FAM101A,144347
15020,NCOR2,9612
15021,SCARB1,949
15022,UBC,7316
15023,DHX37,57647
15024,BRI3BP,140707
15025,THRIL,102659353
15026,AACS,65985
15027,TMEM132B,114795
15028,LINC00939,400084
15029,LOC100128554,100128554
15030,LOC100996671,100996671
15031,LINC00944,387895
15032,LINC00943,100507206
15033,LOC440117,440117
15034,LOC101927592,101927592
15035,LOC101927616,101927616
15036,LOC101927637,101927637
15037,FLJ37505,400087
15038,LINC00508,104472718
15039,LINC00507,100862680
15040,CRAT8,105370070
15041,LOC100996679,100996679
15042,LOC101927694,101927694
15043,TMEM132C,92293
15044,SLC15A4,121260
15045,GLT1D1,144423
15046,TMEM132D,121256
15047,LOC283352,283352
15048,LOC101927735,101927735
15049,LOC100190940,100190940
15050,FZD10-AS1,440119
15051,FZD10,11211
15052,PIWIL1,9271
15053,RIMBP2,23504
15054,STX2,2054
15055,RAN,5901
15056,ADGRD1,283383
15057,LACAT8,105755954
15058,LINC01257,116437
15059,LOC338797,338797
15060,SFSWAP,6433
15061,MMP17,4326
15062,ULK1,8408
15063,PUS1,80324
15064,EP400,57634
15065,SNORA49,677829
15066,EP400NL,347918
15067,DDX51,317781
15068,NOC4L,79050
15069,GALNT9,50614
15070,LOC100130238,100130238
15071,LOC101928416,101928416
15072,FBRSL1,57666
15073,LRCOL1,100507055
15074,P2RX2,22953
15075,POLE,5426
15076,PXMP2,5827
15077,PGAM5,192111
15078,ANKLE2,23141
15079,GOLGA3,2802
15080,CHFR,55743
15081,LOC101928530,101928530
15082,ZNF605,100289635
15083,ZNF26,7574
15084,LOC101928597,101928597
15085,ZNF84,7637
15086,ZNF140,7699
15087,ZNF891,101060200
15088,ZNF10,7556
15089,ZNF268,10795
15090,ANHX,647589
15091,LINC00417,100874164
15092,ANKRD20A9P,284232
15093,LOC100652856,100652856
15094,LINC00442,348021
15095,TUBA3C,7278
15096,LOC101928697,101928697
15097,ANKRD26P3,100101938
15098,LINC00421,100287114
15099,TPTE2,93492
15100,LINC00350,100874136
15101,MPHOSPH8,54737
15102,PSPC1,55269
15103,ZMYM5,9205
15104,ZMYM2,7750
15105,GJA3,2700
15106,GJB2,2706
15107,GJB6,10804
15108,CRYL1,51084
15109,IFT88,8100
15110,IL17D,53342
15111,N6AMT2,221143
15112,XPO4,64328
15113,LINC00367,101930748
15114,LATS2,26524
15115,SAP18,10284
15116,SKA3,221150
15117,MRPL57,78988
15118,LINC01046,103689843
15119,MIPEPP3,650794
15120,LINC00539,100652865
15121,ZDHHC20,253832
15122,MICU2,221154
15123,FGF9,2254
15124,LINC00424,100874182
15125,LINC00540,100506622
15126,BASP1P1,646201
15127,SGCG,6445
15128,SACS,26278
15129,SACS-AS1,100506680
15130,LINC00327,100506697
15131,TNFRSF19,55504
15132,MIPEP,4285
15133,C1QTNF9B-AS1,542767
15134,C1QTNF9B,387911
15135,ANKRD20A19P,400110
15136,SPATA13,221178
15137,SPATA13-AS1,100874231
15138,C1QTNF9,338872
15139,LINC00566,100861547
15140,PARP4,143
15141,TPTE2P6,374491
15142,ATP12A,479
15143,RNF17,56163
15144,CENPJ,55835
15145,TPTE2P1,646405
15146,PABPC3,5042
15147,AMER2,219287
15148,LINC00463,101928922
15149,LINC01053,102723318
15150,MTMR6,9107
15151,NUP58,9818
15152,ATP8A2,51761
15153,SHISA2,387914
15154,RNF6,6049
15155,CDK8,1024
15156,WASF3,10810
15157,GPR12,2835
15158,USP12,219333
15159,USP12-AS1,100874070
15160,USP12-AS2,100874071
15161,LINC00412,102723332
15162,RPL21,6144
15163,RPL21P28,100131205
15164,SNORA27,619499
15165,RASL11A,387496
15166,GTF3A,2971
15167,MTIF3,219402
15168,LNX2,222484
15169,POLR1D,51082
15170,GSX1,219409
15171,PDX1-AS1,100861550
15172,PDX1,3651
15173,ATP5EP2,432369
15174,CDX2,1045
15175,URAD,646625
15176,FLT3,2322
15177,PAN3-AS1,100288730
15178,PAN3,255967
15179,FLT1,2321
15180,POMP,51371
15181,SLC46A3,283537
15182,MTUS2,23281
15183,MTUS2-AS1,100874107
15184,SLC7A1,6541
15185,UBL3,5412
15186,LINC00297,100874059
15187,LINC00572,100861573
15188,LINC00544,440131
15189,LINC00365,100874146
15190,KATNAL1,84056
15191,LINC00426,100188949
15192,LINC01058,103724387
15193,HMGB1,3146
15194,USPL1,10208
15195,ALOX5AP,241
15196,LINC00398,100874158
15197,LINC00545,440132
15198,TEX26-AS1,100507064
15199,MEDAG,84935
15200,TEX26,122046
15201,HSPH1,10808
15202,B3GLCT,145173
15203,RXFP2,122042
15204,EEF1DP3,196549
15205,FRY-AS1,100507099
15206,FRY,10129
15207,ZAR1L,646799
15208,BRCA2,675
15209,N4BP2L1,90634
15210,N4BP2L2,10443
15211,MINOS1P1,100462953
15212,N4BP2L2-IT2,116828
15213,PDS5B,23047
15214,LINC00423,100874167
15215,KL,9365
15216,STARD13,90627
15217,STARD13-AS,100874241
15218,RFC3,5983
15219,LINC00457,100874179
15220,NBEA,26960
15221,MAB21L1,4081
15222,LINC00445,100507114
15223,DCLK1,9201
15224,SOHLH2,54937
15225,CCDC169-SOHLH2,100526761
15226,CCDC169,728591
15227,SPG20,23111
15228,SPG20-AS1,100507135
15229,CCNA1,8900
15230,SERTM1,400120
15231,RFXAP,5994
15232,SMAD9,4093
15233,ALG5,29880
15234,EXOSC8,11340
15235,SUPT20H,55578
15236,CSNK1A1L,122011
15237,LINC01048,103695431
15238,LINC00547,400121
15239,POSTN,10631
15240,TRPC4,7223
15241,LINC00571,100874188
15242,UFM1,51569
15243,LINC00437,101929121
15244,FREM2,341640
15245,STOML3,161003
15246,PROSER1,80209
15247,NHLRC3,387921
15248,LHFP,10186
15249,COG6,57511
15250,LINC00332,100874127
15251,LINC00548,400123
15252,LINC00598,646982
15253,FOXO1,2308
15254,MRPS31,10240
15255,SLC25A15,10166
15256,TPTE2P5,100616668
15257,SUGT1P3,283507
15258,ELF1,1997
15259,WBP4,11193
15260,KBTBD6,89890
15261,LOC101929140,101929140
15262,KBTBD7,84078
15263,MTRF1,9617
15264,NAA16,79612
15265,OR7E37P,100506759
15266,RGCC,28984
15267,VWA8,23078
15268,VWA8-AS1,100507240
15269,DGKH,160851
15270,AKAP11,11215
15271,TNFSF11,8600
15272,FAM216B,144809
15273,LINC01050,103689845
15274,LINC00428,104355147
15275,EPSTI1,94240
15276,DNAJC15,29103
15277,LINC00400,100874159
15278,ENOX1,55068
15279,ENOX1-AS2,100874130
15280,CCDC122,160857
15281,LACC1,144811
15282,LINC00284,121838
15283,SMIM2-AS1,100507253
15284,SMIM2,79024
15285,SMIM2-IT1,100874377
15286,SERP2,387923
15287,LOC400128,400128
15288,TSC22D1,8848
15289,TSC22D1-AS1,641467
15290,LINC00330,144817
15291,NUFIP1,26747
15292,GPALPP1,55425
15293,LOC101929259,101929259
15294,GTF2F2,2963
15295,KCTD4,386618
15296,TPT1,7178
15297,SNORA31,677814
15298,TPT1-AS1,100190939
15299,SLC25A30,253512
15300,SLC25A30-AS1,100874259
15301,COG3,83548
15302,ERICH6B,220081
15303,LINC01055,103752581
15304,SPERT,220082
15305,SIAH3,283514
15306,ZC3H13,23091
15307,CPB2-AS1,100509894
15308,CPB2,1361
15309,LCP1,3936
15310,LRRC63,220416
15311,LINC00563,100861554
15312,KIAA0226L,80183
15313,LINC01198,101929344
15314,LRCH1,23143
15315,ESD,2098
15316,HTR2A,3356
15317,LINC00562,100861549
15318,SUCLA2,8803
15319,NUDT15,55270
15320,MED4,29079
15321,MED4-AS1,100873965
15322,ITM2B,9445
15323,LINC00441,100862704
15324,RB1,5925
15325,LPAR6,10161
15326,RCBTB2,1102
15327,LINC00462,100129597
15328,CYSLTR2,57105
15329,FNDC3A,22862
15330,MLNR,2862
15331,CDADC1,81602
15332,CAB39L,81617
15333,SETDB2,83852
15334,PHF11,51131
15335,RCBTB1,55213
15336,ARL11,115761
15337,EBPL,84650
15338,KPNA3,3839
15339,CTAGE10P,220429
15340,SPRYD7,57213
15341,DLEU2,8847
15342,TRIM13,10206
15343,KCNRG,283518
15344,DLEU1,10301
15345,ST13P4,145165
15346,DLEU1-AS1,103689915
15347,DLEU7,220107
15348,DLEU7-AS1,100874074
15349,RNASEH2B-AS1,100874255
15350,RNASEH2B,79621
15351,GUCY1B2,2974
15352,LINC00371,647166
15353,FAM124A,220108
15354,SERPINE3,647174
15355,INTS6,26512
15356,INTS6-AS1,100507398
15357,WDFY2,115825
15358,DHRS12,79758
15359,LINC00282,283521
15360,CCDC70,83446
15361,ATP7B,540
15362,ALG11,440138
15363,UTP14C,9724
15364,NEK5,341676
15365,LOC101929657,101929657
15366,NEK3,4752
15367,MRPS31P5,100887750
15368,LOC103191607,103191607
15369,THSD1,55901
15370,VPS36,51028
15371,CKAP2,26586
15372,TPTE2P3,220115
15373,HNRNPA1L2,144983
15374,SUGT1,10910
15375,LECT1,11061
15376,PCDH8,5100
15377,OLFM4,10562
15378,LINC01065,102723875
15379,LINC00558,100861552
15380,LINC00458,100507428
15381,PRR20B,729233
15382,PRR20E,729250
15383,PRR20C,729240
15384,PCDH17,27253
15385,LOC101926897,101926897
15386,DIAPH3,81624
15387,DIAPH3-AS1,100874195
15388,DIAPH3-AS2,100874196
15389,LINC00434,100874169
15390,TDRD3,81550
15391,PCDH20,64881
15392,LINC00358,100874143
15393,LINC01075,103752583
15394,OR7E156P,283491
15395,LOC102723968,102723968
15396,PCDH9,5101
15397,PCDH9-AS3,100874086
15398,LINC00364,100874145
15399,LINC00550,338862
15400,LINC00383,103689913
15401,KLHL1,57626
15402,ATXN8OS,6315
15403,LINC00348,100885781
15404,DACH1,1602
15405,MZT1,440145
15406,BORA,79866
15407,DIS3,22894
15408,PIBF1,10464
15409,KLF5,688
15410,KLF12,11278
15411,LINC00381,100874151
15412,LINC00347,338864
15413,CTAGE11P,647288
15414,TBC1D4,9882
15415,COMMD6,170622
15416,UCHL3,7347
15417,LMO7-AS1,101927155
15418,LMO7,4008
15419,LMO7DN,729420
15420,KCTD12,115207
15421,BTF3P11,690
15422,IRG1,730249
15423,CLN5,1203
15424,FBXL3,26224
15425,MYCBP2,23077
15426,MYCBP2-AS1,100874212
15427,SCEL,8796
15428,SCEL-AS1,104355296
15429,LOC100129307,100129307
15430,SLAIN1,122060
15431,MIR3665,100500861
15432,LOC100505518,100505518
15433,EDNRB,1910
15434,LINC01069,101927176
15435,RNF219-AS1,100874222
15436,POU4F1,5457
15437,RNF219,79596
15438,LINC00331,100874126
15439,RBM26,64062
15440,RBM26-AS1,100505538
15441,NDFIP2,54602
15442,LINC01068,103724388
15443,LINC00382,101927195
15444,TCONS_00021856,101515984
15445,SPRY2,10253
15446,LINC00377,103724386
15447,LINC00564,100861546
15448,SLITRK1,114798
15449,LINC00333,100874128
15450,LINC00375,104355140
15451,LINC00351,100874137
15452,SLITRK6,84189
15453,MIR4500HG,642345
15454,SLITRK5,26050
15455,LOC105370306,105370306
15456,LINC00433,100874168
15457,LINC01047,105616982
15458,LINC00440,100874172
15459,LINC01040,105370308
15460,LINC00559,100874187
15461,MIR622,693207
15462,LINC01049,101927224
15463,LINC00410,144776
15464,LINC00380,101930747
15465,LINC00379,100874150
15466,MIR17HG,407975
15467,GPC5,2262
15468,GPC5-AS1,100873969
15469,GPC6,10082
15470,GPC6-AS2,100873973
15471,GPC6-AS1,100873972
15472,DCT,1638
15473,TGDS,23483
15474,GPR180,160897
15475,LOC101927248,101927248
15476,SOX21,11166
15477,SOX21-AS1,100507533
15478,LOC101927284,101927284
15479,LINC00557,100861544
15480,ABCC4,10257
15481,CLDN10,9071
15482,CLDN10-AS1,100874194
15483,DZIP1,22873
15484,DNAJC3-AS1,100289274
15485,DNAJC3,5611
15486,UGGT2,55757
15487,HS6ST3,266722
15488,LINC00359,100887754
15489,OXGR1,27199
15490,LINC00456,103625683
15491,MBNL2,10150
15492,RAP2A,5911
15493,IPO5,3843
15494,FARP1,10160
15495,RNF113B,140432
15496,STK24,8428
15497,SLC15A1,6564
15498,DOCK9,23348
15499,DOCK9-AS1,100874096
15500,DOCK9-AS2,100861541
15501,UBAC2-AS1,100289373
15502,UBAC2,337867
15503,GPR18,2841
15504,GPR183,1880
15505,FKSG29,100131561
15506,LINC01232,102725509
15507,TM9SF2,9375
15508,LINC01039,104355149
15509,CLYBL,171425
15510,CLYBL-AS2,100874063
15511,CLYBL-AS1,100874062
15512,LOC101927437,101927437
15513,ZIC5,85416
15514,ZIC2,7546
15515,LINC00554,100861542
15516,PCCA,5095
15517,PCCA-AS1,100885777
15518,GGACT,87769
15519,TMTC4,84899
15520,NALCN-AS1,100885778
15521,LINC00411,100874161
15522,NALCN,259232
15523,ITGBL1,9358
15524,FGF14,2259
15525,FGF14-IT1,283480
15526,FGF14-AS1,100874081
15527,FGF14-AS2,283481
15528,TPP2,7174
15529,METTL21C,196541
15530,CCDC168,643677
15531,TEX30,93081
15532,KDELC1,79070
15533,BIVM,54841
15534,BIVM-ERCC5,100533467
15535,ERCC5,2073
15536,METTL21EP,121952
15537,SLC10A2,6555
15538,LINC01309,104326190
15539,DAOA-AS1,282706
15540,DAOA,267012
15541,LINC00343,144920
15542,LINC00460,728192
15543,EFNB2,1948
15544,ARGLU1,55082
15545,LINC00551,283483
15546,LINC00443,100874173
15547,FAM155A,728215
15548,FAM155A-IT1,100874375
15549,LIG4,3981
15550,ABHD13,84945
15551,TNFSF13B,10673
15552,MYO16,23026
15553,MYO16-AS1,100885782
15554,LINC00399,104326054
15555,LINC00676,101409253
15556,IRS2,8660
15557,LINC00396,104355146
15558,COL4A1,1282
15559,COL4A2,1284
15560,COL4A2-AS1,100874203
15561,RAB20,55647
15562,CARKD,55739
15563,CARS2,79587
15564,ING1,3621
15565,LINC00346,283487
15566,ANKRD10,55608
15567,LINC00431,104355135
15568,LINC00368,101927802
15569,ARHGEF7-AS2,100874238
15570,ARHGEF7,8874
15571,ARHGEF7-AS1,100874226
15572,LOC101060553,101060553
15573,TEX29,121793
15574,LINC00354,100874140
15575,LINC00403,100505996
15576,SOX1,6656
15577,LINC01070,101928698
15578,LOC101928730,101928730
15579,LINC01044,104266956
15580,SPACA7,122258
15581,TUBGCP3,10426
15582,ATP11AUN,400165
15583,ATP11A,23250
15584,ATP11A-AS1,100874205
15585,MCF2L-AS1,100289410
15586,MCF2L,23263
15587,F7,2155
15588,F10,2159
15589,F10-AS1,104413892
15590,PROZ,8858
15591,PCID2,55795
15592,CUL4A,8451
15593,LAMP1,3916
15594,GRTP1,79774
15595,GRTP1-AS1,100874068
15596,LOC101928841,101928841
15597,ADPRHL1,113622
15598,DCUN1D2,55208
15599,TMCO3,55002
15600,TFDP1,7027
15601,ATP4B,496
15602,GRK1,6011
15603,LINC00552,100130386
15604,TMEM255B,348013
15605,GAS6-AS1,650669
15606,GAS6,2621
15607,GAS6-AS2,100506394
15608,LINC00452,643365
15609,LINC00565,100861555
15610,RASA3,22821
15611,CDC16,8881
15612,UPF3A,65110
15613,CHAMP1,283489
15614,LINC01054,104355150
15615,OR11H12,440153
15616,LOC642426,642426
15617,POTEG,404785
15618,LOC101929572,101929572
15619,DUXAP10,503639
15620,BMS1P17,101101776
15621,DUXAP9,503638
15622,POTEM,641455
15623,LOC100508046,100508046
15624,OR11H2,79334
15625,OR4Q3,441669
15626,OR4M1,441670
15627,OR4N2,390429
15628,OR4K2,390431
15629,OR4K5,79317
15630,OR4K1,79544
15631,OR4K15,81127
15632,OR4K14,122740
15633,OR4K13,390433
15634,OR4L1,122742
15635,OR4K17,390436
15636,OR4N5,390437
15637,OR11G2,390439
15638,OR11H6,122748
15639,OR11H4,390442
15640,TTC5,91875
15641,CCNB1IP1,57820
15642,RPPH1,85495
15643,PARP2,10038
15644,TEP1,7011
15645,KLHL33,123103
15646,OSGEP,55644
15647,APEX1,328
15648,TMEM55B,90809
15649,PNP,4860
15650,RNASE10,338879
15651,RNASE9,390443
15652,RNASE11,122651
15653,LOC254028,254028
15654,RNASE12,493901
15655,OR6S1,341799
15656,ANG,283
15657,RNASE4,6038
15658,EDDM3B,64184
15659,RNASE6,6039
15660,RNASE1,6035
15661,RNASE3,6037
15662,ECRP,643332
15663,RNASE2,6036
15664,METTL17,64745
15665,LOC101929718,101929718
15666,SLC39A2,29986
15667,NDRG2,57447
15668,TPPP2,122664
15669,RNASE13,440163
15670,RNASE7,84659
15671,RNASE8,122665
15672,ARHGEF40,55701
15673,ZNF219,51222
15674,TMEM253,643382
15675,OR5AU1,390445
15676,LINC00641,283624
15677,HNRNPC,3183
15678,RPGRIP1,57096
15679,SUPT16H,11198
15680,CHD8,57680
15681,RAB2B,84932
15682,TOX4,9878
15683,METTL3,56339
15684,SALL2,6297
15685,OR10G3,26533
15686,OR10G2,26534
15687,OR4E2,26686
15688,DAD1,1603
15689,ABHD4,63874
15690,OXA1L,5018
15691,SLC7A7,9056
15692,MRPL52,122704
15693,MMP14,4323
15694,LRP10,26020
15695,REM2,161253
15696,RBM23,55147
15697,PRMT5-AS1,100505758
15698,PRMT5,10419
15699,LOC101926933,101926933
15700,HAUS4,54930
15701,AJUBA,84962
15702,C14orf93,60686
15703,PSMB5,5693
15704,PSMB11,122706
15705,CDH24,64403
15706,ACIN1,22985
15707,C14orf119,55017
15708,CEBPE,1053
15709,SLC7A8,23428
15710,C14orf164,100507650
15711,HOMEZ,57594
15712,PPP1R3E,90673
15713,BCL2L2,599
15714,BCL2L2-PABPN1,100529063
15715,PABPN1,8106
15716,SLC22A17,51310
15717,EFS,10278
15718,IL25,64806
15719,CMTM5,116173
15720,MYH6,4624
15721,MYH7,4625
15722,MHRT,104564225
15723,NGDN,25983
15724,THTPA,79178
15725,ZFHX2,85446
15726,AP1G2,8906
15727,LOC102724814,102724814
15728,JPH4,84502
15729,DHRS2,10202
15730,DHRS4-AS1,55449
15731,DHRS4,10901
15732,DHRS4L2,317749
15733,DHRS4L1,728635
15734,LRRC16B,90668
15735,CPNE6,9362
15736,NRL,4901
15737,PCK2,5106
15738,DCAF11,80344
15739,FITM1,161247
15740,PSME1,5720
15741,EMC9,51016
15742,PSME2,5721
15743,RNF31,55072
15744,IRF9,10379
15745,REC8,9985
15746,IPO4,79711
15747,TM9SF1,10548
15748,TSSK4,283629
15749,CHMP4A,29082
15750,MDP1,145553
15751,NEDD8-MDP1,100528064
15752,NEDD8,4738
15753,GMPR2,51292
15754,TINF2,26277
15755,TGM1,7051
15756,RABGGTA,5875
15757,DHRS1,115817
15758,NOP9,161424
15759,CIDEB,27141
15760,LTB4R2,56413
15761,LTB4R,1241
15762,ADCY4,196883
15763,RIPK3,11035
15764,NFATC4,4776
15765,NYNRIN,57523
15766,CBLN3,643866
15767,KHNYN,23351
15768,SDR39U1,56948
15769,LOC101927045,101927045
15770,CMA1,1215
15771,CTSG,1511
15772,GZMH,2999
15773,GZMB,3002
15774,STXBP6,29091
15775,NOVA1,4857
15776,LOC102724890,102724890
15777,LOC101927081,101927081
15778,LINC00645,100505967
15779,FOXG1-AS1,103695363
15780,FOXG1,2290
15781,LINC01551,387978
15782,PRKD1,5587
15783,G2E3,55632
15784,SCFD1,23256
15785,COCH,1690
15786,LOC100506071,100506071
15787,STRN3,29966
15788,MIR624,693209
15789,AP4S1,11154
15790,HECTD1,25831
15791,HEATR5A,25938
15792,LOC101927124,101927124
15793,DTD2,112487
15794,GPR33,2856
15795,NUBPL,80224
15796,ARHGAP5-AS1,84837
15797,ARHGAP5,394
15798,AKAP6,9472
15799,NPAS3,64067
15800,EGLN3,112399
15801,SPTSSA,171546
15802,EAPP,55837
15803,SNX6,58533
15804,CFL2,1073
15805,BAZ1A,11177
15806,IGBP1P1,280655
15807,SRP54,6729
15808,FAM177A1,283635
15809,LOC101927178,101927178
15810,PPP2R3C,55012
15811,KIAA0391,9692
15812,PSMA6,5687
15813,NFKBIA,4792
15814,INSM2,84684
15815,RALGAPA1,253959
15816,RALGAPA1P,26134
15817,BRMS1L,84312
15818,LINC00609,101101773
15819,PTCSC3,100886964
15820,MBIP,51562
15821,SFTA3,253970
15822,NKX2-1,7080
15823,NKX2-1-AS1,100506237
15824,NKX2-8,26257
15825,PAX9,5083
15826,SLC25A21,89874
15827,SLC25A21-AS1,100129794
15828,MIPOL1,145282
15829,FOXA1,3169
15830,TTC6,319089
15831,SSTR1,6751
15832,CLEC14A,161198
15833,LINC00639,283547
15834,SEC23A,10484
15835,GEMIN2,8487
15836,TRAPPC6B,122553
15837,PNN,5411
15838,MIA2,117153
15839,CTAGE5,4253
15840,LOC100288846,100288846
15841,FBXO33,254170
15842,LOC644919,644919
15843,LRFN5,145581
15844,FSCB,84075
15845,C14orf28,122525
15846,LOC101927418,101927418
15847,KLHL28,54813
15848,FAM179B,23116
15849,PRPF39,55015
15850,FKBP3,2287
15851,FANCM,57697
15852,MIS18BP1,55320
15853,LINC00871,100506412
15854,RPL10L,140801
15855,MDGA2,161357
15856,LINC00648,100506433
15857,RPS29,6235
15858,LRR1,122769
15859,RPL36AL,6166
15860,MGAT2,4247
15861,DNAAF2,55172
15862,POLE2,5427
15863,KLHDC1,122773
15864,KLHDC2,23588
15865,NEMF,9147
15866,ARF6,382
15867,LINC01588,283551
15868,LINC01599,196913
15869,VCPKMT,79609
15870,SOS2,6655
15871,L2HGDH,79944
15872,ATP5S,27109
15873,CDKL1,8814
15874,MAP4K5,11183
15875,ATL1,51062
15876,SAV1,60485
15877,NIN,51199
15878,ABHD12B,145447
15879,PYGL,5836
15880,TRIM9,114088
15881,TMX1,81542
15882,LINC00640,283553
15883,FRMD6-AS2,100874185
15884,FRMD6,122786
15885,FRMD6-AS1,145438
15886,GNG2,54331
15887,LOC102723604,102723604
15888,C14orf166,51637
15889,NID2,22795
15890,PTGDR,5729
15891,PTGER2,5732
15892,TXNDC16,57544
15893,GPR137C,283554
15894,ERO1A,30001
15895,PSMC6,5706
15896,STYX,6815
15897,GNPNAT1,64841
15898,FERMT2,10979
15899,DDHD1,80821
15900,LOC101927620,101927620
15901,BMP4,652
15902,CDKN3,1033
15903,CNIH1,10175
15904,GMFB,2764
15905,CGRRF1,10668
15906,SAMD4A,23034
15907,GCH1,2643
15908,WDHD1,11169
15909,SOCS4,122809
15910,MAPK1IP1L,93487
15911,LGALS3,3958
15912,DLGAP5,9787
15913,FBXO34,55030
15914,ATG14,22863
15915,TBPL2,387332
15916,KTN1-AS1,100129075
15917,KTN1,3895
15918,RPL13AP3,645683
15919,LINC00520,645687
15920,PELI2,57161
15921,TMEM260,54916
15922,OTX2,5015
15923,OTX2-AS1,100309464
15924,EXOC5,10640
15925,AP5M1,55745
15926,NAA30,122830
15927,C14orf105,55195
15928,SLC35F4,341880
15929,C14orf37,145407
15930,ACTR10,55860
15931,PSMA3,5684
15932,PSMA3-AS1,379025
15933,ARID4A,5926
15934,TOMM20L,387990
15935,TIMM9,26520
15936,KIAA0586,9786
15937,DACT1,51339
15938,LINC01500,102723742
15939,DAAM1,23002
15940,GPR135,64582
15941,L3HYPDH,112849
15942,JKAMP,51528
15943,CCDC175,729665
15944,RTN1,6252
15945,LRRC9,341883
15946,PCNXL4,64430
15947,DHRS7,51635
15948,PPM1A,5494
15949,C14orf39,317761
15950,SIX6,4990
15951,SALRNA1,104548971
15952,SIX1,6495
15953,SIX4,51804
15954,MNAT1,4331
15955,TRMT5,57570
15956,SLC38A6,145389
15957,TMEM30B,161291
15958,PRKCH,5583
15959,LOC101927780,101927780
15960,FLJ22447,400221
15961,HIF1A-AS1,100750246
15962,HIF1A,3091
15963,HIF1A-AS2,100750247
15964,SNAPC1,6617
15965,SYT16,83851
15966,LINC00643,646113
15967,KCNH5,27133
15968,RHOJ,57381
15969,GPHB5,122876
15970,PPP2R5E,5529
15971,WDR89,112840
15972,SGPP1,81537
15973,SYNE2,23224
15974,ESR2,2100
15975,TEX21P,441687
15976,MTHFD1,4522
15977,ZBTB25,7597
15978,AKAP5,9495
15979,ZBTB1,22890
15980,LOC102723809,102723809
15981,HSPA2,3306
15982,PPP1R36,145376
15983,PLEKHG3,26030
15984,SPTB,6710
15985,CHURC1,91612
15986,CHURC1-FNTB,100529261
15987,GPX2,2877
15988,RAB15,376267
15989,FNTB,2342
15990,MAX,4149
15991,LOC100506321,100506321
15992,LOC100128233,100128233
15993,FUT8,2530
15994,FUT8-AS1,645431
15995,LINC00238,440184
15996,GPHN,10243
15997,FAM71D,161142
15998,MPP5,64398
15999,ATP6V1D,51382
16000,EIF2S1,1965
16001,PLEK2,26499
16002,TMEM229B,161145
16003,PLEKHH1,57475
16004,PIGH,5283
16005,ARG2,384
16006,VTI1B,10490
16007,RDH11,51109
16008,RDH12,145226
16009,ZFYVE26,23503
16010,RAD51B,5890
16011,ZFP36L1,677
16012,ACTN1,87
16013,ACTN1-AS1,161159
16014,DCAF5,8816
16015,EXD2,55218
16016,GALNT16,57452
16017,ERH,2079
16018,SLC39A9,55334
16019,PLEKHD1,400224
16020,CCDC177,56936
16021,SUSD6,9766
16022,LOC100289511,100289511
16023,SRSF5,6430
16024,SLC10A1,6554
16025,SMOC1,64093
16026,SLC8A3,6547
16027,ADAM21P1,145241
16028,COX16,51241
16029,SYNJ2BP-COX16,100529257
16030,SYNJ2BP,55333
16031,ADAM21,8747
16032,ADAM20P1,317760
16033,ADAM20,8748
16034,MED6,10001
16035,LOC101928075,101928075
16036,TTC9,23508
16037,LINC01269,103695436
16038,MAP3K9,4293
16039,PCNX,22990
16040,LOC145474,145474
16041,SIPA1L1,26037
16042,RGS6,9628
16043,DPF3,8110
16044,DCAF4,26094
16045,ZFYVE1,53349
16046,RBM25,58517
16047,PSEN1,5663
16048,PAPLN,89932
16049,NUMB,8650
16050,HEATR4,399671
16051,C14orf169,79697
16052,ACOT1,641371
16053,ACOT2,10965
16054,ACOT4,122970
16055,ACOT6,641372
16056,DNAL1,83544
16057,PNMA1,9240
16058,ELMSAN1,91748
16059,LOC100506476,100506476
16060,PTGR2,145482
16061,ZNF410,57862
16062,FAM161B,145483
16063,COQ6,51004
16064,ENTPD5,957
16065,BBOF1,80127
16066,ALDH6A1,4329
16067,LIN52,91750
16068,VSX2,338917
16069,ABCD4,5826
16070,VRTN,55237
16071,SYNDIG1L,646658
16072,NPC2,10577
16073,ISCA2,122961
16074,LTBP2,4053
16075,AREL1,9870
16076,FCF1,51077
16077,YLPM1,56252
16078,PROX2,283571
16079,DLST,1743
16080,RPS6KL1,83694
16081,PGF,5228
16082,EIF2B2,8892
16083,MLH3,27030
16084,ACYP1,97
16085,ZC2HC1C,79696
16086,NEK9,91754
16087,TMED10,10972
16088,FOS,2353
16089,LINC01220,731223
16090,JDP2,122953
16091,BATF,10538
16092,LOC102724153,102724153
16093,FLVCR2,55640
16094,C14orf1,11161
16095,TTLL5,23093
16096,TGFB3,7043
16097,IFT43,112752
16098,GPATCH2L,55668
16099,ESRRB,2103
16100,VASH1,22846
16101,LOC100506603,100506603
16102,ANGEL1,23357
16103,LRRC74A,145497
16104,IRF2BPL,64207
16105,LOC283575,283575
16106,LOC102724190,102724190
16107,CIPC,85457
16108,ZDHHC22,283576
16109,TMEM63C,57156
16110,NGB,58157
16111,POMT2,29954
16112,GSTZ1,2954
16113,TMED8,283578
16114,SAMD15,161394
16115,NOXRED1,122945
16116,VIPAS39,63894
16117,AHSA1,10598
16118,ISM2,145501
16119,SPTLC2,9517
16120,ALKBH1,8846
16121,SLIRP,81892
16122,SNW1,22938
16123,C14orf178,283579
16124,ADCK1,57143
16125,NRXN3,9369
16126,DIO2,1734
16127,DIO2-AS1,100628307
16128,CEP128,145508
16129,TSHR,7253
16130,GTF2A1,2957
16131,SNORA79,677845
16132,STON2,85439
16133,LOC100506700,100506700
16134,SEL1L,6400
16135,LINC01467,101928559
16136,LINC00911,100996280
16137,FLRT2,23768
16138,LOC101928767,101928767
16139,LOC283585,283585
16140,GALC,2581
16141,GPR65,8477
16142,LINC01146,283587
16143,KCNK10,54207
16144,SPATA7,55812
16145,PTPN21,11099
16146,ZC3H14,79882
16147,EML5,161436
16148,TTC8,123016
16149,FOXN3,1112
16150,FOXN3-AS1,400236
16151,FOXN3-AS2,29018
16152,EFCAB11,90141
16153,TDP1,55775
16154,KCNK13,56659
16155,PSMC1,5700
16156,NRDE2,55051
16157,CALM1,801
16158,LINC00642,400238
16159,TTC7B,145567
16160,LOC101928909,101928909
16161,RPS6KA5,9252
16162,C14orf159,80017
16163,SNORA11B,100124539
16164,GPR68,8111
16165,CCDC88C,440193
16166,PPP4R3A,55671
16167,CATSPERB,79820
16168,TC2N,123036
16169,FBLN5,10516
16170,TRIP11,9321
16171,ATXN3,4287
16172,NDUFB1,4707
16173,CPSF2,53981
16174,SLC24A4,123041
16175,RIN3,79890
16176,LGMN,5641
16177,GOLGA5,9950
16178,CHGA,1113
16179,ITPK1,3705
16180,ITPK1-AS1,319085
16181,MOAP1,64112
16182,TMEM251,26175
16183,C14orf142,84520
16184,UBR7,55148
16185,BTBD7,55727
16186,UNC79,57578
16187,COX8C,341947
16188,PRIMA1,145270
16189,FAM181A-AS1,283592
16190,FAM181A,90050
16191,ASB2,51676
16192,LINC00521,256369
16193,OTUB2,78990
16194,DDX24,57062
16195,IFI27L1,122509
16196,IFI27,3429
16197,IFI27L2,83982
16198,PPP4R4,57718
16199,SERPINA10,51156
16200,SERPINA6,866
16201,SERPINA2P,390502
16202,SERPINA1,5265
16203,SERPINA11,256394
16204,SERPINA9,327657
16205,SERPINA12,145264
16206,SERPINA4,5267
16207,SERPINA5,5104
16208,SERPINA3,12
16209,SERPINA13P,388007
16210,GSC,145258
16211,DICER1,23405
16212,DICER1-AS1,400242
16213,CLMN,79789
16214,LOC101929080,101929080
16215,LINC00341,79686
16216,SYNE3,161176
16217,SNHG10,283596
16218,SCARNA13,677768
16219,GLRX5,51218
16220,TCL6,27004
16221,TCL1B,9623
16222,TCL1A,8115
16223,TUNAR,100507043
16224,C14orf132,56967
16225,BDKRB2,624
16226,BDKRB1,623
16227,ATG2B,55102
16228,GSKIP,51527
16229,AK7,122481
16230,LOC730202,730202
16231,PAPOLA,10914
16232,VRK1,7443
16233,LINC00618,145249
16234,LOC101929241,101929241
16235,LOC100129345,100129345
16236,LINC01550,388011
16237,C14orf177,283598
16238,BCL11B,64919
16239,SETD3,84193
16240,CCNK,8812
16241,CCDC85C,317762
16242,HHIPL1,84439
16243,CYP46A1,10858
16244,EML1,2009
16245,EVL,51466
16246,DEGS2,123099
16247,YY1,7528
16248,SLC25A29,123096
16249,SLC25A47,283600
16250,WARS,7453
16251,WDR25,79446
16252,BEGAIN,57596
16253,LINC00523,283601
16254,DLK1,8788
16255,MEG3,55384
16256,RTL1,388015
16257,MEG8,79104
16258,SNHG24,101929369
16259,MIR381HG,378881
16260,MEG9,100507257
16261,LINC00524,338002
16262,DIO3OS,64150
16263,MIR1247,100302145
16264,DIO3,1735
16265,LINC00239,145200
16266,PPP2R5C,5527
16267,DYNC1H1,1778
16268,HSP90AA1,3320
16269,WDR20,91833
16270,MOK,5891
16271,ZNF839,55778
16272,CINP,51550
16273,TECPR2,9895
16274,ANKRD9,122416
16275,RCOR1,23186
16276,TRAF3,7187
16277,AMN,81693
16278,CDC42BPB,9578
16279,EXOC3L4,91828
16280,TNFAIP2,7127
16281,LINC00605,100131366
16282,EIF5,1983
16283,SNORA28,677811
16284,MARK3,4140
16285,CKB,1152
16286,TRMT61A,115708
16287,BAG5,9529
16288,APOPT1,84334
16289,KLC1,3831
16290,XRCC3,7517
16291,ZFYVE21,79038
16292,PPP1R13B,23368
16293,LINC00637,145216
16294,C14orf2,9556
16295,TDRD9,122402
16296,RD3L,647286
16297,ASPG,374569
16298,KIF26A,26153
16299,C14orf180,400258
16300,TMEM179,388021
16301,INF2,64423
16302,ADSSL1,122622
16303,SIVA1,10572
16304,AKT1,207
16305,ZBTB42,100128927
16306,LINC00638,196872
16307,CEP170B,283638
16308,PLD4,122618
16309,AHNAK2,113146
16310,C14orf79,122616
16311,CDCA4,55038
16312,GPR132,29933
16313,LOC102723354,102723354
16314,JAG2,3714
16315,NUDT14,256281
16316,BRF1,2972
16317,BTBD6,90135
16318,PACS2,23241
16319,TEX22,647310
16320,LOC100507437,100507437
16321,MTA1,9112
16322,CRIP2,1397
16323,CRIP1,1396
16324,C14orf80,283643
16325,TMEM121,80757
16326,ELK2AP,2003
16327,KIAA0125,9834
16328,ADAM6,8755
16329,LINC00226,338004
16330,LINC00221,338005
16331,CHEK2P2,646096
16332,HERC2P3,283755
16333,GOLGA6L6,727832
16334,GOLGA8CP,729786
16335,NBEAP1,606
16336,LINC01193,348120
16337,LOC646214,646214
16338,CXADRP2,646243
16339,POTEB2,100287399
16340,NF1P2,440225
16341,LOC101927079,101927079
16342,LOC727924,727924
16343,OR4M2,390538
16344,OR4N4,283694
16345,OR4N3P,390539
16346,REREP3,646396
16347,GOLGA8DP,100132979
16348,GOLGA6L1,283767
16349,TUBGCP5,114791
16350,CYFIP1,23191
16351,NIPA2,81614
16352,NIPA1,123606
16353,LOC283683,283683
16354,WHAMMP3,339005
16355,GOLGA8IP,283796
16356,HERC2P2,400322
16357,HERC2P7,100132101
16358,GOLGA8EP,390535
16359,GOLGA8S,653061
16360,GOLGA6L2,283685
16361,MKRN3,7681
16362,MAGEL2,54551
16363,NDN,4692
16364,PWRN2,791115
16365,PWRN3,101928840
16366,PWRN1,791114
16367,NPAP1,23742
16368,SNRPN,6638
16369,SNURF,8926
16370,PWARSN,347746
16371,PWAR5,8123
16372,IPW,3653
16373,PWAR1,145624
16374,PWAR4,347745
16375,UBE3A,7337
16376,ATP10A,57194
16377,LOC100128714,100128714
16378,LINC00929,503519
16379,GABRB3,2562
16380,GABRA5,2558
16381,GABRG3,2567
16382,GABRG3-AS1,101928869
16383,OCA2,4948
16384,HERC2,8924
16385,GOLGA8F,100132565
16386,GOLGA8G,283768
16387,HERC2P9,440248
16388,GOLGA8M,653720
16389,WHAMMP2,440253
16390,LOC100289656,100289656
16391,PDCD6IPP2,646278
16392,GOLGA6L7P,728310
16393,APBA2,321
16394,FAM189A1,23359
16395,NSMCE3,56160
16396,TJP1,7082
16397,GOLGA8J,653073
16398,ULK4P3,89837
16399,GOLGA8T,653075
16400,DKFZP434L187,26082
16401,CHRFAM7A,89832
16402,GOLGA8R,643699
16403,ULK4P2,100288380
16404,GOLGA8H,728498
16405,ARHGAP11B,89839
16406,LOC100288637,100288637
16407,HERC2P10,390561
16408,FAN1,22909
16409,MTMR10,54893
16410,TRPM1,4308
16411,MIR211,406993
16412,LOC283710,283710
16413,KLF13,51621
16414,OTUD7A,161725
16415,CHRNA7,1139
16416,GOLGA8K,653125
16417,ULK4P1,89838
16418,GOLGA8O,728047
16419,WHAMMP1,100288615
16420,LOC100996255,100996255
16421,GOLGA8N,100996439
16422,ARHGAP11A,9824
16423,SCG5,6447
16424,GREM1,26585
16425,LOC100131315,100131315
16426,FMN1,342184
16427,TMCO5B,100652857
16428,LOC101928134,101928134
16429,RYR3,6263
16430,AVEN,57099
16431,CHRM5,1133
16432,EMC7,56851
16433,PGBD4,161779
16434,KATNBL1,79768
16435,EMC4,51234
16436,SLC12A6,9990
16437,NOP10,55505
16438,NUTM1,256646
16439,LPCAT4,254531
16440,GOLGA8A,23015
16441,GOLGA8B,440270
16442,GJD2,57369
16443,LOC101928174,101928174
16444,ACTC1,70
16445,AQR,9716
16446,ZNF770,54989
16447,ANP32AP1,723972
16448,DPH6,89978
16449,MIR3942,100500904
16450,DPH6-AS1,100507466
16451,C15orf41,84529
16452,CSNK1A1P1,161635
16453,LOC145845,145845
16454,MEIS2,4212
16455,TMCO5A,145942
16456,LOC101928227,101928227
16457,SPRED1,161742
16458,FAM98B,283742
16459,RASGRP1,10125
16460,C15orf53,400359
16461,C15orf54,400360
16462,THBS1,7057
16463,FSIP1,161835
16464,GPR176,11245
16465,EIF2AK4,440275
16466,SRP14,6727
16467,SRP14-AS1,100131089
16468,BMF,90427
16469,BUB1B,701
16470,PAK6,56924
16471,C15orf56,644809
16472,ANKRD63,100131244
16473,PLCB2,5330
16474,LINC00984,100505573
16475,C15orf52,388115
16476,PHGR1,644844
16477,DISP2,85455
16478,KNSTRN,90417
16479,IVD,3712
16480,BAHD1,22893
16481,CHST14,113189
16482,C15orf57,90416
16483,MRPL42P5,359821
16484,RPUSD2,27079
16485,CASC5,57082
16486,RAD51-AS1,100505648
16487,RAD51,5888
16488,RMDN3,55177
16489,GCHFR,2644
16490,DNAJC17,55192
16491,C15orf62,643338
16492,ZFYVE19,84936
16493,PPP1R14D,54866
16494,SPINT1,6692
16495,RHOV,171177
16496,VPS18,57617
16497,DLL4,54567
16498,CHAC1,79094
16499,INO80,54617
16500,EXD1,161829
16501,CHP1,11261
16502,OIP5-AS1,729082
16503,OIP5,11339
16504,NUSAP1,51203
16505,NDUFAF1,51103
16506,RTF1,23168
16507,ITPKA,3706
16508,LTK,4058
16509,RPAP1,26015
16510,TYRO3,7301
16511,MGA,23269
16512,MAPKBP1,23005
16513,JMJD7,100137047
16514,JMJD7-PLA2G4B,8681
16515,PLA2G4B,100137049
16516,SPTBN5,51332
16517,EHD4,30844
16518,EHD4-AS1,101928363
16519,PLA2G4E-AS1,101928388
16520,PLA2G4E,123745
16521,PLA2G4D,283748
16522,PLA2G4F,255189
16523,VPS39,23339
16524,TMEM87A,25963
16525,GANC,2595
16526,CAPN3,825
16527,ZNF106,64397
16528,SNAP23,8773
16529,LRRC57,255252
16530,HAUS2,55142
16531,STARD9,57519
16532,CDAN1,146059
16533,TTBK2,146057
16534,UBR1,197131
16535,TMEM62,80021
16536,CCNDBP1,23582
16537,EPB42,2038
16538,TGM5,9333
16539,TGM7,116179
16540,LCMT2,9836
16541,ADAL,161823
16542,ZSCAN29,146050
16543,TUBGCP4,27229
16544,TP53BP1,7158
16545,MAP1A,4130
16546,PPIP5K1,9677
16547,CKMT1B,1159
16548,STRC,161497
16549,CATSPER2,117155
16550,CKMT1A,548596
16551,CATSPER2P1,440278
16552,PDIA3,2923
16553,ELL3,80237
16554,SERF2,10169
16555,SERF2-C15ORF63,100529067
16556,SERINC4,619189
16557,HYPK,25764
16558,MFAP1,4236
16559,WDR76,79968
16560,FRMD5,84978
16561,PIN4P1,728758
16562,CASC4,113201
16563,CTDSPL2,51496
16564,EIF3J-AS1,645212
16565,EIF3J,8669
16566,SPG11,80208
16567,PATL2,197135
16568,B2M,567
16569,LOC100419583,100419583
16570,TRIM69,140691
16571,C15orf43,145645
16572,SORD,6652
16573,DUOX2,50506
16574,DUOXA2,405753
16575,DUOXA1,90527
16576,DUOX1,53905
16577,SHF,90525
16578,LOC101928414,101928414
16579,SLC28A2,9153
16580,GATM,2628
16581,SPATA5L1,79029
16582,C15orf48,84419
16583,SLC30A4,7782
16584,HMGN2P46,283651
16585,BLOC1S6,26258
16586,SQRDL,58472
16587,SEMA6D,80031
16588,LINC01491,101928442
16589,SLC24A5,283652
16590,MYEF2,50804
16591,CTXN2,399697
16592,SLC12A1,6557
16593,DUT,1854
16594,FBN1,2200
16595,CEP152,22995
16596,SHC4,399694
16597,EID1,23741
16598,SECISBP2L,9728
16599,COPS2,9318
16600,GALK2,2585
16601,NDUFAF4P1,100306975
16602,FAM227B,196951
16603,FGF7,2252
16604,DTWD1,56986
16605,ATP8B4,79895
16606,SLC27A2,11001
16607,HDC,3067
16608,GABPB1,2553
16609,FLJ10038,55056
16610,GABPB1-AS1,100129387
16611,USP8,9101
16612,USP50,373509
16613,TRPM7,54822
16614,SPPL2A,84888
16615,AP4E1,23431
16616,DCAF13P3,100132724
16617,TNFAIP8L3,388121
16618,CYP19A1,1588
16619,GLDN,342035
16620,DMXL2,23312
16621,SCG3,29106
16622,LYSMD2,256586
16623,TMOD2,29767
16624,TMOD3,29766
16625,LOC100422556,100422556
16626,LEO1,123169
16627,MAPK6,5597
16628,BCL2L10,10017
16629,GNB5,10681
16630,LOC100129973,100129973
16631,MYO5C,55930
16632,MYO5A,4644
16633,ARPP19,10776
16634,FAM214A,56204
16635,ONECUT1,3175
16636,WDR72,256764
16637,UNC13C,440279
16638,RSL24D1,51187
16639,RAB27A,5873
16640,PIGBOS1,101928527
16641,PIGB,9488
16642,CCPG1,9236
16643,DYX1C1-CCPG1,100533483
16644,C15orf65,145788
16645,DYX1C1,161582
16646,PYGO1,26108
16647,PRTG,283659
16648,NEDD4,4734
16649,RFX7,64864
16650,TEX9,374618
16651,MNS1,55329
16652,ZNF280D,54816
16653,LOC145783,145783
16654,TCF12,6938
16655,LINC00926,283663
16656,LINC01413,101928611
16657,CGNL1,84952
16658,MYZAP,100820829
16659,GCOM1,145781
16660,POLR2M,81488
16661,ALDH1A2,8854
16662,AQP9,366
16663,LIPC,3990
16664,LOC101928694,101928694
16665,ADAM10,102
16666,HSP90AB4P,664618
16667,FAM63B,54629
16668,SLTM,79811
16669,RNF111,54778
16670,CCNB2,9133
16671,MYO1E,4643
16672,LDHAL6B,92483
16673,FAM81A,145773
16674,GCNT3,9245
16675,GTF2A2,2958
16676,BNIP2,663
16677,FOXB1,27023
16678,ANXA2,302
16679,ICE2,79664
16680,RORA-AS1,101928784
16681,RORA,6095
16682,LOC100996876,100996876
16683,VPS13C,54832
16684,C2CD4A,145741
16685,C2CD4B,388125
16686,MGC15885,197003
16687,TLN2,83660
16688,TPM1,7168
16689,LACTB,114294
16690,RPS27L,51065
16691,RAB8B,51762
16692,APH1B,83464
16693,CA12,771
16694,LOC102723344,102723344
16695,USP3,9960
16696,USP3-AS1,100130855
16697,FBXL22,283807
16698,HERC1,8925
16699,DAPK2,23604
16700,LOC101928988,101928988
16701,FAM96A,84191
16702,SNX1,6642
16703,SNX22,79856
16704,PPIB,5479
16705,CSNK1G1,53944
16706,KIAA0101,9768
16707,TRIP4,9325
16708,ZNF609,23060
16709,OAZ2,4947
16710,RBPMS2,348093
16711,PIF1,80119
16712,PLEKHO2,80301
16713,ANKDD1A,348094
16714,SPG21,51324
16715,MTFMT,123263
16716,SLC51B,123264
16717,RASL12,51285
16718,KBTBD13,390594
16719,UBAP1L,390595
16720,PDCD7,10081
16721,CLPX,10845
16722,CILP,8483
16723,PARP16,54956
16724,IGDCC3,9543
16725,IGDCC4,57722
16726,DPP8,54878
16727,HACD3,51495
16728,VWA9,81556
16729,SLC24A1,9187
16730,DENND4A,10260
16731,RAB11A,8766
16732,MEGF11,84465
16733,DIS3L,115752
16734,TIPIN,54962
16735,SCARNA14,692149
16736,MAP2K1,5604
16737,SNAPC5,10302
16738,RPL4,6124
16739,SNORD16,595097
16740,ZWILCH,55055
16741,LCTL,197021
16742,LINC01169,102723165
16743,SMAD6,4091
16744,SMAD3,4088
16745,AAGAB,79719
16746,IQCH,64799
16747,IQCH-AS1,100506686
16748,C15orf61,145853
16749,MAP2K5,5607
16750,SKOR1,390598
16751,LOC101929076,101929076
16752,PIAS1,8554
16753,CALML4,91860
16754,CLN6,54982
16755,FEM1B,10116
16756,ITGA11,22801
16757,CORO2B,10391
16758,ANP32A,8125
16759,ANP32A-IT1,80035
16760,SPESP1,246777
16761,NOX5,79400
16762,EWSAT1,283673
16763,GLCE,26035
16764,PAQR5,54852
16765,KIF23,9493
16766,RPLP1,6176
16767,DRAIC,145837
16768,PCAT29,104472713
16769,LINC00593,414926
16770,TLE3,7090
16771,SALRNA3,104548972
16772,SALRNA2,104548973
16773,UACA,55075
16774,LARP6,55323
16775,LRRC49,54839
16776,THAP10,56906
16777,CT62,196993
16778,THSD4,79875
16779,THSD4-AS1,101929196
16780,THSD4-AS2,101929173
16781,NR2E3,10002
16782,MYO9A,4649
16783,SENP8,123228
16784,GRAMD2,196996
16785,PKM,5315
16786,PARP6,56965
16787,CELF6,60677
16788,HEXA,3073
16789,HEXA-AS1,80072
16790,TMEM202,338949
16791,ARIH1,25820
16792,GOLGA6B,55889
16793,HIGD2B,123346
16794,BBS4,585
16795,ADPGK,83440
16796,ADPGK-AS1,100287559
16797,NEO1,4756
16798,HCN4,10021
16799,REC114,283677
16800,NPTN,27020
16801,NPTN-IT1,101241892
16802,CD276,80381
16803,C15orf59,388135
16804,C15orf59-AS1,101929221
16805,TBC1D21,161514
16806,LOXL1-AS1,100287616
16807,LOXL1,4016
16808,STOML1,9399
16809,PML,5371
16810,GOLGA6A,342096
16811,LOC283731,283731
16812,ISLR2,57611
16813,ISLR,3671
16814,STRA6,64220
16815,CCDC33,80125
16816,CYP11A1,1583
16817,LOC729739,729739
16818,SEMA7A,8482
16819,UBL7,84993
16820,UBL7-AS1,440288
16821,ARID3B,10620
16822,CLK3,1198
16823,EDC3,80153
16824,CYP1A1,1543
16825,CYP1A2,1544
16826,CSK,1445
16827,LMAN1L,79748
16828,CPLX3,594855
16829,ULK3,25989
16830,SCAMP2,10066
16831,MPI,4351
16832,FAM219B,57184
16833,COX5A,9377
16834,RPP25,54913
16835,SCAMP5,192683
16836,PPCDC,60490
16837,C15orf39,56905
16838,GOLGA6C,653641
16839,GOLGA6D,653643
16840,COMMD4,54939
16841,NEIL1,79661
16842,MAN2C1,4123
16843,SIN3A,25942
16844,PTPN9,5780
16845,SNUPN,10073
16846,IMP3,55272
16847,SNX33,257364
16848,CSPG4,1464
16849,ODF3L1,161753
16850,DNM1P35,100128285
16851,UBE2Q2,92912
16852,FBXO22,26263
16853,FBXO22-AS1,692224
16854,NRG4,145957
16855,TMEM266,123591
16856,LOC101929439,101929439
16857,ETFA,2108
16858,TYRO3P,7302
16859,ISL2,64843
16860,SCAPER,49855
16861,RCN2,5955
16862,PSTPIP1,9051
16863,TSPAN3,10099
16864,PEAK1,79834
16865,LINC00597,81698
16866,HMG20A,10363
16867,LINGO1,84894
16868,LINGO1-AS1,253044
16869,LINGO1-AS2,101929478
16870,LOC645752,645752
16871,LOC91450,91450
16872,TBC1D2B,23102
16873,SH2D7,646892
16874,CIB2,10518
16875,IDH3A,3419
16876,ACSBG1,23205
16877,DNAJA4,55466
16878,WDR61,80349
16879,CRABP1,1381
16880,IREB2,3658
16881,HYKK,123688
16882,PSMA4,5685
16883,CHRNA5,1138
16884,CHRNA3,1136
16885,CHRNB4,1143
16886,LOC646938,646938
16887,ADAMTS7,11173
16888,MORF4L1,10933
16889,CTSH,1512
16890,RASGRF1,5923
16891,ANKRD34C-AS1,729911
16892,ANKRD34C,390616
16893,TMED3,23423
16894,KIAA1024,23251
16895,MTHFS,10588
16896,ST20-MTHFS,100528021
16897,ST20,400410
16898,ST20-AS1,283687
16899,BCL2A1,597
16900,ZFAND6,54469
16901,FAH,2184
16902,LOC100996492,100996492
16903,LINC00927,283688
16904,ARNT2,9915
16905,LOC101929586,101929586
16906,MIR5572,100847042
16907,ABHD17C,58489
16908,CEMIP,57214
16909,MESDC2,23184
16910,MESDC1,59274
16911,CFAP161,161502
16912,IL16,3603
16913,STARD5,80765
16914,TMC3-AS1,101929655
16915,TMC3,342125
16916,MEX3B,84206
16917,LINC01583,101929690
16918,EFTUD1,79631
16919,SAXO2,283726
16920,ADAMTS7P1,390660
16921,GOLGA6L10,647042
16922,GOLGA6L9,440295
16923,LOC642402,642402
16924,RPS17,6218
16925,LOC727751,727751
16926,UBE2Q2P2,100134869
16927,GOLGA2P10,80154
16928,CPEB1,64506
16929,CPEB1-AS1,283692
16930,AP3B2,8120
16931,LOC338963,338963
16932,ACTG1P17,283693
16933,LOC100505616,100505616
16934,FSD2,123722
16935,WHAMM,123720
16936,HOMER2,9455
16937,FAM103A1,83640
16938,C15orf40,123207
16939,BTBD1,53339
16940,TM6SF1,53346
16941,HDGFRP3,50810
16942,BNC1,646
16943,SH3GL3,6457
16944,ADAMTSL3,57188
16945,EFTUD1P1,648809
16946,UBE2Q2L,100505679
16947,LOC440300,440300
16948,GOLGA2P7,388152
16949,GOLGA6L4,643707
16950,LOC103171574,103171574
16951,DNM1P41,440299
16952,GOLGA6L5P,374650
16953,UBE2Q2P1,388165
16954,LINC00933,100506874
16955,ZSCAN2,54993
16956,SCAND2P,54581
16957,WDR73,84942
16958,NMB,4828
16959,SEC11A,23478
16960,ZNF592,9640
16961,ALPK3,57538
16962,SLC28A1,9154
16963,PDE8A,5151
16964,LOC642423,642423
16965,GOLGA6L3,100133220
16966,AKAP13,11214
16967,LOC101929679,101929679
16968,KLHL25,64410
16969,LINC01584,101929701
16970,AGBL1,123624
16971,AGBL1-AS1,727915
16972,LINC00052,145978
16973,NTRK3,4916
16974,NTRK3-AS1,283738
16975,MRPL46,26589
16976,MRPS11,64963
16977,DET1,55070
16978,LINC01586,101929743
16979,AEN,64782
16980,ISG20,3669
16981,ACAN,176
16982,HAPLN3,145864
16983,MFGE8,4240
16984,ABHD2,11057
16985,RLBP1,6017
16986,FANCI,55215
16987,POLG,5428
16988,MIR9-3HG,254559
16989,RHCG,51458
16990,LINC00928,283761
16991,TICRR,90381
16992,KIF7,374654
16993,PLIN1,5346
16994,PEX11A,8800
16995,WDR93,56964
16996,MESP1,55897
16997,MESP2,145873
16998,ANPEP,290
16999,AP3S2,10239
17000,C15orf38-AP3S2,100526783
17001,ARPIN,348110
17002,ZNF710,374655
17003,IDH2,3418
17004,SEMA4B,10509
17005,CIB1,10519
17006,GDPGP1,390637
17007,TTLL13P,440307
17008,NGRN,51335
17009,GABARAPL3,23766
17010,ZNF774,342132
17011,IQGAP1,8826
17012,CRTC3,64784
17013,CRTC3-AS1,101926895
17014,LINC01585,101929765
17015,BLM,641
17016,FURIN,5045
17017,FES,2242
17018,MAN2A2,4122
17019,UNC45A,55898
17020,HDDC3,374659
17021,RCCD1,91433
17022,PRC1,9055
17023,PRC1-AS1,100507118
17024,VPS33B,26276
17025,LOC101926911,101926911
17026,SV2B,9899
17027,CRAT37,101926928
17028,SLCO3A1,28232
17029,ST8SIA2,8128
17030,C15orf32,145858
17031,LINC00930,100144604
17032,FAM174B,400451
17033,ASB9P1,728619
17034,LINC01578,100507217
17035,CHD2,1106
17036,RGMA,56963
17037,LINC01580,101927129
17038,LINC01581,101927112
17039,MCTP2,55784
17040,LOC440311,440311
17041,LINC01197,400456
17042,LINC00924,145820
17043,NR2F2-AS1,644192
17044,NR2F2,7026
17045,SPATA8-AS1,100652749
17046,SPATA8,145946
17047,LOC101927286,101927286
17048,LOC101927310,101927310
17049,LINC00923,91948
17050,ARRDC4,91947
17051,LINC01582,101927332
17052,FAM169B,283777
17053,IRAIN,104472848
17054,IGF1R,3480
17055,PGPEP1L,145814
17056,LUNAR1,104564224
17057,SYNM,23336
17058,TTC23,64927
17059,LRRC28,123355
17060,HSP90B2P,7190
17061,MEF2A,4205
17062,LYSMD4,145748
17063,DNM1P46,196968
17064,ADAMTS17,170691
17065,SPATA41,388182
17066,CERS3,204219
17067,PRKXP1,441733
17068,LINS1,55180
17069,ASB7,140460
17070,ALDH1A3,220
17071,LRRK1,79705
17072,CHSY1,22856
17073,VIMP,55829
17074,SNRPA1,6627
17075,PCSK6,5046
17076,LOC100507472,100507472
17077,TM2D3,80213
17078,TARSL2,123283
17079,OR4F6,390648
17080,OR4F15,390649
17081,OR4F13P,390651
17082,OR4F4,26682
17083,FAM138E,100124412
17084,WASH3P,374666
17085,DDX11L9,100288486
17086,DDX11L10,100287029
17087,WASIR2,100132169
17088,POLR3K,51728
17089,SNRNP25,79622
17090,RHBDF1,64285
17091,MPG,4350
17092,NPRL3,8131
17093,HBZ,3050
17094,HBM,3042
17095,HBA2,3040
17096,HBA1,3039
17097,HBQ1,3049
17098,LUC7L,55692
17099,FAM234A,83986
17100,RGS11,8786
17101,ARHGDIG,398
17102,PDIA2,64714
17103,AXIN1,8312
17104,MRPL28,10573
17105,TMEM8A,58986
17106,LOC100134368,100134368
17107,NME4,4833
17108,DECR2,26063
17109,RAB11FIP3,9727
17110,LINC00235,64493
17111,CAPN15,6650
17112,PRR35,146325
17113,NHLRC4,283948
17114,PIGQ,9091
17115,RAB40C,57799
17116,WFIKKN1,117166
17117,C16orf13,84326
17118,FAM195A,84331
17119,WDR90,197335
17120,RHOT2,89941
17121,RHBDL1,9028
17122,STUB1,10273
17123,JMJD8,339123
17124,WDR24,84219
17125,FBXL16,146330
17126,METRN,79006
17127,FAM173A,65990
17128,CCDC78,124093
17129,HAGHL,84264
17130,NARFL,64428
17131,MSLN,10232
17132,RPUSD1,113000
17133,CHTF18,63922
17134,GNG13,51764
17135,PRR25,388199
17136,LMF1,64788
17137,LMF1-AS1,101929387
17138,SOX8,30812
17139,SSTR5-AS1,146336
17140,SSTR5,6755
17141,C1QTNF8,390664
17142,CACNA1H,8912
17143,TPSG1,25823
17144,TPSB2,64499
17145,TPSAB1,7177
17146,TPSD1,23430
17147,UBE2I,7329
17148,BAIAP3,8938
17149,TSR3,115939
17150,GNPTG,84572
17151,UNKL,64718
17152,C16orf91,283951
17153,CCDC154,645811
17154,CLCN7,1186
17155,PTX4,390667
17156,TELO2,9894
17157,IFT140,9742
17158,TMEM204,79652
17159,CRAMP1,57585
17160,HN1L,90861
17161,MAPK8IP3,23162
17162,NME3,4832
17163,MRPS34,65993
17164,EME2,197342
17165,SPSB3,90864
17166,NUBP2,10101
17167,IGFALS,3483
17168,HAGH,3029
17169,FAHD1,81889
17170,MEIOB,254528
17171,LINC00254,64735
17172,HS3ST6,64711
17173,MSRB1,51734
17174,RPL3L,6123
17175,NDUFB10,4716
17176,RPS2,6187
17177,SNORA10,574042
17178,SNORA64,26784
17179,SNHG9,735301
17180,SNORA78,677844
17181,RNF151,146310
17182,TBL3,10607
17183,NOXO1,124056
17184,GFER,2671
17185,SYNGR3,9143
17186,ZNF598,90850
17187,NPW,283869
17188,SLC9A3R2,9351
17189,NTHL1,4913
17190,TSC2,7249
17191,PKD1,5310
17192,MIR3180-5,100500916
17193,RAB26,25837
17194,LOC100507303,100507303
17195,TRAF7,84231
17196,CASKIN1,57524
17197,MLST8,64223
17198,BRICD5,283870
17199,PGP,283871
17200,E4F1,1877
17201,DNASE1L2,1775
17202,ECI1,1632
17203,RNPS1,10921
17204,ABCA3,21
17205,ABCA17P,650655
17206,CCNF,899
17207,C16orf59,80178
17208,NTN3,4917
17209,TBC1D24,57465
17210,ATP6V0C,527
17211,AMDHD2,51005
17212,CEMP1,752014
17213,PDPK1,5170
17214,LOC652276,652276
17215,FLJ42627,645644
17216,ERVK13-1,100507321
17217,KCTD5,54442
17218,PRSS27,83886
17219,SRRM2-AS1,100128788
17220,SRRM2,23524
17221,TCEB2,6923
17222,PRSS33,260429
17223,PRSS41,360226
17224,PRSS21,10942
17225,ZG16B,124220
17226,PRSS30P,124221
17227,PRSS22,64063
17228,FLYWCH2,114984
17229,FLYWCH1,84256
17230,KREMEN2,79412
17231,PAQR4,124222
17232,PKMYT1,9088
17233,LINC00514,283875
17234,LOC101929613,101929613
17235,CLDN9,9080
17236,CLDN6,9074
17237,TNFRSF12A,51330
17238,HCFC1R1,54985
17239,THOC6,79228
17240,CCDC64B,146439
17241,LOC100128770,100128770
17242,MMP25,64386
17243,LOC100507419,100507419
17244,IL32,9235
17245,ZSCAN10,84891
17246,ZNF205-AS1,81854
17247,ZNF205,7755
17248,LOC100507458,100507458
17249,ZNF213,7760
17250,CASP16,197350
17251,OR1F1,4992
17252,OR1F2P,26184
17253,ZNF200,7752
17254,MEFV,4210
17255,LINC00921,283876
17256,ZNF263,10127
17257,TIGD7,91151
17258,ZNF75A,7627
17259,OR2C1,4993
17260,MTRNR2L4,100463285
17261,ZSCAN32,54925
17262,ZNF174,7727
17263,ZNF597,146434
17264,NAA60,79903
17265,MIR6126,102465134
17266,C16orf90,646174
17267,CLUAP1,23059
17268,NLRC3,197358
17269,SLX4,84464
17270,DNASE1,1773
17271,TRAP1,10131
17272,CREBBP,1387
17273,LOC102724927,102724927
17274,ADCY9,115
17275,SRL,6345
17276,LINC01569,100507501
17277,TFAP4,7023
17278,GLIS2-AS1,101926896
17279,GLIS2,84662
17280,PAM16,51025
17281,CORO7-PAM16,100529144
17282,CORO7,79585
17283,VASN,114990
17284,DNAJA3,9093
17285,NMRAL1,57407
17286,HMOX2,3163
17287,CDIP1,29965
17288,C16orf96,342346
17289,UBALD1,124402
17290,MGRN1,23295
17291,NUDT16L1,84309
17292,ANKS3,124401
17293,C16orf71,146562
17294,ZNF500,26048
17295,SEPT12,124404
17296,SMIM22,440335
17297,ROGDI,79641
17298,GLYR1,84656
17299,UBN1,29855
17300,PPL,5493
17301,SEC14L5,9717
17302,NAGPA,51172
17303,NAGPA-AS1,100507589
17304,C16orf89,146556
17305,ALG1,56052
17306,EEF2KMT,196483
17307,LINC01570,101926950
17308,RBFOX1,54715
17309,METTL22,79091
17310,ABAT,18
17311,TMEM186,25880
17312,PMM2,5373
17313,CARHSP1,23589
17314,USP7,7874
17315,C16orf72,29035
17316,LINC01177,104355218
17317,LINC01195,104266959
17318,GRIN2A,2903
17319,ATF7IP2,80063
17320,EMP2,2013
17321,TEKT5,146279
17322,NUBP1,4682
17323,TVP23A,780776
17324,CIITA,4261
17325,DEXI,28955
17326,CLEC16A,23274
17327,SOCS1,8651
17328,TNP2,7142
17329,PRM3,58531
17330,PRM2,5620
17331,PRM1,5619
17332,RMI2,116028
17333,LOC101927131,101927131
17334,LITAF,9516
17335,SNN,8303
17336,TXNDC11,51061
17337,ZC3H7A,29066
17338,BCAR4,400500
17339,RSL1D1,26156
17340,GSPT1,2935
17341,TNFRSF17,608
17342,SNX29,92017
17343,CPPED1,55313
17344,SHISA9,729993
17345,ERCC4,2072
17346,LOC101927311,101927311
17347,LOC101927348,101927348
17348,MKL2,57496
17349,LOC105447648,105447648
17350,PARN,5073
17351,BFAR,51283
17352,PLA2G10,8399
17353,NPIPA3,642778
17354,NPIPA2,642799
17355,ABCC6P2,730013
17356,NOMO1,23420
17357,LOC100288162,100288162
17358,NPIPA1,9284
17359,PDXDC1,23042
17360,NTAN1,123803
17361,RRN3,54700
17362,LOC100505915,100505915
17363,PKD1P6,353511
17364,MIR3180-4,100500852
17365,NPIPA5,100288332
17366,MPV17L,255027
17367,C16orf45,89927
17368,KIAA0430,9665
17369,NDE1,54820
17370,MYH11,4629
17371,FOPNL,123811
17372,ABCC1,4363
17373,ABCC6,368
17374,NOMO3,408050
17375,PKD1P1,339044
17376,NPIPA7,101059938
17377,XYLT1,64131
17378,NPIPA8,101059953
17379,NOMO2,283820
17380,ABCC6P1,653190
17381,RPS15A,6210
17382,ARL6IP1,23204
17383,SMG1,23049
17384,TMC7,79905
17385,LOC102723385,102723385
17386,COQ7,10229
17387,ITPRIPL2,162073
17388,SYT17,51760
17389,CLEC19A,728276
17390,TMC5,79838
17391,GDE1,51573
17392,CCP110,9738
17393,C16orf62,57020
17394,KNOP1,400506
17395,IQCK,124152
17396,GPRC5B,51704
17397,GPR139,124274
17398,GP2,2813
17399,UMOD,7369
17400,PDILT,204474
17401,ACSM5,54988
17402,ACSM2A,123876
17403,ACSM2B,348158
17404,ACSM1,116285
17405,THUMPD1,55623
17406,ACSM3,6296
17407,ERI2,112479
17408,LOC81691,81691
17409,DCUN1D3,123879
17410,LYRM1,57149
17411,DNAH3,55567
17412,TMEM159,57146
17413,ZP2,7783
17414,ANKS4B,257629
17415,CRYM,1428
17416,CRYM-AS1,400508
17417,SNX29P1,100652781
17418,NPIPB3,23117
17419,LOC100190986,100190986
17420,SMG1P3,100271836
17421,SLC7A5P2,387254
17422,LOC101927814,101927814
17423,METTL9,51108
17424,IGSF6,10261
17425,OTOA,146183
17426,RRN3P1,730092
17427,NPIPB4,440345
17428,UQCRC2,7385
17429,PDZD9,255762
17430,C16orf52,730094
17431,VWA3A,146177
17432,EEF2K,29904
17433,POLR3E,55718
17434,CDR2,1039
17435,RRN3P3,100131998
17436,SMG1P1,641298
17437,NPIPB5,100132247
17438,LOC653786,653786
17439,HS3ST2,9956
17440,USP31,57478
17441,SCNN1G,6340
17442,SCNN1B,6338
17443,COG7,91949
17444,GGA2,23062
17445,EARS2,124454
17446,UBFD1,56061
17447,NDUFAB1,4706
17448,PALB2,79728
17449,DCTN5,84516
17450,PLK1,5347
17451,ERN2,10595
17452,CHP2,63928
17453,PRKCB,5579
17454,CACNG3,10368
17455,RBBP6,5930
17456,FLJ45256,400511
17457,TNRC6A,27327
17458,SLC5A11,115584
17459,ARHGAP17,55114
17460,LOC554206,554206
17461,LCMT1-AS1,102723510
17462,LCMT1,51451
17463,LCMT1-AS2,100506655
17464,AQP8,343
17465,ZKSCAN2,342357
17466,HS3ST4,9951
17467,C16orf82,162083
17468,KDM8,79831
17469,NSMCE1,197370
17470,FLJ21408,400512
17471,IL4R,3566
17472,IL21R,50615
17473,IL21R-AS1,283888
17474,GTF3C1,2975
17475,KIAA0556,23247
17476,GSG1L,146395
17477,XPO6,23214
17478,SBK1,388228
17479,NPIPB6,728741
17480,EIF3CL,728689
17481,CLN3,1201
17482,APOBR,55911
17483,IL27,246778
17484,NUPR1,26471
17485,SGF29,112869
17486,SULT1A2,6799
17487,SULT1A1,6817
17488,NPIPB8,728734
17489,EIF3C,8663
17490,NPIPB9,100507607
17491,ATXN2L,11273
17492,TUFM,7284
17493,SH2B1,25970
17494,ATP2A1,487
17495,ATP2A1-AS1,100289092
17496,RABEP2,79874
17497,CD19,930
17498,NFATC2IP,84901
17499,SPNS1,83985
17500,LAT,27040
17501,RRN3P2,653390
17502,SNX29P2,440352
17503,NPIPB11,728888
17504,LOC606724,606724
17505,SLX1B,79008
17506,SULT1A4,445329
17507,LOC388242,388242
17508,SMG1P2,440354
17509,SLC7A5P1,81893
17510,SPN,6693
17511,QPRT,23475
17512,C16orf54,283897
17513,ZG16,653808
17514,KIF22,3835
17515,MAZ,4150
17516,PRRT2,112476
17517,PAGR1,79447
17518,MVP,9961
17519,CDIPT,10423
17520,CDIPT-AS1,440356
17521,SEZ6L2,26470
17522,ASPHD1,253982
17523,KCTD13,253980
17524,TMEM219,124446
17525,TAOK2,9344
17526,HIRIP3,8479
17527,INO80E,283899
17528,DOC2A,8448
17529,C16orf92,146378
17530,FAM57B,83723
17531,ALDOA,226
17532,PPP4C,5531
17533,TBX6,6911
17534,YPEL3,83719
17535,GDPD3,79153
17536,MAPK3,5595
17537,CORO1A,11151
17538,BOLA2B,654483
17539,SLX1A,548593
17540,SLX1A-SULT1A3,100526830
17541,LOC613038,613038
17542,LOC613037,613037
17543,SMG1P5,595101
17544,CD2BP2,10421
17545,TBC1D10B,26000
17546,MYLPF,29895
17547,SEPT1,1731
17548,ZNF48,197407
17549,ZNF771,51333
17550,DCTPP1,79077
17551,SEPHS2,22928
17552,ITGAL,3683
17553,ZNF768,79724
17554,ZNF747,65988
17555,ZNF764,92595
17556,ZNF688,146542
17557,ZNF785,146540
17558,ZNF689,115509
17559,PRR14,78994
17560,FBRS,64319
17561,LOC730183,730183
17562,SRCAP,10847
17563,SNORA30,677813
17564,TMEM265,100862671
17565,PHKG2,5261
17566,CCDC189,90835
17567,RNF40,9810
17568,ZNF629,23361
17569,BCL7C,9274
17570,MIR762HG,101928736
17571,CTF1,1489
17572,FBXL19-AS1,283932
17573,FBXL19,54620
17574,ORAI3,93129
17575,SETD1A,9739
17576,HSD3B7,80270
17577,STX1B,112755
17578,STX4,6810
17579,ZNF668,79759
17580,ZNF646,9726
17581,PRSS53,339105
17582,VKORC1,79001
17583,BCKDK,10295
17584,KAT8,84148
17585,PRSS8,5652
17586,PRSS36,146547
17587,FUS,2521
17588,PYCARD,29108
17589,PYCARD-AS1,100652740
17590,TRIM72,493829
17591,PYDC1,260434
17592,ITGAM,3684
17593,ITGAX,3687
17594,ITGAD,3681
17595,COX6A2,1339
17596,ZNF843,283933
17597,ARMC5,79798
17598,TGFB1I1,7041
17599,SLC5A2,6524
17600,C16orf58,64755
17601,AHSP,51327
17602,YBX3P1,440359
17603,CLUHP3,100132341
17604,ZNF720,124411
17605,ZNF267,10308
17606,HERC2P4,440362
17607,TP53TG3D,729264
17608,LOC390705,390705
17609,TP53TG3,24150
17610,SLC6A10P,386757
17611,TP53TG3C,653550
17612,ENPP7P13,104644205
17613,LINC00273,649159
17614,UBE2MP1,606551
17615,LINC01566,283914
17616,FRG2DP,146481
17617,TP53TG3HP,100130700
17618,FLJ26245,400533
17619,ANKRD26P1,124149
17620,SHCBP1,79801
17621,VPS35,55737
17622,ORC6,23594
17623,MYLK3,91807
17624,C16orf87,388272
17625,GPT2,84706
17626,DNAJA2,10294
17627,NETO2,81831
17628,ITFG1-AS1,101927102
17629,ITFG1,81533
17630,PHKB,5257
17631,LOC100507534,100507534
17632,LOC101927132,101927132
17633,ABCC12,94160
17634,ABCC11,85320
17635,LONP2,83752
17636,LOC100507577,100507577
17637,SIAH1,6477
17638,N4BP1,9683
17639,CBLN1,869
17640,C16orf78,123970
17641,ZNF423,23090
17642,CNEP1R1,255919
17643,HEATR3,55027
17644,PAPD5,64282
17645,ADCY7,113
17646,BRD7,29117
17647,NKD1,85407
17648,SNX20,124460
17649,LOC101927272,101927272
17650,NOD2,64127
17651,CYLD,1540
17652,SALL1,6299
17653,LINC01571,101927364
17654,C16orf97,388276
17655,LINC00919,100505619
17656,LOC102467079,102467079
17657,TOX3,27324
17658,CASC16,643714
17659,CHD9,80205
17660,LOC643802,643802
17661,LOC102723373,102723373
17662,RBL2,5934
17663,AKTIP,64400
17664,RPGRIP1L,23322
17665,FTO,79068
17666,FTO-IT1,100505692
17667,LOC100996338,100996338
17668,IRX3,79191
17669,CRNDE,643911
17670,IRX5,10265
17671,IRX6,79190
17672,MMP2,4313
17673,LPCAT2,54947
17674,CAPNS2,84290
17675,SLC6A2,6530
17676,CES1P2,390732
17677,CES1P1,51716
17678,CES1,1066
17679,CES5A,221223
17680,LOC283856,283856
17681,GNAO1,2775
17682,DKFZP434H168,26077
17683,AMFR,267
17684,NUDT21,11051
17685,OGFOD1,55239
17686,BBS2,583
17687,MT4,84560
17688,MT3,4504
17689,MT2A,4502
17690,MT1L,4500
17691,MT1E,4493
17692,MT1M,4499
17693,MT1JP,4498
17694,MT1A,4489
17695,MT1DP,326343
17696,MT1B,4490
17697,MT1F,4494
17698,MT1G,4495
17699,MT1H,4496
17700,MT1IP,644314
17701,MT1X,4501
17702,NUP93,9688
17703,SLC12A3,6559
17704,HERPUD1,9709
17705,CETP,1071
17706,NLRC5,84166
17707,CPNE2,221184
17708,FAM192A,80011
17709,RSPRY1,89970
17710,ARL2BP,23568
17711,PLLP,51090
17712,CCL22,6367
17713,CX3CL1,6376
17714,CCL17,6361
17715,CIAPIN1,57019
17716,COQ9,57017
17717,POLR2C,5432
17718,DOK4,55715
17719,CCDC102A,92922
17720,ADGRG5,221188
17721,ADGRG1,9289
17722,ADGRG3,222487
17723,DRC7,84229
17724,KATNB1,10300
17725,KIFC3,3801
17726,LOC388282,388282
17727,CNGB1,1258
17728,TEPP,374739
17729,ZNF319,57567
17730,USB1,79650
17731,MMP15,4324
17732,CFAP20,29105
17733,CSNK2A2,1459
17734,CCDC113,29070
17735,PRSS54,221191
17736,GINS3,64785
17737,NDRG4,65009
17738,SETD6,79918
17739,CNOT1,23019
17740,SNORA46,677827
17741,SNORA50A,677830
17742,SLC38A7,55238
17743,GOT2,2806
17744,APOOP5,644649
17745,LOC101927580,101927580
17746,LOC729159,729159
17747,CDH8,1006
17748,CDH11,1009
17749,LOC101927650,101927650
17750,LINC00922,283867
17751,CDH5,1003
17752,LINC00920,100505865
17753,BEAN1,146227
17754,BEAN1-AS1,101927726
17755,TK2,7084
17756,CKLF,51192
17757,CKLF-CMTM1,100529251
17758,CMTM1,113540
17759,CMTM2,146225
17760,CMTM3,123920
17761,CMTM4,146223
17762,DYNC1LI2,1783
17763,CCDC79,283847
17764,NAE1,8883
17765,CA7,766
17766,PDP2,57546
17767,CDH16,1014
17768,RRAD,6236
17769,FAM96B,51647
17770,CES2,8824
17771,CES3,23491
17772,CES4A,283848
17773,CBFB,865
17774,C16orf70,80262
17775,B3GNT9,84752
17776,TRADD,8717
17777,FBXL8,55336
17778,HSF4,3299
17779,NOL3,8996
17780,KIAA0895L,653319
17781,EXOC3L1,283849
17782,E2F4,1874
17783,ELMO3,79767
17784,LRRC29,26231
17785,TMEM208,29100
17786,FHOD1,29109
17787,SLC9A5,6553
17788,PLEKHG4,25894
17789,KCTD19,146212
17790,LRRC36,55282
17791,TPPP3,51673
17792,ZDHHC1,29800
17793,HSD11B2,3291
17794,ATP6V0D1,9114
17795,AGRP,181
17796,LOC100505942,100505942
17797,FAM65A,79567
17798,CTCF,10664
17799,RLTPR,146206
17800,ACD,65057
17801,PARD6A,50855
17802,ENKD1,84080
17803,C16orf86,388284
17804,GFOD2,81577
17805,RANBP10,57610
17806,TSNAXIP1,55815
17807,CENPT,80152
17808,THAP11,57215
17809,NUTF2,10204
17810,EDC4,23644
17811,NRN1L,123904
17812,PSKH1,5681
17813,CTRL,1506
17814,PSMB10,5699
17815,LCAT,3931
17816,SLC12A4,6560
17817,DPEP3,64180
17818,DPEP2,64174
17819,LOC100131303,100131303
17820,DDX28,55794
17821,DUS2,54920
17822,NFATC3,4775
17823,ESRP2,80004
17824,PLA2G15,23659
17825,SLC7A6,9057
17826,SLC7A6OS,84138
17827,PRMT7,54496
17828,SMPD3,55512
17829,ZFP90,146198
17830,CDH3,1001
17831,CDH1,999
17832,TANGO6,79613
17833,HAS3,3038
17834,CHTF8,54921
17835,UTP4,84916
17836,SNTB2,6645
17837,VPS4A,27183
17838,PDF,64146
17839,COG8,84342
17840,NIP7,51388
17841,TMED6,146456
17842,TERF2,7014
17843,CYB5B,80777
17844,NFAT5,10725
17845,NQO1,1728
17846,NOB1,28987
17847,WWP2,11060
17848,CLEC18A,348174
17849,PDXDC2P,283970
17850,PDPR,55066
17851,LOC400541,400541
17852,CLEC18C,283971
17853,SMG1P7,100506060
17854,EXOSC6,118460
17855,AARS,16
17856,DDX19B,11269
17857,LOC100506083,100506083
17858,DDX19A,55308
17859,ST3GAL2,6483
17860,FUK,197258
17861,COG4,25839
17862,SF3B3,23450
17863,IL34,146433
17864,MTSS1L,92154
17865,VAC14,55697
17866,VAC14-AS1,100130894
17867,HYDIN,54768
17868,CMTR2,55783
17869,CALB2,794
17870,ZNF23,7571
17871,ZNF19,7567
17872,CHST4,10164
17873,LOC100132529,100132529
17874,TAT,6898
17875,MARVELD3,91862
17876,PHLPP2,23035
17877,AP1G1,164
17878,ATXN1L,342371
17879,ZNF821,55565
17880,IST1,9798
17881,PKD1L3,342372
17882,DHODH,1723
17883,HP,3240
17884,HPR,3250
17885,TXNL4B,54957
17886,DHX38,9785
17887,PMFBP1,83449
17888,LINC01572,101927957
17889,ZFHX3,463
17890,HCCAT5,283902
17891,C16orf47,388289
17892,LINC01568,100506172
17893,LOC101928035,101928035
17894,PSMD7,5713
17895,LOC283922,283922
17896,NPIPB15,440348
17897,CLEC18B,497190
17898,GLG1,2734
17899,RFWD3,55159
17900,MLKL,197259
17901,FA2H,79152
17902,WDR59,79726
17903,ZNRF1,84937
17904,LDHD,197257
17905,ZFP1,162239
17906,CTRB2,440387
17907,CTRB1,1504
17908,LOC100506281,100506281
17909,BCAR1,9564
17910,CFDP1,10428
17911,TMEM170A,124491
17912,CHST6,4166
17913,CHST5,23563
17914,TMEM231,79583
17915,GABARAPL2,11345
17916,ADAT1,23536
17917,KARS,3735
17918,TERF2IP,54386
17919,CNTNAP4,85445
17920,LOC101928203,101928203
17921,MON1B,22879
17922,SYCE1L,100130958
17923,ADAMTS18,170692
17924,NUDT7,283927
17925,VAT1L,57687
17926,CLEC3A,10143
17927,WWOX,51741
17928,MAF,4094
17929,MAFTRR,102467146
17930,LINC01229,101928248
17931,LOC102724084,102724084
17932,DYNLRB2,83657
17933,LINC01227,101928276
17934,CDYL2,124359
17935,LOC100996425,100996425
17936,CMC2,56942
17937,CENPN,55839
17938,ATMIN,23300
17939,C16orf46,123775
17940,GCSH,2653
17941,PKD1L2,114780
17942,BCO1,53630
17943,GAN,8139
17944,CMIP,80790
17945,LOC100129617,100129617
17946,PLCG2,5336
17947,SDR42E1,93517
17948,HSD17B2,3294
17949,MPHOSPH6,10200
17950,CDH13,1012
17951,LOC101928446,101928446
17952,LOC101928417,101928417
17953,LOC102724163,102724163
17954,HSBP1,3281
17955,MLYCD,23417
17956,OSGIN1,29948
17957,NECAB2,54550
17958,SLC38A8,146167
17959,MBTPS1,8720
17960,HSDL1,83693
17961,DNAAF1,123872
17962,TAF1C,9013
17963,ADAD2,161931
17964,KCNG4,93107
17965,WFDC1,58189
17966,ATP2C2,9914
17967,TLDC1,57707
17968,COTL1,23406
17969,KLHL36,79786
17970,USP10,9100
17971,CRISPLD2,83716
17972,ZDHHC7,55625
17973,KIAA0513,9764
17974,FAM92B,339145
17975,LOC400548,400548
17976,LINC00311,197196
17977,GSE1,23199
17978,GINS2,51659
17979,C16orf74,404550
17980,EMC8,10328
17981,COX4I1,1327
17982,IRF8,3394
17983,TCONS_00024492,100506542
17984,TCONS_00024764,101154687
17985,LOC146513,146513
17986,LINC00917,732275
17987,FENDRR,400550
17988,FOXF1,2294
17989,MTHFSD,64779
17990,FLJ30679,146512
17991,FOXC2-AS1,103752587
17992,FOXC2,2303
17993,FOXL1,2300
17994,FLJ46320,440390
17995,LOC101928708,101928708
17996,LOC101928682,101928682
17997,C16orf95,100506581
17998,FBXO31,79791
17999,MAP1LC3B,81631
18000,ZCCHC14,23174
18001,LOC101928737,101928737
18002,JPH3,57338
18003,KLHDC4,54758
18004,LOC102724467,102724467
18005,SLC7A5,8140
18006,CA5A,763
18007,BANP,54971
18008,LOC400553,400553
18009,LOC101928880,101928880
18010,ZNF469,84627
18011,ZFPM1,161882
18012,MIR5189,100847057
18013,ZC3H18,124245
18014,IL17C,27189
18015,CYBA,1535
18016,MVD,4597
18017,SNAI3-AS1,197187
18018,SNAI3,333929
18019,RNF166,115992
18020,CTU2,348180
18021,PIEZO1,9780
18022,LOC100289580,100289580
18023,FLJ40448,339059
18024,CDT1,81620
18025,APRT,353
18026,GALNS,2588
18027,TRAPPC2L,51693
18028,PABPN1L,390748
18029,CBFA2T3,863
18030,LOC100129697,100129697
18031,ACSF3,197322
18032,LINC00304,283860
18033,LOC400558,400558
18034,CDH15,1013
18035,SLC22A31,146429
18036,ZNF778,197320
18037,ANKRD11,29123
18038,LOC100287036,100287036
18039,LOC101927817,101927817
18040,SPG7,6687
18041,RPL13,6137
18042,CPNE7,27132
18043,DPEP1,1800
18044,CHMP1A,5119
18045,SPATA33,124045
18046,CDK10,8558
18047,SPATA2L,124044
18048,VPS9D1,9605
18049,VPS9D1-AS1,100128881
18050,ZNF276,92822
18051,FANCA,2175
18052,SPIRE2,84501
18053,TCF25,22980
18054,MC1R,4157
18055,TUBB3,10381
18056,DEF8,54849
18057,CENPBD1,92806
18058,AFG3L1P,172
18059,DBNDD1,79007
18060,GAS8,2622
18061,GAS8-AS1,750
18062,URAHP,100130015
18063,PRDM7,11105
18064,FAM157C,100996541
18065,DOC2B,8447
18066,LOC100506371,100506371
18067,RPH3AL,9501
18068,MGC70870,403340
18069,LOC100506388,100506388
18070,C17orf97,400566
18071,FAM101B,359845
18072,VPS53,55275
18073,FAM57A,79850
18074,GEMIN4,50628
18075,DBIL5P,100131454
18076,GLOD4,51031
18077,RNMTL1,55178
18078,NXN,64359
18079,TIMM22,29928
18080,ABR,29
18081,BHLHA9,727857
18082,TUSC5,286753
18083,YWHAE,7531
18084,CRK,1398
18085,MYO1C,4641
18086,INPP5K,51763
18087,PITPNA-AS1,100306951
18088,PITPNA,5306
18089,SLC43A2,124935
18090,SCARF1,8578
18091,RILP,83547
18092,PRPF8,10594
18093,TLCD2,727910
18094,MIR22HG,84981
18095,WDR81,124997
18096,SERPINF2,5345
18097,SERPINF1,5176
18098,SMYD4,114826
18099,RPA1,6117
18100,RTN4RL1,146760
18101,DPH1,1801
18102,OVCA2,124641
18103,MIR212,406994
18104,HIC1,3090
18105,SMG6,23293
18106,LOC101927839,101927839
18107,SRR,63826
18108,TSR1,55720
18109,SGSM2,9905
18110,MNT,4335
18111,LOC284009,284009
18112,METTL16,79066
18113,PAFAH1B1,5048
18114,CLUH,23277
18115,RAP1GAP2,23108
18116,LOC101927911,101927911
18117,OR1D5,8386
18118,OR1D2,4991
18119,OR1G1,8390
18120,OR1A2,26189
18121,OR1A1,8383
18122,OR1D4,653166
18123,OR3A2,4995
18124,OR3A1,4994
18125,OR3A4P,390756
18126,OR1E1,8387
18127,OR3A3,8392
18128,OR1E2,8388
18129,SPATA22,84690
18130,ASPA,443
18131,TRPV3,162514
18132,TRPV1,7442
18133,SHPK,23729
18134,CTNS,1497
18135,TAX1BP3,30851
18136,P2RX5-TAX1BP3,100533970
18137,EMC6,83460
18138,P2RX5,5026
18139,ITGAE,3682
18140,GSG2,83903
18141,NCBP3,55421
18142,CAMKK1,84254
18143,P2RX1,5023
18144,ATP2A3,489
18145,ZZEF1,23140
18146,CYB5D2,124936
18147,ANKFY1,51479
18148,UBE2G1,7326
18149,LOC103021295,103021295
18150,SPNS3,201305
18151,SPNS2,124976
18152,MYBBP1A,10514
18153,GGT6,124975
18154,SMTNL2,342527
18155,ALOX15,246
18156,PELP1,27043
18157,LOC101559451,101559451
18158,ARRB2,409
18159,MED11,400569
18160,CXCL16,58191
18161,ZMYND15,84225
18162,TM4SF5,9032
18163,VMO1,284013
18164,GLTPD2,388323
18165,PSMB6,5694
18166,PLD2,5338
18167,MINK1,50488
18168,CHRNE,1145
18169,C17orf107,100130311
18170,GP1BA,2811
18171,SLC25A11,8402
18172,RNF167,26001
18173,PFN1,5216
18174,ENO3,2027
18175,SPAG7,9552
18176,CAMTA2,23125
18177,INCA1,388324
18178,KIF1C,10749
18179,LOC102724009,102724009
18180,SLC52A1,55065
18181,ZFP3,124961
18182,ZNF232,7775
18183,USP6,9098
18184,ZNF594,84622
18185,LOC100130950,100130950
18186,SCIMP,388325
18187,RABEP1,9135
18188,NUP88,4927
18189,RPAIN,84268
18190,C1QBP,708
18191,DHX33,56919
18192,DERL2,51009
18193,MIS12,79003
18194,LOC728392,728392
18195,NLRP1,22861
18196,LOC339166,339166
18197,WSCD1,23302
18198,AIPL1,23746
18199,FAM64A,54478
18200,PITPNM3,83394
18201,KIAA0753,9851
18202,TXNDC17,84817
18203,MED31,51003
18204,C17orf100,388327
18205,ALOX15P1,100652883
18206,SLC13A5,284111
18207,XAF1,54739
18208,FBXO39,162517
18209,TEKT1,83659
18210,ALOX12P2,245
18211,ALOX12-AS1,100506713
18212,ALOX12,239
18213,RNASEK,440400
18214,RNASEK-C17orf49,100529209
18215,C17orf49,124944
18216,MIR497HG,100506755
18217,BCL6B,255877
18218,SLC16A13,201232
18219,SLC16A11,162515
18220,CLEC10A,10462
18221,ASGR2,433
18222,ASGR1,432
18223,DLG4,1742
18224,ACADVL,37
18225,DVL2,1856
18226,PHF23,79142
18227,GABARAP,11337
18228,CTDNEP1,23399
18229,ELP5,23587
18230,CLDN7,1366
18231,SLC2A4,6517
18232,YBX2,51087
18233,EIF5A,1984
18234,GPS2,2874
18235,NEURL4,84461
18236,ACAP1,9744
18237,KCTD11,147040
18238,TMEM95,339168
18239,TNK1,8711
18240,PLSCR3,57048
18241,TMEM256-PLSCR3,100529211
18242,TMEM256,254863
18243,NLGN2,57555
18244,SPEM1,374768
18245,C17orf74,201243
18246,TMEM102,284114
18247,FGF11,2256
18248,CHRNB1,1140
18249,ZBTB4,57659
18250,SLC35G6,643664
18251,POLR2A,5430
18252,TNFSF12,8742
18253,TNFSF12-TNFSF13,407977
18254,TNFSF13,8741
18255,SENP3,26168
18256,SENP3-EIF4A1,100533955
18257,EIF4A1,1973
18258,SNORA48,652965
18259,SNORD10,652966
18260,SNORA67,26781
18261,CD68,968
18262,MPDU1,9526
18263,SOX15,6665
18264,FXR2,9513
18265,SHBG,6462
18266,SAT2,112483
18267,ATP1B2,482
18268,TP53,7157
18269,WRAP53,55135
18270,EFNB3,1949
18271,DNAH2,146754
18272,RPL29P2,118432
18273,KDM6B,23135
18274,TMEM88,92162
18275,NAA38,84316
18276,CYB5D1,124637
18277,CHD3,1107
18278,SCARNA21,677763
18279,LOC284023,284023
18280,KCNAB3,9196
18281,TRAPPC1,58485
18282,CNTROB,116840
18283,GUCY2D,3000
18284,ALOX15B,247
18285,ALOX12B,242
18286,ALOXE3,59344
18287,HES7,84667
18288,PER1,5187
18289,VAMP2,6844
18290,TMEM107,84314
18291,BORCS6,54785
18292,AURKB,9212
18293,LINC00324,284029
18294,CTC1,80169
18295,PFAS,5198
18296,SLC25A35,399512
18297,RANGRF,29098
18298,ARHGEF15,22899
18299,ODF4,146852
18300,LOC100128288,100128288
18301,KRBA2,124751
18302,RPL26,6154
18303,RNF222,643904
18304,NDEL1,81565
18305,MYH10,4628
18306,CCDC42,146849
18307,SPDYE4,388333
18308,MFSD6L,162387
18309,PIK3R6,146850
18310,PIK3R5,23533
18311,NTN1,9423
18312,LOC101928266,101928266
18313,STX8,9482
18314,CFAP52,146845
18315,USP43,124739
18316,DHRS7C,201140
18317,LOC644070,644070
18318,GLP2R,9340
18319,RCVRN,5957
18320,GAS7,8522
18321,MYH13,8735
18322,LOC100128560,100128560
18323,MYH8,4626
18324,MYH4,4622
18325,MYH1,4619
18326,MYH2,4620
18327,MYH3,4621
18328,SCO1,6341
18329,ADPRM,56985
18330,TMEM220,388335
18331,MAGOH2P,100506898
18332,TMEM220-AS1,101101775
18333,LINC00675,100289255
18334,PIRT,644139
18335,SHISA6,388336
18336,DNAH9,1770
18337,ZNF18,7566
18338,MAP2K4,6416
18339,LINC00670,284034
18340,MYOCD,93649
18341,LOC101928418,101928418
18342,LOC100128006,100128006
18343,ARHGAP44,9912
18344,ELAC2,60528
18345,HS3ST3A1,9955
18346,CDRT15P1,94158
18347,COX10-AS1,100874058
18348,COX10,1352
18349,CDRT15,146822
18350,HS3ST3B1,9953
18351,MGC12916,84815
18352,CDRT7,94150
18353,CDRT8,94151
18354,PMP22,5376
18355,TEKT3,64518
18356,CDRT4,284040
18357,TVP23C-CDRT4,100533496
18358,TVP23C,201158
18359,CDRT1,374286
18360,TRIM16,10626
18361,ZNF286A,57335
18362,TBC1D26,353149
18363,CDRT15P2,644694
18364,MEIS3P1,4213
18365,LOC101928567,101928567
18366,ADORA2B,136
18367,ZSWIM7,125150
18368,TTC19,54902
18369,NCOR1,9611
18370,PIGL,9487
18371,CENPV,201161
18372,UBB,7314
18373,TRPV2,51393
18374,LRRC75A-AS1,125144
18375,LRRC75A,388341
18376,ZNF287,57336
18377,ZNF624,57547
18378,CCDC144A,9720
18379,USP32P1,162632
18380,FAM106CP,100129396
18381,KRT16P2,400578
18382,TNFRSF13B,23495
18383,MPRIP,23164
18384,PLD6,201164
18385,FLCN,201163
18386,COPS3,8533
18387,NT5M,56953
18388,MED9,55090
18389,RASD1,51655
18390,PEMT,10400
18391,SMCR2,140768
18392,RAI1,10743
18393,RAI1-AS1,100861516
18394,SMCR5,140771
18395,SREBF1,6720
18396,TOM1L2,146691
18397,DRC3,83450
18398,ATPAF2,91647
18399,GID4,79018
18400,DRG2,1819
18401,MYO15A,51168
18402,ALKBH5,54890
18403,LLGL1,3996
18404,FLII,2314
18405,MIEF2,125170
18406,TOP3A,7156
18407,SMCR8,140775
18408,SHMT1,6470
18409,EVPLL,645027
18410,FLJ35934,400579
18411,KRT17P5,339240
18412,KRT16P1,729252
18413,LGALS9C,654346
18414,USP32P2,220594
18415,FAM106A,80039
18416,CCDC144B,284047
18417,TBC1D28,254272
18418,ZNF286B,729288
18419,FOXO3B,2310
18420,TRIM16L,147166
18421,FBXW10,10517
18422,TVP23B,51030
18423,PRPSAP2,5636
18424,SLC5A10,125206
18425,FAM83G,644815
18426,GRAP,10750
18427,GRAPL,400581
18428,LOC79999,79999
18429,EPN2,22905
18430,EPN2-IT1,100874309
18431,EPN2-AS1,100874018
18432,B9D1,27077
18433,MAPK7,5598
18434,MFAP4,4239
18435,RNF112,7732
18436,SLC47A1,55244
18437,ALDH3A2,224
18438,SLC47A2,146802
18439,ALDH3A1,218
18440,ULK2,9706
18441,AKAP10,11216
18442,SPECC1,92521
18443,CCDC144CP,348254
18444,FAM106B,100996259
18445,LGALS9B,284194
18446,KRT16P3,644945
18447,CDRT15L2,256223
18448,LOC100287072,100287072
18449,CCDC144NL,339184
18450,LOC440416,440416
18451,LOC339260,339260
18452,USP22,23326
18453,LOC101060544,101060544
18454,DHRS7B,25979
18455,TMEM11,8834
18456,NATD1,256302
18457,MAP2K3,5606
18458,KCNJ12,3768
18459,KCNJ18,100134444
18460,C17orf51,339263
18461,FAM27L,284123
18462,FLJ36000,284124
18463,MTRNR2L1,100462977
18464,WSB1,26118
18465,TBC1D3P5,440419
18466,KSR1,8844
18467,LGALS9,3965
18468,NOS2,4843
18469,LYRM9,201229
18470,NLK,51701
18471,PYY2,23615
18472,PPY2P,23614
18473,KRT18P55,284085
18474,TMEM97,27346
18475,IFT20,90410
18476,TNFAIP1,7126
18477,POLDIP2,26073
18478,TMEM199,147007
18479,SEBOX,645832
18480,VTN,7448
18481,SARM1,23098
18482,SLC46A1,113235
18483,SLC13A2,9058
18484,FOXN1,8456
18485,UNC119,9094
18486,PIGS,94005
18487,ALDOC,230
18488,SPAG5,10615
18489,SPAG5-AS1,100506436
18490,SGK494,124923
18491,KIAA0100,9703
18492,SDF2,6388
18493,SUPT6H,6830
18494,PROCA1,147011
18495,RAB34,83871
18496,NARR,100861437
18497,RPL23A,6147
18498,TLCD1,116238
18499,NEK8,284086
18500,TRAF4,9618
18501,FAM222B,55731
18502,ERAL1,26284
18503,FLOT2,2319
18504,DHRS13,147015
18505,PHF12,57649
18506,LOC101927018,101927018
18507,SEZ6,124925
18508,PIPOX,51268
18509,MYO18A,399687
18510,TIAF1,9220
18511,CRYBA1,1411
18512,NUFIP2,57532
18513,TAOK1,57551
18514,ABHD15,116236
18515,TP53I13,90313
18516,GIT1,28964
18517,ANKRD13B,124930
18518,CORO6,84940
18519,SSH2,85464
18520,EFCAB5,374786
18521,NSRP1,84081
18522,SLC6A4,6532
18523,BLMH,642
18524,TMIGD1,388364
18525,CPD,1362
18526,GOSR1,9527
18527,TBC1D29,26083
18528,LRRC37BP1,147172
18529,SH3GL1P2,6459
18530,SUZ12P1,440423
18531,CRLF3,51379
18532,ATAD5,79915
18533,TEFM,79736
18534,ADAP2,55803
18535,RNF135,84282
18536,DPRXP4,503645
18537,NF1,4763
18538,OMG,4974
18539,EVI2B,2124
18540,EVI2A,2123
18541,RAB11FIP4,84440
18542,COPRS,55352
18543,UTP6,55813
18544,SUZ12,23512
18545,LRRC37B,114659
18546,SH3GL1P1,6458
18547,RHOT1,55288
18548,ARGFXP2,503640
18549,RHBDL3,162494
18550,C17orf75,64149
18551,ZNF207,7756
18552,PSMD11,5717
18553,CDK5R1,8851
18554,MYO1D,4642
18555,TMEM98,26022
18556,SPACA3,124912
18557,ASIC2,40
18558,AA06,100506677
18559,LOC101927239,101927239
18560,CCL2,6347
18561,CCL7,6354
18562,CCL11,6356
18563,CCL8,6355
18564,CCL13,6357
18565,CCL1,6346
18566,C17orf102,400591
18567,TMEM132E,124842
18568,CCT6B,10693
18569,ZNF830,91603
18570,LIG3,3980
18571,RFFL,117584
18572,RAD51L3-RFFL,100529207
18573,RAD51D,5892
18574,FNDC8,54752
18575,NLE1,54475
18576,UNC45B,146862
18577,SLC35G3,146861
18578,SLFN5,162394
18579,SLFN11,91607
18580,SLFN12,55106
18581,SLFN13,146857
18582,SLFN12L,100506736
18583,SLFN14,342618
18584,PEX12,5193
18585,AP2B1,163
18586,RASL10B,91608
18587,GAS2L2,246176
18588,MMP28,79148
18589,C17orf50,146853
18590,TAF15,8148
18591,HEATR9,256957
18592,CCL5,6352
18593,LRRC37A8P,100533789
18594,RDM1,201299
18595,LYZL6,57151
18596,CCL16,6360
18597,CCL14,6358
18598,CCL15-CCL14,348249
18599,CCL15,6359
18600,CCL23,6368
18601,CCL18,6362
18602,CCL3,6348
18603,CCL4,6351
18604,CCL3L3,414062
18605,CCL4L1,9560
18606,CCL3L1,6349
18607,TBC1D3H,729877
18608,TBC1D3B,414059
18609,ZNHIT3,9326
18610,MYO19,80179
18611,PIGW,284098
18612,GGNBP2,79893
18613,DHRS11,79154
18614,MRM1,79922
18615,LHX1,3975
18616,AATF,26574
18617,ACACA,31
18618,C17orf78,284099
18619,TADA2A,6871
18620,DUSP14,11072
18621,SYNRG,11276
18622,DDX52,11056
18623,HNF1B,6928
18624,YWHAEP7,284100
18625,LOC101060351,101060351
18626,TBC1D3,729873
18627,LOC101060376,101060376
18628,LOC440434,440434
18629,MRPL45,84311
18630,GPR179,440435
18631,SOCS7,30837
18632,ARHGAP23,57636
18633,SRCIN1,80725
18634,C17orf96,100170841
18635,MLLT6,4302
18636,CISD3,284106
18637,PCGF2,7703
18638,PSMB3,5691
18639,PIP4K2B,8396
18640,CWC25,54883
18641,C17orf98,388381
18642,RPL23,9349
18643,SNORA21,619505
18644,LASP1,3927
18645,LINC00672,100505576
18646,FBXO47,494188
18647,LRRC37A11P,342666
18648,LOC100131347,100131347
18649,PLXDC1,57125
18650,ARL5C,390790
18651,CACNB1,782
18652,RPL19,6143
18653,STAC2,342667
18654,FBXL20,84961
18655,MED1,5469
18656,CDK12,51755
18657,NEUROD2,4761
18658,PPP1R1B,84152
18659,STARD3,10948
18660,TCAP,8557
18661,PNMT,5409
18662,PGAP3,93210
18663,ERBB2,2064
18664,MIEN1,84299
18665,GRB7,2886
18666,IKZF3,22806
18667,ZPBP2,124626
18668,GSDMB,55876
18669,ORMDL3,94103
18670,LRRC3C,100505591
18671,GSDMA,284110
18672,PSMD3,5709
18673,CSF3,1440
18674,MED24,9862
18675,THRA,7067
18676,NR1D1,9572
18677,MSL1,339287
18678,CASC3,22794
18679,RAPGEFL1,51195
18680,WIPF2,147179
18681,CDC6,990
18682,RARA,5914
18683,RARA-AS1,101929693
18684,GJD3,125111
18685,TOP2A,7153
18686,IGFBP4,3487
18687,TNS4,84951
18688,CCR7,1236
18689,SMARCE1,6605
18690,KRT222,125113
18691,KRT24,192666
18692,KRT25,147183
18693,KRT26,353288
18694,KRT27,342574
18695,KRT28,162605
18696,KRT10,3858
18697,TMEM99,147184
18698,KRT12,3859
18699,KRT20,54474
18700,KRT23,25984
18701,KRT39,390792
18702,KRT40,125115
18703,KRTAP3-3,85293
18704,KRTAP3-2,83897
18705,KRTAP3-1,83896
18706,KRTAP1-5,83895
18707,KRTAP1-3,81850
18708,KRTAP1-1,81851
18709,KRTAP2-1,81872
18710,KRTAP2-2,728279
18711,KRTAP2-3,730755
18712,KRTAP2-4,85294
18713,KRTAP4-7,100132476
18714,KRTAP4-8,728224
18715,KRTAP4-9,100132386
18716,KRTAP4-11,653240
18717,KRTAP4-12,83755
18718,KRTAP4-6,81871
18719,KRTAP4-5,85289
18720,KRTAP4-4,84616
18721,KRTAP4-3,85290
18722,KRTAP4-2,85291
18723,KRTAP4-1,85285
18724,KRTAP9-1,728318
18725,KRTAP9-2,83899
18726,KRTAP9-3,83900
18727,KRTAP9-8,83901
18728,KRTAP9-4,85280
18729,KRTAP9-9,81870
18730,KRTAP9-6,100507608
18731,KRTAP9-7,100505724
18732,KRTAP29-1,100533177
18733,KRTAP16-1,100505753
18734,KRTAP17-1,83902
18735,KRT33A,3883
18736,KRT33B,3884
18737,KRT34,3885
18738,KRT31,3881
18739,LOC100505782,100505782
18740,KRT37,8688
18741,KRT38,8687
18742,KRT32,3882
18743,KRT35,3886
18744,KRT36,8689
18745,KRT13,3860
18746,KRT15,3866
18747,KRT19,3880
18748,LINC00974,147093
18749,KRT9,3857
18750,KRT14,3861
18751,KRT16,3868
18752,KRT17,3872
18753,KRT42P,284116
18754,EIF1,10209
18755,GAST,2520
18756,HAP1,9001
18757,JUP,3728
18758,P3H4,10609
18759,FKBP10,60681
18760,NT5C3B,115024
18761,KLHL10,317719
18762,KLHL11,55175
18763,ACLY,47
18764,TTC25,83538
18765,CNP,1267
18766,DNAJC7,7266
18767,NKIRAS2,28511
18768,ZNF385C,201181
18769,DHX58,79132
18770,KAT2A,2648
18771,HSPB9,94086
18772,RAB5C,5878
18773,KCNH4,23415
18774,HCRT,3060
18775,GHDC,84514
18776,STAT5B,6777
18777,STAT5A,6776
18778,STAT3,6774
18779,PTRF,284119
18780,ATP6V0A1,535
18781,NAGLU,4669
18782,HSD17B1,3292
18783,COASY,80347
18784,MLX,6945
18785,PSMC3IP,29893
18786,FAM134C,162427
18787,TUBG1,7283
18788,TUBG2,27175
18789,PLEKHH3,79990
18790,CCR10,2826
18791,CNTNAP1,8506
18792,EZH1,2145
18793,RAMP2-AS1,100190938
18794,RAMP2,10266
18795,VPS25,84313
18796,WNK4,65266
18797,COA3,28958
18798,CNTD1,124817
18799,BECN1,8678
18800,PSME3,10197
18801,AOC2,314
18802,AOC3,8639
18803,AOC4P,90586
18804,LINC00671,388387
18805,G6PC,2538
18806,AARSD1,80755
18807,PTGES3L-AARSD1,100885850
18808,PTGES3L,100885848
18809,RUNDC1,146923
18810,RPL27,6155
18811,IFI35,3430
18812,VAT1,10493
18813,RND2,8153
18814,BRCA1,672
18815,NBR2,10230
18816,LOC101929767,101929767
18817,NBR1,4077
18818,TMEM106A,113277
18819,LINC00854,100874261
18820,LINC00910,100130581
18821,ARL4D,379
18822,DHX8,1659
18823,ETV4,2118
18824,MEOX1,4222
18825,SOST,50964
18826,DUSP3,1845
18827,C17orf105,284067
18828,MPP3,4356
18829,CD300LG,146894
18830,MPP2,4355
18831,FAM215A,23591
18832,PPY,5539
18833,PYY,5697
18834,NAGS,162417
18835,TMEM101,84336
18836,LSM12,124801
18837,G6PC3,92579
18838,HDAC5,10014
18839,C17orf53,78995
18840,ASB16,92591
18841,ASB16-AS1,339201
18842,TMUB2,79089
18843,ATXN7L3,56970
18844,UBTF,7343
18845,SLC4A1,6521
18846,RUNDC3A-AS1,101926996
18847,RUNDC3A,10900
18848,SLC25A39,51629
18849,GRN,2896
18850,FAM171A2,284069
18851,ITGA2B,3674
18852,GPATCH8,23131
18853,FZD2,2535
18854,LINC01180,101927017
18855,MEIOC,284071
18856,CCDC43,124808
18857,DBF4B,80174
18858,ADAM11,4185
18859,GJC1,10052
18860,HIGD1B,51751
18861,EFTUD2,9343
18862,CCDC103,388389
18863,GFAP,2670
18864,KIF18B,146909
18865,C1QL1,10882
18866,DCAKD,79877
18867,NMT1,4836
18868,PLCD3,113026
18869,ACBD4,79777
18870,HEXIM1,10614
18871,HEXIM2,124790
18872,FMNL1,752
18873,MAP3K14-AS1,100133991
18874,SPATA32,124783
18875,MAP3K14,9020
18876,ARHGAP27,201176
18877,PLEKHM1,9842
18878,LRRC37A4P,55073
18879,CRHR1-IT1,147081
18880,CRHR1,1394
18881,MAPT-AS1,100128977
18882,SPPL2C,162540
18883,MAPT,4137
18884,MAPT-IT1,100130148
18885,STH,246744
18886,KANSL1,284058
18887,KANSL1-AS1,644246
18888,LRRC37A,9884
18889,ARL17B,100506084
18890,NSFP1,728806
18891,ARL17A,51326
18892,LRRC37A2,474170
18893,NSF,4905
18894,WNT3,7473
18895,WNT9B,7484
18896,GOSR2,9570
18897,RPRML,388394
18898,CDC27,996
18899,MYL4,4635
18900,ITGB3,3690
18901,THCAT158,102724508
18902,EFCAB13,124989
18903,MRPL45P2,653479
18904,NPEPPS,9520
18905,KPNB1,3837
18906,TBKBP1,9755
18907,TBX21,30009
18908,OSBPL7,114881
18909,MRPL10,124995
18910,LRRC46,90506
18911,SCRN2,90507
18912,SP6,80320
18913,SP2,6668
18914,LOC100506325,100506325
18915,PNPO,55163
18916,PRR15L,79170
18917,CDK5RAP3,80279
18918,COPZ2,51226
18919,NFE2L1,4779
18920,CBX1,10951
18921,SNX11,29916
18922,SKAP1,8631
18923,THRA1/BTR,105371807
18924,LOC101927166,101927166
18925,HOXB1,3211
18926,HOXB2,3212
18927,HOXB-AS1,100874362
18928,HOXB3,3213
18929,HOXB4,3214
18930,HOXB-AS3,404266
18931,HOXB5,3215
18932,HOXB6,3216
18933,HOXB7,3217
18934,HOXB8,3218
18935,HOXB9,3219
18936,PRAC1,84366
18937,PRAC2,360205
18938,HOXB13,10481
18939,TTLL6,284076
18940,CALCOCO2,10241
18941,ATP5G1,516
18942,UBE2Z,65264
18943,SNF8,11267
18944,GIP,2695
18945,IGF2BP1,10642
18946,B4GALNT2,124872
18947,GNGT2,2793
18948,ABI3,51225
18949,PHOSPHO1,162466
18950,FLJ40194,124871
18951,ZNF652,22834
18952,LOC102724596,102724596
18953,PHB,5245
18954,LOC101927207,101927207
18955,NGFR,4804
18956,LOC100288866,100288866
18957,NXPH3,11248
18958,SPOP,8405
18959,SLC35B1,10237
18960,FAM117A,81558
18961,KAT7,11143
18962,TAC4,255061
18963,FLJ45513,729220
18964,DLX4,1748
18965,DLX3,1747
18966,LOC284080,284080
18967,ITGA3,3675
18968,PDK2,5164
18969,SAMD14,201191
18970,PPP1R9B,84687
18971,SGCA,6442
18972,HILS1,373861
18973,COL1A1,1277
18974,LOC101927230,101927230
18975,TMEM92,162461
18976,TMEM92-AS1,103752589
18977,XYLT2,64132
18978,MRPL27,51264
18979,EME1,146956
18980,LRRC59,55379
18981,ACSF2,80221
18982,CHAD,1101
18983,RSAD1,55316
18984,MYCBPAP,84073
18985,EPN3,55040
18986,SPATA20,64847
18987,CACNA1G-AS1,253962
18988,CACNA1G,8913
18989,ABCC3,8714
18990,ANKRD40,91369
18991,LUC7L3,51747
18992,LINC00483,55018
18993,WFIKKN2,124857
18994,TOB1,10140
18995,TOB1-AS1,400604
18996,SPAG9,9043
18997,NME1-NME2,654364
18998,NME1,4830
18999,NME2,4831
19000,MBTD1,54799
19001,UTP18,51096
19002,LOC101927274,101927274
19003,FLJ42842,440446
19004,CA10,56934
19005,C17orf112,100506650
19006,KIF2B,84643
19007,TOM1L1,10040
19008,COX11,1353
19009,STXBP4,252983
19010,HLF,3131
19011,MMD,23531
19012,TMEM100,55273
19013,PCTP,58488
19014,ANKFN1,162282
19015,NOG,9241
19016,C17orf67,339210
19017,DGKE,8526
19018,MTVR2,246754
19019,TRIM25,7706
19020,COIL,8161
19021,SCPEP1,59342
19022,RNF126P1,376412
19023,AKAP1,8165
19024,MSI2,124540
19025,LOC101927557,101927557
19026,LOC101927539,101927539
19027,CCDC182,101927581
19028,MRPS23,51649
19029,CUEDC1,404093
19030,VEZF1,7716
19031,SRSF1,6426
19032,LOC101927666,101927666
19033,DYNLL2,140735
19034,OR4D1,26689
19035,MSX2P1,55545
19036,OR4D2,124538
19037,EPX,8288
19038,MKS1,54903
19039,LPO,4025
19040,MPO,4353
19041,BZRAP1,9256
19042,BZRAP1-AS1,100506779
19043,MIR142,406934
19044,SUPT4H1,6827
19045,RNF43,54894
19046,HSF5,124535
19047,MTMR4,9110
19048,SEPT4-AS1,101927688
19049,SEPT4,5414
19050,C17orf47,284083
19051,TEX14,56155
19052,RAD51C,5889
19053,PPM1E,22843
19054,TRIM37,4591
19055,SKA2,348235
19056,PRR11,55771
19057,SMG8,55181
19058,GDPD1,284161
19059,YPEL2,388403
19060,LINC01476,101927728
19061,DHX40,79665
19062,CLTC,1213
19063,PTRH2,51651
19064,VMP1,81671
19065,TUBD1,51174
19066,RPS6KB1,6198
19067,RNFT1,51136
19068,LOC101927755,101927755
19069,TBC1D3P1-DHX40P1,653645
19070,HEATR6,63897
19071,WFDC21P,645638
19072,LOC653653,653653
19073,CA4,762
19074,USP32,84669
19075,SCARNA20,677681
19076,C17orf64,124773
19077,APPBP2,10513
19078,PPM1D,8493
19079,BCAS3,54828
19080,TBX2-AS1,103689912
19081,TBX2,6909
19082,C17orf82,388407
19083,TBX4,9496
19084,NACA2,342538
19085,BRIP1,83990
19086,INTS2,57508
19087,MED13,9969
19088,TBC1D3P2,440452
19089,EFCAB3,146779
19090,METTL2A,339175
19091,TLK2,11011
19092,MRC2,9902
19093,MARCH10,162333
19094,TANC2,26115
19095,CYB561,1534
19096,ACE,1636
19097,KCNH6,81033
19098,DCAF7,10238
19099,TACO1,51204
19100,MAP3K3,4215
19101,LIMD2,80774
19102,LOC729683,729683
19103,STRADA,92335
19104,CCDC47,57003
19105,DDX42,11325
19106,FTSJ3,117246
19107,PSMC5,5705
19108,SMARCD2,6603
19109,TCAM1P,146771
19110,CSH2,1443
19111,GH2,2689
19112,CSH1,1442
19113,CSHL1,1444
19114,GH1,2688
19115,CD79B,974
19116,SCN4A,6329
19117,FLJ37448,400612
19118,PRR29,92340
19119,ICAM2,3384
19120,ERN1,2081
19121,LOC105376843,105376843
19122,SNORD104,692227
19123,SNORA50C,677842
19124,TEX2,55852
19125,PECAM1,5175
19126,MILR1,284021
19127,POLG2,11232
19128,DDX5,1655
19129,MIR5047,100616408
19130,CEP95,90799
19131,SMURF2,64750
19132,LOC146880,146880
19133,PLEKHM1P1,440456
19134,LRRC37A3,374819
19135,AMZ2P1,201283
19136,GNA13,10672
19137,LOC100507002,100507002
19138,RGS9,8787
19139,AXIN2,8313
19140,CEP112,201134
19141,APOH,350
19142,PRKCA,5578
19143,PRKCA-AS1,101928001
19144,CACNG5,27091
19145,CACNG4,27092
19146,CACNG1,786
19147,HELZ,9931
19148,PSMD12,5718
19149,PITPNC1,26207
19150,NOL11,25926
19151,SNORA38B,100124536
19152,BPTF,2186
19153,C17orf58,284018
19154,KPNA2,3838
19155,LINC00674,100499466
19156,LOC440461,440461
19157,AMZ2,51321
19158,ARSG,22901
19159,SLC16A6,9120
19160,PRKAR1A,5573
19161,WIPI1,55062
19162,FAM20A,54757
19163,LINC01482,101928104
19164,ABCA8,10351
19165,ABCA9,10350
19166,ABCA9-AS1,104355297
19167,ABCA6,23460
19168,ABCA10,10349
19169,PRO1804,100133319
19170,ABCA5,23461
19171,MAP2K6,5608
19172,LINC01483,101928122
19173,LINC01028,101928141
19174,KCNJ16,3773
19175,KCNJ2-AS1,400617
19176,KCNJ2,3759
19177,CASC17,101928165
19178,LOC102723505,102723505
19179,LINC01152,102606463
19180,LOC102723517,102723517
19181,FLJ37644,400618
19182,LOC101928205,101928205
19183,SOX9,6662
19184,LINC00673,100499467
19185,LINC00511,400619
19186,SLC39A11,201266
19187,SSTR2,6752
19188,COG1,9382
19189,FAM104A,84923
19190,C17orf80,55028
19191,CPSF4L,642843
19192,CDC42EP4,23580
19193,SDK2,54549
19194,LOC100134391,100134391
19195,LINC00469,283982
19196,LOC400620,400620
19197,RPL38,6169
19198,MGC16275,85001
19199,TTYH2,94015
19200,DNAI2,64446
19201,KIF19,124602
19202,BTBD17,388419
19203,GPR142,350383
19204,GPRC5C,55890
19205,CD300A,11314
19206,CD300LB,124599
19207,CD300C,10871
19208,CD300LD,100131439
19209,C17orf77,146723
19210,CD300E,342510
19211,RAB37,326624
19212,CD300LF,146722
19213,SLC9A3R1,9368
19214,NAT9,26151
19215,TMEM104,54868
19216,GRIN2C,2905
19217,FDXR,2232
19218,FADS6,283985
19219,USH1G,124590
19220,OTOP2,92736
19221,OTOP3,347741
19222,HID1,283987
19223,HID1-AS1,102723641
19224,CDR2L,30850
19225,ICT1,3396
19226,KCTD2,23510
19227,ATP5H,10476
19228,SLC16A5,9121
19229,ARMC7,79637
19230,NT5C,30833
19231,HN1,51155
19232,SUMO2,6613
19233,NUP85,79902
19234,GGA3,23163
19235,MRPS7,51081
19236,MIF4GD,57409
19237,LOC100287042,100287042
19238,SLC25A19,60386
19239,GRB2,2885
19240,TMEM94,9772
19241,CASKIN2,57513
19242,TSEN54,283989
19243,LLGL2,3993
19244,MYO15B,80022
19245,RECQL5,9400
19246,SMIM5,643008
19247,SMIM6,100130933
19248,SAP30BP,29115
19249,ITGB4,3691
19250,GALK1,2584
19251,H3F3B,3021
19252,UNK,85451
19253,UNC13D,201294
19254,WBP2,23558
19255,TRIM47,91107
19256,TRIM65,201292
19257,MRPL38,64978
19258,FBF1,85302
19259,ACOX1,51
19260,TEN1,100134934
19261,TEN1-CDK3,100529145
19262,CDK3,1018
19263,EVPL,2125
19264,SRP68,6730
19265,GALR2,8811
19266,ZACN,353174
19267,EXOC7,23265
19268,FOXJ1,2302
19269,RNF157-AS1,100507218
19270,RNF157,114804
19271,UBALD2,283991
19272,QRICH2,84074
19273,PRPSAP1,5635
19274,SPHK1,8877
19275,UBE2O,63893
19276,AANAT,15
19277,RHBDF2,79651
19278,CYGB,114757
19279,PRCD,768206
19280,SNHG16,100507246
19281,ST6GALNAC2,10610
19282,ST6GALNAC1,55808
19283,LOC105274304,105274304
19284,MXRA7,439921
19285,JMJD6,23210
19286,METTL23,124512
19287,SRSF2,6427
19288,MIR636,693221
19289,MFSD11,79157
19290,LOC101928514,101928514
19291,MGAT5B,146664
19292,SNHG20,654434
19293,SEC14L1,6397
19294,SCARNA16,677781
19295,SEPT9,10801
19296,LOC100507351,100507351
19297,LOC100132174,100132174
19298,FLJ45079,400624
19299,TNRC6C,57690
19300,TNRC6C-AS1,100131096
19301,TMC6,11322
19302,TMC8,147138
19303,C17orf99,100141515
19304,SYNGR2,9144
19305,TK1,7083
19306,AFMID,125061
19307,BIRC5,332
19308,TMEM235,283999
19309,LOC100996291,100996291
19310,SOCS3,9021
19311,LOC101928674,101928674
19312,PGS1,9489
19313,DNAH17,8632
19314,DNAH17-AS1,100996295
19315,LOC101928710,101928710
19316,CYTH1,9267
19317,USP36,57602
19318,TIMP2,7077
19319,CEP295NL,100653515
19320,LGALS3BP,3959
19321,CANT1,124583
19322,C1QTNF1-AS1,100507410
19323,C1QTNF1,114897
19324,ENGASE,64772
19325,RBFOX3,146713
19326,HP09025,100652929
19327,ENPP7,339221
19328,CBX2,84733
19329,CBX8,57332
19330,CBX4,8535
19331,LOC101928766,101928766
19332,LOC101928738,101928738
19333,TBC1D16,125058
19334,CCDC40,55036
19335,GAA,2548
19336,EIF4A3,9775
19337,CARD14,79092
19338,SGSH,6448
19339,SLC26A11,284129
19340,RNF213,57674
19341,LOC100294362,100294362
19342,ENDOV,284131
19343,NPTX1,4884
19344,RPTOR,57521
19345,LOC101928855,101928855
19346,CHMP6,79643
19347,BAIAP2-AS1,440465
19348,BAIAP2,10458
19349,AATK,9625
19350,AATK-AS1,388428
19351,CEP131,22994
19352,ENTHD2,146705
19353,C17orf89,284184
19354,SLC38A10,124565
19355,LINC00482,284185
19356,TMEM105,284186
19357,LOC100130370,100130370
19358,BAHCC1,57597
19359,ACTG1,71
19360,FSCN2,25794
19361,FAAP100,80233
19362,NPLOC4,55666
19363,TSPAN10,83882
19364,PDE6G,5148
19365,OXLD1,339229
19366,CCDC137,339230
19367,ARL16,339231
19368,HGS,9146
19369,MIR6786,102465471
19370,MRPL12,6182
19371,SLC25A10,1468
19372,GCGR,2642
19373,FAM195B,348262
19374,PPP1R27,116729
19375,P4HB,5034
19376,ARHGDIA,396
19377,ALYREF,10189
19378,ANAPC11,51529
19379,NPB,256933
19380,PCYT2,5833
19381,SIRT7,51547
19382,MAFG,4097
19383,MAFG-AS1,92659
19384,PYCR1,5831
19385,MYADML2,255275
19386,NOTUM,147111
19387,ASPSCR1,79058
19388,STRA13,201254
19389,LRRC45,201255
19390,RAC3,5881
19391,DCXR,51181
19392,RFNG,5986
19393,GPS1,2873
19394,DUS1L,64118
19395,FASN,2194
19396,CCDC57,284001
19397,SLC16A3,9123
19398,CSNK1D,1453
19399,CD7,924
19400,SECTM1,6398
19401,TEX19,400629
19402,UTS2R,2837
19403,OGFOD3,79701
19404,HEXDC,284004
19405,C17orf62,79415
19406,NARF,26502
19407,FOXK2,3607
19408,WDR45B,56270
19409,RAB40B,10966
19410,FN3KRP,79672
19411,FN3K,64122
19412,TBCD,6904
19413,ZNF750,79755
19414,B3GNTL1,146712
19415,METRNL,284207
19416,RPL23AP87,388574
19417,LOC102723376,102723376
19418,ROCK1P1,727758
19419,USP14,9097
19420,THOC1,9984
19421,COLEC12,81035
19422,CETN1,1068
19423,CLUL1,27098
19424,TYMSOS,494514
19425,TYMS,7298
19426,ENOSF1,55556
19427,YES1,7525
19428,ADCYAP1,116
19429,LINC00470,56651
19430,METTL4,64863
19431,NDC80,10403
19432,CBX3P2,645158
19433,SMCHD1,23347
19434,EMILIN2,84034
19435,LPIN2,9663
19436,LOC727896,727896
19437,MYOM1,8736
19438,MYL12A,10627
19439,LOC104968399,104968399
19440,MYL12B,103910
19441,TGIF1,7050
19442,LOC100505592,100505592
19443,DLGAP1,9229
19444,DLGAP1-AS1,649446
19445,DLGAP1-AS2,84777
19446,DLGAP1-AS3,201477
19447,DLGAP1-AS4,101410534
19448,DLGAP1-AS5,284215
19449,C18orf42,642597
19450,LINC00526,147525
19451,LINC00667,339290
19452,ZBTB14,7541
19453,EPB41L3,23136
19454,MIR3976HG,645355
19455,TMEM200C,645369
19456,L3MBTL4,91133
19457,L3MBTL4-AS1,101927150
19458,LINC01387,100130480
19459,ARHGAP28,79822
19460,LINC00668,400643
19461,LAMA1,284217
19462,LOC101927188,101927188
19463,LRRC30,339291
19464,PTPRM,5797
19465,LOC100192426,100192426
19466,RAB12,201475
19467,LOC100287082,100287082
19468,MTCL1,23255
19469,NDUFV2,4729
19470,NDUFV2-AS1,101927275
19471,ANKRD12,23253
19472,TWSG1,57045
19473,RALBP1,10928
19474,PPP4R1,9989
19475,PPP4R1-AS1,101927323
19476,RAB31,11031
19477,TXNDC2,84203
19478,VAPA,9218
19479,LINC01254,101927350
19480,APCDD1,147495
19481,NAPG,8774
19482,LOC101927410,101927410
19483,PIEZO2,63895
19484,LINC01255,101927433
19485,SLC35G4,646000
19486,GNAL,2774
19487,CHMP1B,57132
19488,MPPE1,65258
19489,IMPA2,3613
19490,ANKRD62,342850
19491,C18orf61,497259
19492,CIDEA,1149
19493,TUBB6,84617
19494,AFG3L2,10939
19495,PRELID3A,10650
19496,SPIRE1,56907
19497,PSMG2,56984
19498,CEP76,79959
19499,LOC100996324,100996324
19500,PTPN2,5771
19501,SEH1L,81929
19502,CEP192,55125
19503,LDLRAD4,753
19504,LDLRAD4-AS1,100288122
19505,FAM210A,125228
19506,RNMT,8731
19507,MC5R,4161
19508,MC2R,4158
19509,ZNF519,162655
19510,ANKRD20A5P,440482
19511,CYP4F35P,284233
19512,CXADRP3,440224
19513,POTEC,388468
19514,ANKRD30B,374860
19515,FLJ44255,400644
19516,LINC01444,101927642
19517,LOC644669,644669
19518,ROCK1,6093
19519,GREB1L,80000
19520,ESCO1,114799
19521,SNRPD1,6632
19522,ABHD3,171586
19523,MIB1,57534
19524,MIR133A1HG,102723167
19525,GATA6-AS1,100128893
19526,GATA6,2627
19527,CTAGE1,64693
19528,LOC101927571,101927571
19529,RBBP8,5932
19530,CABLES1,91768
19531,TMEM241,85019
19532,RIOK3,8780
19533,C18orf8,29919
19534,NPC1,4864
19535,ANKRD29,147463
19536,LAMA3,3909
19537,TTC39C,125488
19538,TTC39C-AS1,102724246
19539,CABYR,26256
19540,OSBPL1A,114876
19541,IMPACT,55364
19542,HRH4,59340
19543,LOC729950,729950
19544,ZNF521,25925
19545,SS18,6760
19546,PSMA8,143471
19547,TAF4B,6875
19548,LOC100506787,100506787
19549,KCTD1,284252
19550,PCAT18,728606
19551,AQP4,361
19552,AQP4-AS1,147429
19553,CHST9,83539
19554,CDH2,1000
19555,DSC3,1825
19556,DSC2,1824
19557,DSCAS,101927698
19558,DSC1,1823
19559,DSG1,1828
19560,DSG1-AS1,101927718
19561,DSG4,147409
19562,DSG3,1830
19563,DSG2,1829
19564,DSG2-AS1,100652770
19565,TTR,7276
19566,B4GALT6,9331
19567,SLC25A52,147407
19568,TRAPPC8,22878
19569,RNF125,54941
19570,RNF138,51444
19571,MEP1B,4225
19572,GAREM1,64762
19573,WBP11P1,441818
19574,KLHL14,57565
19575,CCDC178,374864
19576,ASXL3,80816
19577,NOL4,8715
19578,DTNA,1837
19579,MAPRE2,10982
19580,ZNF397,84307
19581,ZSCAN30,100101467
19582,ZNF271P,10778
19583,ZNF24,7572
19584,ZNF396,252884
19585,INO80C,125476
19586,GALNT1,2589
19587,C18orf21,83608
19588,RPRD1A,55197
19589,SLC39A6,25800
19590,ELP2,55250
19591,MOCOS,55034
19592,FHOD3,80206
19593,TPGS2,25941
19594,KIAA1328,57536
19595,CELF4,56853
19596,MIR924HG,647946
19597,LINC01477,101927900
19598,KC6,641516
19599,PIK3C3,5289
19600,LINC00907,284260
19601,RIT2,6014
19602,SYT4,6860
19603,LINC01478,101927921
19604,LINC01601,105667213
19605,SETBP1,26040
19606,SLC14A2,8170
19607,SLC14A2-AS1,101927980
19608,SLC14A1,6563
19609,SIGLEC15,284266
19610,EPG5,57724
19611,PSTPIP2,9050
19612,ATP5A1,498
19613,HAUS1,115106
19614,C18orf25,147339
19615,RNF165,494470
19616,LOXHD1,125336
19617,ST8SIA5,29906
19618,PIAS2,9063
19619,KATNAL2,83473
19620,TCEB3CL2,100506888
19621,TCEB3C,162699
19622,TCEB3B,51224
19623,HDHD2,84064
19624,IER3IP1,51124
19625,SKOR2,652991
19626,SMAD2,4087
19627,ZBTB7C,201501
19628,CTIF,9811
19629,SMAD7,4092
19630,DYM,54808
19631,C18orf32,497661
19632,RPL17-C18orf32,100526842
19633,RPL17,6139
19634,LIPG,9388
19635,ACAA2,10449
19636,SCARNA17,677769
19637,SNHG22,103091864
19638,MYO5B,4645
19639,CFAP53,220136
19640,MBD1,4152
19641,CXXC1,30827
19642,SKA1,220134
19643,MAPK4,5596
19644,MRO,83876
19645,ME2,4200
19646,ELAC1,55520
19647,SMAD4,4089
19648,MEX3C,51320
19649,LOC100287225,100287225
19650,DCC,1630
19651,LOC101928167,101928167
19652,MBD2,8932
19653,SNORA37,677819
19654,POLI,11201
19655,STARD6,147323
19656,C18orf54,162681
19657,DYNAP,284254
19658,RAB27B,5874
19659,CCDC68,80323
19660,LOC101927229,101927229
19661,TCF4,6925
19662,LINC01416,101927273
19663,LINC01539,100505474
19664,TXNL1,9352
19665,WDR7,23335
19666,LINC-ROR,100885779
19667,BOD1L2,284257
19668,ST8SIA3,51046
19669,ONECUT2,9480
19670,FECH,2235
19671,NARS,4677
19672,LOC100505549,100505549
19673,ATP8B1,5205
19674,NEDD4L,23327
19675,ALPK2,115701
19676,LOC101927322,101927322
19677,MALT1,10892
19678,ZNF532,55205
19679,SEC11C,90701
19680,GRP,2922
19681,RAX,30062
19682,CPLX4,339302
19683,LMAN1,3998
19684,CCBE1,147372
19685,PMAIP1,5366
19686,MC4R,4160
19687,CDH20,28316
19688,LINC01544,100996669
19689,RNF152,220441
19690,PIGN,23556
19691,KIAA1468,57614
19692,TNFRSF11A,8792
19693,ZCCHC2,54877
19694,PHLPP1,23239
19695,BCL2,596
19696,KDSR,2531
19697,VPS4B,9525
19698,SERPINB5,5268
19699,SERPINB12,89777
19700,SERPINB13,5275
19701,SERPINB4,6318
19702,SERPINB3,6317
19703,SERPINB11,89778
19704,SERPINB7,8710
19705,SERPINB2,5055
19706,SERPINB10,5273
19707,HMSD,284293
19708,SERPINB8,5271
19709,LINC00305,221241
19710,LOC284294,284294
19711,LINC01538,400654
19712,CDH7,1005
19713,CDH19,28513
19714,DSEL,92126
19715,LOC643542,643542
19716,TMX3,54495
19717,CCDC102B,79839
19718,DOK6,220164
19719,CD226,10666
19720,RTTN,25914
19721,SOCS6,9306
19722,LOC101927481,101927481
19723,LOC101060542,101060542
19724,GTSCR1,220158
19725,LINC01541,100505776
19726,LOC102724913,102724913
19727,CBLN2,147381
19728,NETO1,81832
19729,LOC400655,400655
19730,LOC100505817,100505817
19731,FBXO15,201456
19732,TIMM21,29090
19733,CYB5A,1528
19734,C18orf63,644041
19735,LOC101927606,101927606
19736,FAM69C,125704
19737,CNDP2,55748
19738,CNDP1,84735
19739,LINC00909,400657
19740,ZNF407,55628
19741,ZADH2,284273
19742,TSHZ1,10194
19743,SMIM21,284274
19744,LOC339298,339298
19745,ZNF516,9658
19746,C18orf65,400658
19747,LINC00908,284276
19748,LINC00683,400660
19749,LOC101927651,101927651
19750,FLJ44881,400661
19751,LOC100131655,100131655
19752,ZNF236,7776
19753,MBP,4155
19754,GALR1,2587
19755,LINC01029,101927715
19756,SALL3,27164
19757,ATP9B,374868
19758,NFATC1,4772
19759,CTDP1,9150
19760,KCNG2,26251
19761,PQLC1,80148
19762,HSBP1L1,440498
19763,TXNL4A,10907
19764,RBFA,79863
19765,RBFADN,100506070
19766,ADNP2,22850
19767,PARD6G-AS1,100130522
19768,PARD6G,84552
19769,KIR2DL2,3803
19770,WASH5P,375690
19771,KIR3DS1,3813
19772,KIR2DL5A,57292
19773,KIR2DS5,3810
19774,OR4F17,81099
19775,LINC01002,399844
19776,PLPP2,8612
19777,MIER2,54531
19778,THEG,51298
19779,C2CD4C,126567
19780,SHC2,25759
19781,ODF3L2,284451
19782,MADCAM1,8174
19783,TPGS1,91978
19784,CDC34,997
19785,GZMM,3004
19786,BSG,682
19787,HCN2,610
19788,POLRMT,5442
19789,FGF22,27006
19790,RNF126,55658
19791,FSTL3,10272
19792,PRSS57,400668
19793,PALM,5064
19794,MISP,126353
19795,PTBP1,5725
19796,PLPPR3,79948
19797,AZU1,566
19798,PRTN3,5657
19799,ELANE,1991
19800,CFD,1675
19801,MED16,10025
19802,R3HDM4,91300
19803,KISS1R,84634
19804,ARID3A,1820
19805,WDR18,57418
19806,GRIN3B,116444
19807,TMEM259,91304
19808,RNU6-2,26826
19809,CNN2,1265
19810,ABCA7,10347
19811,HMHA1,23526
19812,POLR2E,5434
19813,GPX4,2879
19814,SBNO2,22904
19815,STK11,6794
19816,CBARP,255057
19817,ATP5D,513
19818,MIDN,90007
19819,CIRBP-AS1,148046
19820,CIRBP,1153
19821,C19orf24,55009
19822,EFNA2,1943
19823,MUM1,84939
19824,NDUFS7,374291
19825,GAMT,2593
19826,DAZAP1,26528
19827,RPS15,6209
19828,APC2,10297
19829,C19orf25,148223
19830,PCSK4,54760
19831,REEP6,92840
19832,ADAMTSL5,339366
19833,PLK5,126520
19834,MEX3D,399664
19835,MBD3,53615
19836,UQCR11,10975
19837,TCF3,6929
19838,ONECUT3,390874
19839,ATP8B3,148229
19840,REXO1,57455
19841,LOC100288123,100288123
19842,KLF16,83855
19843,ABHD17A,81926
19844,ADAT3,113179
19845,SCAMP4,113178
19846,CSNK1G2,1455
19847,CSNK1G2-AS1,255193
19848,BTBD2,55643
19849,MKNK2,2872
19850,MOB3A,126308
19851,IZUMO4,113177
19852,AP3D1,8943
19853,DOT1L,84444
19854,PLEKHJ1,55111
19855,SF3A2,8175
19856,AMH,268
19857,JSRP1,126306
19858,OAZ1,4946
19859,C19orf35,374872
19860,LINGO3,645191
19861,LSM7,51690
19862,SPPL2B,56928
19863,TMPRSS9,360200
19864,TIMM13,26517
19865,LMNB2,84823
19866,GADD45B,4616
19867,GNG7,2788
19868,DIRAS1,148252
19869,SLC39A3,29985
19870,SGTA,6449
19871,THOP1,7064
19872,ZNF554,115196
19873,ZNF555,148254
19874,ZNF556,80032
19875,ZNF57,126295
19876,ZNF77,58492
19877,TLE6,79816
19878,TLE2,7089
19879,AES,166
19880,GNA11,2767
19881,GNA15,2769
19882,LOC100996351,100996351
19883,S1PR4,8698
19884,NCLN,56926
19885,CELF5,60680
19886,NFIC,4782
19887,SMIM24,284422
19888,DOHH,83475
19889,FZR1,51343
19890,C19orf71,100128569
19891,MFSD12,126321
19892,HMG20B,10362
19893,GIPC3,126326
19894,TBXA2R,6915
19895,CACTIN-AS1,404665
19896,CACTIN,58509
19897,PIP5K1C,23396
19898,TJP3,27134
19899,APBA3,9546
19900,MRPL54,116541
19901,RAX2,84839
19902,MATK,4145
19903,ZFR2,23217
19904,ATCAY,85300
19905,NMRK2,27231
19906,DAPK3,1613
19907,EEF2,1938
19908,PIAS4,51588
19909,ZBTB7A,51341
19910,MAP2K2,5605
19911,CREB3L3,84699
19912,SIRT6,51548
19913,ANKRD24,170961
19914,EBI3,10148
19915,CCDC94,55702
19916,SHD,56961
19917,TMIGD2,126259
19918,FSD1,79187
19919,STAP2,55620
19920,MPND,84954
19921,SH3GL1,6455
19922,CHAF1A,10036
19923,UBXN6,80700
19924,HDGFRP2,84717
19925,PLIN4,729359
19926,PLIN5,440503
19927,LRG1,116844
19928,SEMA6B,10501
19929,TNFAIP8L1,126282
19930,MYDGF,56005
19931,DPP9,91039
19932,DPP9-AS1,100131094
19933,MIR7-3HG,284424
19934,FEM1A,55527
19935,TICAM1,148022
19936,PLIN3,10226
19937,ARRDC5,645432
19938,UHRF1,29128
19939,KDM4B,23030
19940,PTPRS,5802
19941,ZNRF4,148066
19942,TINCR,257000
19943,SAFB2,9667
19944,SAFB,6294
19945,C19orf70,125988
19946,HSD11B1L,374875
19947,RPL36,25873
19948,LONP1,9361
19949,CATSPERD,257062
19950,PRR22,163154
19951,DUS3L,56931
19952,NRTN,4902
19953,FUT6,2528
19954,FUT3,2525
19955,LOC101928844,101928844
19956,FUT5,2527
19957,NDUFA11,126328
19958,VMAC,400673
19959,CAPS,828
19960,RANBP3,8498
19961,LOC100128568,100128568
19962,RFX2,5990
19963,ACSBG2,81616
19964,MLLT1,4298
19965,ACER1,125981
19966,CLPP,8192
19967,ALKBH7,84266
19968,PSPN,5623
19969,GTF2F1,2962
19970,KHSRP,8570
19971,SLC25A41,284427
19972,SLC25A23,79085
19973,CRB3,92359
19974,DENND1C,79958
19975,TUBB4A,10382
19976,TNFSF9,8744
19977,CD70,970
19978,TNFSF14,8740
19979,C3,718
19980,GPR108,56927
19981,TRIP10,9322
19982,SH2D3A,10045
19983,VAV1,7409
19984,ADGRE1,2015
19985,ADGRE4P,326342
19986,FLJ25758,497049
19987,MBD3L5,284428
19988,MBD3L4,653656
19989,MBD3L2,125997
19990,MBD3L3,653657
19991,ZNF557,79230
19992,INSR,3643
19993,ARHGEF18,23370
19994,LOC100128573,100128573
19995,PEX11G,92960
19996,C19orf45,374877
19997,ZNF358,140467
19998,MCOLN1,57192
19999,PNPLA6,10908
20000,CAMSAP3,57662
20001,XAB2,56949
20002,PET100,100131801
20003,PCP2,126006
20004,STXBP2,6813
20005,RETN,56729
20006,MCEMP1,199675
20007,TRAPPC5,126003
20008,FCER2,2208
20009,CLEC4G,339390
20010,CD209,30835
20011,CLEC4M,10332
20012,CLEC4GP1,440508
20013,EVI5L,115704
20014,PRR36,80164
20015,LYPLA2P2,388499
20016,LRRC8E,80131
20017,MAP2K7,5609
20018,TGFBR3L,100507588
20019,SNAPC2,6618
20020,CTXN1,404217
20021,TIMM44,10469
20022,ELAVL1,1994
20023,CCL25,6370
20024,FBN3,84467
20025,CERS4,79603
20026,CD320,51293
20027,NDUFA7,4701
20028,RPS28,6234
20029,KANK3,256949
20030,ANGPTL4,51129
20031,RAB11B-AS1,100507567
20032,RAB11B,9230
20033,MARCH2,51257
20034,HNRNPM,4670
20035,PRAM1,84106
20036,ZNF414,84330
20037,MYO1F,4542
20038,ADAMTS10,81794
20039,ACTL9,284382
20040,OR2Z1,284383
20041,ZNF558,148156
20042,MBD3L1,85509
20043,MUC16,94025
20044,OR1M1,125963
20045,OR7G2,390882
20046,OR7G1,125962
20047,OR7G3,390883
20048,ZNF317,57693
20049,OR7D2,162998
20050,OR7D4,125958
20051,OR7E24,26648
20052,ZNF699,374879
20053,ZNF559,84527
20054,ZNF559-ZNF177,100529215
20055,ZNF177,7730
20056,ZNF266,10781
20057,ZNF560,147741
20058,ZNF426,79088
20059,ZNF121,7675
20060,ZNF561,93134
20061,ZNF561-AS1,284385
20062,ZNF562,54811
20063,ZNF812,729648
20064,ZNF846,162993
20065,FBXL12,54850
20066,UBL5,59286
20067,PIN1,5300
20068,OLFM2,93145
20069,COL5A3,50509
20070,RDH8,50700
20071,C3P1,388503
20072,C19orf66,55337
20073,ANGPTL6,83854
20074,PPAN,56342
20075,PPAN-P2RY11,692312
20076,P2RY11,5032
20077,EIF3G,8666
20078,DNMT1,1786
20079,S1PR2,9294
20080,MRPL4,51073
20081,ICAM1,3383
20082,ICAM4,3386
20083,ICAM5,7087
20084,ZGLP1,100125288
20085,FDX1L,112812
20086,RAVER1,125950
20087,ICAM3,3385
20088,TYK2,7297
20089,CDC37,11140
20090,PDE4A,5141
20091,KEAP1,9817
20092,S1PR5,53637
20093,ATG4D,84971
20094,KRI1,65095
20095,CDKN2D,1032
20096,AP1M2,10053
20097,SLC44A2,57153
20098,ILF3-AS1,147727
20099,ILF3,3609
20100,QTRT1,81890
20101,DNM2,1785
20102,TMED1,11018
20103,C19orf38,255809
20104,CARM1,10498
20105,YIPF2,78992
20106,C19orf52,90580
20107,SMARCA4,6597
20108,LDLR,3949
20109,SPC24,147841
20110,KANK2,25959
20111,DOCK6,57572
20112,ANGPTL8,55908
20113,TSPAN16,26526
20114,RAB3D,9545
20115,TMEM205,374882
20116,CCDC159,126075
20117,PLPPR2,64748
20118,SWSAP1,126074
20119,EPOR,2057
20120,RGL3,57139
20121,CCDC151,115948
20122,PRKCSH,5589
20123,ELAVL3,1995
20124,ZNF653,115950
20125,ECSIT,51295
20126,CNN1,1264
20127,ELOF1,84337
20128,ACP5,54
20129,ZNF627,199692
20130,ZNF833P,401898
20131,ZNF823,55552
20132,ZNF441,126068
20133,ZNF491,126069
20134,ZNF440,126070
20135,ZNF439,90594
20136,ZNF69,7620
20137,ZNF700,90592
20138,ZNF763,284390
20139,ZNF433,163059
20140,ZNF878,729747
20141,ZNF844,284391
20142,ZNF788,388507
20143,ZNF20,7568
20144,ZNF625-ZNF20,100529855
20145,ZNF625,90589
20146,ZNF136,7695
20147,LOC100289333,100289333
20148,ZNF44,51710
20149,ZNF563,147837
20150,ZNF442,79973
20151,ZNF799,90576
20152,ZNF443,10224
20153,ZNF709,163051
20154,ZNF564,163050
20155,ZNF490,57474
20156,ZNF791,163049
20157,MAN2B1,4125
20158,WDR83,84292
20159,WDR83OS,51398
20160,DHPS,1725
20161,FBXW9,84261
20162,TNPO2,30000
20163,C19orf43,79002
20164,ASNA1,439
20165,BEST2,54831
20166,HOOK2,29911
20167,JUNB,3726
20168,PRDX2,7001
20169,RNASEH2A,10535
20170,RTBDN,83546
20171,MAST1,22983
20172,DNASE2,1777
20173,KLF1,10661
20174,GCDH,2639
20175,SYCE2,256126
20176,FARSA,2193
20177,CALR,811
20178,RAD23A,5886
20179,GADD45GIP1,90480
20180,DAND5,199699
20181,NFIX,4784
20182,LYL1,4066
20183,TRMT1,55621
20184,NACC1,112939
20185,STX10,8677
20186,IER2,9592
20187,CACNA1A,773
20188,CCDC130,81576
20189,MRI1,84245
20190,C19orf53,28974
20191,ZSWIM4,65249
20192,LOC284454,284454
20193,MIR181D,574457
20194,NANOS3,342977
20195,C19orf57,79173
20196,CC2D1A,54862
20197,PODNL1,79883
20198,DCAF15,90379
20199,RFX1,5989
20200,RLN3,117579
20201,IL27RA,9466
20202,PALM3,342979
20203,LOC113230,113230
20204,MIR1199,102466515
20205,C19orf67,646457
20206,SAMD1,90378
20207,PRKACA,5566
20208,ASF1B,55723
20209,LOC100507373,100507373
20210,ADGRL1,22859
20211,ADGRE5,976
20212,DDX39A,10212
20213,PKN1,5585
20214,PTGER1,5731
20215,GIPC1,10755
20216,DNAJB1,3337
20217,TECR,9524
20218,NDUFB7,4713
20219,CLEC17A,388512
20220,ADGRE3,84658
20221,ZNF333,84449
20222,ADGRE2,30817
20223,OR7C1,26664
20224,OR7A5,26659
20225,OR7A10,390892
20226,OR7A17,26333
20227,OR7C2,26658
20228,SLC1A6,6511
20229,CCDC105,126402
20230,CASP14,23581
20231,OR1I1,126370
20232,SYDE1,85360
20233,ILVBL,10994
20234,NOTCH3,4854
20235,EPHX3,79852
20236,BRD4,23476
20237,AKAP8,10270
20238,AKAP8L,26993
20239,WIZ,58525
20240,RASAL3,64926
20241,PGLYRP2,114770
20242,CYP4F22,126410
20243,CYP4F8,11283
20244,CYP4F3,4051
20245,CYP4F12,66002
20246,OR10H2,26538
20247,OR10H3,26532
20248,CYP4F24P,388514
20249,OR10H5,284433
20250,OR10H1,26539
20251,UCA1,652995
20252,CYP4F2,8529
20253,CYP4F11,57834
20254,OR10H4,126541
20255,LINC00661,126536
20256,LINC00905,148231
20257,TPM4,7171
20258,RAB8A,4218
20259,HSH2D,84941
20260,CIB3,117286
20261,FAM32A,26017
20262,AP1M1,8907
20263,KLF2,10365
20264,EPS15L1,58513
20265,CALR3,125972
20266,C19orf44,84167
20267,CHERP,10523
20268,SLC35E1,79939
20269,MED26,9441
20270,SMIM7,79086
20271,TMEM38A,79041
20272,NWD1,284434
20273,SIN3B,23309
20274,F2RL3,9002
20275,CPAMD8,27151
20276,HAUS8,93323
20277,MYO9B,4650
20278,USE1,55850
20279,OCEL1,79629
20280,NR2F6,2063
20281,USHBP1,83878
20282,BABAM1,29086
20283,ANKLE1,126549
20284,ABHD8,79575
20285,MRPL34,64981
20286,DDA1,79016
20287,ANO8,57719
20288,GTPBP3,84705
20289,PLVAP,83483
20290,BST2,684
20291,BISPR,105221694
20292,MVB12A,93343
20293,TMEM221,100130519
20294,NXNL1,115861
20295,SLC27A1,376497
20296,PGLS,25796
20297,FAM129C,199786
20298,COLGALT1,79709
20299,UNC13A,23025
20300,MAP1S,55201
20301,FCHO1,23149
20302,B3GNT3,10331
20303,INSL3,3640
20304,JAK3,3718
20305,RPL18A,6142
20306,SNORA68,26780
20307,SLC5A5,6528
20308,CCDC124,115098
20309,KCNN1,3780
20310,ARRDC2,27106
20311,IL12RB1,3594
20312,MAST3,23031
20313,PIK3R2,5296
20314,IFI30,10437
20315,MPV17L2,84769
20316,RAB3A,5864
20317,PDE4C,5143
20318,LOC729966,729966
20319,KIAA1683,80726
20320,JUND,3727
20321,LSM4,25804
20322,PGPEP1,54858
20323,GDF15,9518
20324,LRRC25,126364
20325,SSBP4,170463
20326,ISYNA1,51477
20327,ELL,8178
20328,FKBP8,23770
20329,KXD1,79036
20330,UBA52,7311
20331,C19orf60,55049
20332,CRLF1,9244
20333,TMEM59L,25789
20334,KLHL26,55295
20335,CRTC1,23373
20336,COMP,1311
20337,UPF1,5976
20338,CERS1,10715
20339,COPE,11316
20340,DDX49,54555
20341,HOMER3,9454
20342,SUGP2,10147
20343,ARMC6,93436
20344,SLC25A42,284439
20345,TMEM161A,54929
20346,MEF2B,100271849
20347,MEF2BNB-MEF2B,4207
20348,BORCS8,729991
20349,RFXANK,8625
20350,NR2C2AP,126382
20351,NCAN,1463
20352,HAPLN4,404037
20353,TM6SF2,53345
20354,SUGP1,57794
20355,MAU2,23383
20356,GATAD2A,54815
20357,TSSK6,83983
20358,NDUFA13,51079
20359,YJEFN3,374887
20360,CILP2,148113
20361,PBX4,80714
20362,LPAR2,9170
20363,GMIP,51291
20364,ATP13A1,57130
20365,ZNF101,94039
20366,ZNF14,7561
20367,LINC00663,284440
20368,ZNF506,440515
20369,ZNF253,56242
20370,ZNF93,81931
20371,ZNF682,91120
20372,ZNF90,7643
20373,ZNF486,90649
20374,ZNF826P,664701
20375,ZNF737,100129842
20376,ZNF626,199777
20377,ZNF85,7639
20378,ZNF430,80264
20379,ZNF714,148206
20380,ZNF431,170959
20381,ZNF708,7562
20382,ZNF738,148203
20383,ZNF493,284443
20384,LINC00664,400680
20385,ZNF429,353088
20386,ZNF100,163227
20387,LOC641367,641367
20388,ZNF43,7594
20389,ZNF208,7757
20390,ZNF257,113835
20391,ZNF676,163223
20392,ZNF729,100287226
20393,ZNF98,148198
20394,LOC101929124,101929124
20395,LOC100128139,100128139
20396,GOLGA2P9,440518
20397,LOC100996349,100996349
20398,ZNF492,57615
20399,ZNF99,7652
20400,ZNF728,388523
20401,LOC101929164,101929164
20402,LOC101929144,101929144
20403,ZNF730,100129543
20404,ZNF724P,440519
20405,LOC100132815,100132815
20406,ZNF91,7644
20407,LINC01224,104472717
20408,ZNF675,171392
20409,ZNF681,148213
20410,RPSAP58,388524
20411,ZNF726,730087
20412,ZNF254,9534
20413,HAVCR1P1,100101266
20414,LINC00662,148189
20415,LOC101927151,101927151
20416,LOC100420587,100420587
20417,LINC00906,148145
20418,LOC102724958,102724958
20419,LINC01532,100505835
20420,UQCRFS1,7386
20421,LOC284395,284395
20422,VSTM2B,342865
20423,POP4,10775
20424,PLEKHF1,79156
20425,C19orf12,83636
20426,CCNE1,898
20427,URI1,8725
20428,ZNF536,9745
20429,TSHZ3,57616
20430,THEG5,100507527
20431,LOC100996665,100996665
20432,LOC101927411,101927411
20433,ZNF507,22847
20434,LOC400684,400684
20435,DPY19L3,147991
20436,PDCD5,9141
20437,ANKRD27,84079
20438,RGS9BP,388531
20439,NUDT19,390916
20440,TDRD12,91646
20441,SLC7A9,11136
20442,CEP89,84902
20443,FAAP24,91442
20444,RHPN2,85415
20445,GPATCH1,55094
20446,WDR88,126248
20447,LRP3,4037
20448,SLC7A10,56301
20449,CEBPA,1050
20450,CEBPA-AS1,80054
20451,CEBPG,1054
20452,PEPD,5184
20453,CHST8,64377
20454,KCTD15,79047
20455,LSM14A,26065
20456,KIAA0355,9710
20457,GPI,2821
20458,PDCD2L,84306
20459,UBA2,10054
20460,WTIP,126374
20461,SCGB1B2P,643719
20462,SCGB2B2,284402
20463,ZNF302,55900
20464,ZNF181,339318
20465,ZNF599,148103
20466,LOC400685,400685
20467,ZNF30-AS1,102723513
20468,ZNF30,90075
20469,ZNF792,126375
20470,GRAMD1A,57655
20471,SCN1B,6324
20472,HPN,3249
20473,HPN-AS1,100128675
20474,FXYD3,5349
20475,LGI4,163175
20476,FXYD1,5348
20477,FXYD7,53822
20478,FXYD5,53827
20479,FAM187B,148109
20480,LSR,51599
20481,USF2,7392
20482,HAMP,57817
20483,MAG,4099
20484,CD22,933
20485,MIR5196,100847070
20486,FFAR1,2864
20487,FFAR3,2865
20488,LINC01531,100128682
20489,FFAR2,2867
20490,KRTDAP,388533
20491,DMKN,93099
20492,SBSN,374897
20493,GAPDHS,26330
20494,TMEM147-AS1,100506469
20495,TMEM147,10430
20496,ATP4A,495
20497,LOC102723617,102723617
20498,HAUS5,23354
20499,RBM42,79171
20500,ETV2,2116
20501,COX6B1,1340
20502,UPK1A,11045
20503,UPK1A-AS1,100862728
20504,ZBTB32,27033
20505,KMT2B,9757
20506,IGFLR1,79713
20507,U2AF1L4,199746
20508,PSENEN,55851
20509,LIN37,55957
20510,HSPB6,126393
20511,PROSER3,148137
20512,ARHGAP33,115703
20513,LOC644050,644050
20514,PRODH2,58510
20515,NPHS1,4868
20516,KIRREL2,84063
20517,APLP1,333
20518,NFKBID,84807
20519,HCST,10870
20520,TYROBP,7305
20521,LRFN3,79414
20522,SDHAF1,644096
20523,SYNE4,163183
20524,ALKBH6,84964
20525,LOC101927572,101927572
20526,CLIP3,25999
20527,THAP8,199745
20528,WDR62,284403
20529,OVOL3,728361
20530,POLR2I,5438
20531,TBCB,1155
20532,CAPNS1,826
20533,COX7A1,1346
20534,ZNF565,147929
20535,ZNF146,7705
20536,LOC100134317,100134317
20537,LINC00665,100506930
20538,ZFP14,57677
20539,ZFP82,284406
20540,LOC644189,644189
20541,ZNF566,84924
20542,LOC728752,728752
20543,ZNF260,339324
20544,ZNF529,57711
20545,ZNF529-AS1,101927599
20546,ZNF382,84911
20547,ZNF461,92283
20548,LINC01534,101927621
20549,ZNF567,163081
20550,ZNF850,342892
20551,LOC728485,728485
20552,ZNF790-AS1,284408
20553,ZNF790,388536
20554,ZNF345,25850
20555,ZNF829,374899
20556,ZNF568,374900
20557,ZNF420,147923
20558,ZNF585A,199704
20559,ZNF585B,92285
20560,ZNF383,163087
20561,LINC01535,101927667
20562,LOC284412,284412
20563,HKR1,284459
20564,ZNF527,84503
20565,ZNF569,148266
20566,ZNF570,148268
20567,ZNF793-AS1,101927720
20568,ZNF793,390927
20569,ZNF571-AS1,100507433
20570,ZNF540,163255
20571,ZNF571,51276
20572,ZFP30,22835
20573,ZNF781,163115
20574,ZNF607,84775
20575,ZNF573,126231
20576,LOC644554,644554
20577,LOC100631378,100631378
20578,WDR87,83889
20579,SIPA1L3,23094
20580,DPF1,8193
20581,PPP1R14A,94274
20582,SPINT2,10653
20583,YIF1B,90522
20584,C19orf33,64073
20585,KCNK6,9424
20586,CATSPERG,57828
20587,PSMD8,5714
20588,GGN,199720
20589,SPRED3,399473
20590,FAM98C,147965
20591,RASGRP4,115727
20592,RYR1,6261
20593,MAP4K1,11184
20594,EIF3K,27335
20595,ACTN4,81
20596,CAPN12,147968
20597,LGALS7,3963
20598,LGALS7B,653499
20599,LGALS4,3960
20600,ECH1,1891
20601,HNRNPL,3191
20602,RINL,126432
20603,SIRT2,22933
20604,NFKBIB,4793
20605,CCER2,643669
20606,SARS2,54938
20607,MRPS12,6183
20608,FBXO17,115290
20609,FBXO27,126433
20610,ACP7,390928
20611,PAK4,10298
20612,NCCRP1,342897
20613,SYCN,342898
20614,IFNL3,282617
20615,IFNL4,101180976
20616,IFNL2,282616
20617,IFNL1,282618
20618,LRFN1,57622
20619,GMFG,9535
20620,SAMD4B,55095
20621,PAF1,54623
20622,MED29,55588
20623,ZFP36,7538
20624,PLEKHG2,64857
20625,RPS16,6217
20626,SUPT5H,6829
20627,TIMM50,92609
20628,DLL3,10683
20629,SELV,348303
20630,EID2B,126272
20631,EID2,163126
20632,LGALS13,29124
20633,LOC100129935,100129935
20634,LGALS17A,400696
20635,LGALS14,56891
20636,CLC,1178
20637,LEUTX,342900
20638,DYRK1B,9149
20639,FBL,2091
20640,FCGBP,8857
20641,PSMC4,5704
20642,ZNF546,339327
20643,ZNF780B,163131
20644,ZNF780A,284323
20645,MAP3K10,4294
20646,TTC9B,148014
20647,CNTD2,79935
20648,AKT2,208
20649,MIR641,693226
20650,C19orf47,126526
20651,PLD3,23646
20652,HIPK4,147746
20653,PRX,57716
20654,SERTAD1,29950
20655,SERTAD3,29946
20656,BLVRB,645
20657,SPTBN4,57731
20658,SHKBP1,92799
20659,LTBP4,8425
20660,NUMBL,9253
20661,ADCK4,79934
20662,ITPKC,80271
20663,C19orf54,284325
20664,SNRPA,6626
20665,MIA,8190
20666,MIA-RAB4B,100529262
20667,RAB4B,53916
20668,RAB4B-EGLN2,100529264
20669,EGLN2,112398
20670,CYP2A6,1548
20671,CYP2A7,1549
20672,CYP2G1P,22952
20673,CYP2B7P,1556
20674,CYP2B6,1555
20675,CYP2A13,1553
20676,CYP2F1,1572
20677,CYP2S1,29785
20678,AXL,558
20679,HNRNPUL1,11100
20680,CCDC97,90324
20681,TGFB1,7040
20682,B9D2,80776
20683,TMEM91,641649
20684,EXOSC5,56915
20685,BCKDHA,593
20686,B3GNT8,374907
20687,ATP5SL,55101
20688,ERICH4,100170765
20689,PCAT19,100505495
20690,LINC01480,101927931
20691,CEACAM21,90273
20692,CEACAM4,1089
20693,CEACAM7,1087
20694,CEACAM5,1048
20695,CEACAM6,4680
20696,CEACAM3,1084
20697,LYPD4,147719
20698,DMRTC2,63946
20699,RPS19,6223
20700,CD79A,973
20701,ARHGEF1,9138
20702,RABAC1,10567
20703,ATP1A3,478
20704,GRIK5,2901
20705,ZNF574,64763
20706,POU2F2,5452
20707,LOC100505622,100505622
20708,DEDD2,162989
20709,ZNF526,116115
20710,GSK3A,2931
20711,ERF,2077
20712,CIC,23152
20713,PAFAH1B3,5050
20714,PRR19,284338
20715,TMEM145,284339
20716,MEGF8,1954
20717,CNFN,84518
20718,LOC101930071,101930071
20719,LIPE-AS1,100996307
20720,LIPE,3991
20721,CXCL17,284340
20722,CEACAM1,634
20723,CEACAM8,1088
20724,PSG3,5671
20725,PSG8,440533
20726,LOC100289650,100289650
20727,PSG10P,653492
20728,PSG1,5669
20729,PSG6,5675
20730,PSG7,5676
20731,PSG11,5680
20732,PSG2,5670
20733,PSG5,5673
20734,PSG4,5672
20735,LOC284344,284344
20736,PSG9,5678
20737,PRG1,23574
20738,CD177,57126
20739,TEX101,83639
20740,LYPD3,27076
20741,PHLDB3,653583
20742,ETHE1,23474
20743,ZNF575,284346
20744,XRCC1,7515
20745,PINLYP,390940
20746,IRGQ,126298
20747,ZNF576,79177
20748,ZNF428,126299
20749,SRRM5,100170229
20750,CADM4,199731
20751,PLAUR,5329
20752,IRGC,56269
20753,SMG9,56006
20754,KCNN4,3783
20755,LYPD5,284348
20756,ZNF283,284349
20757,ZNF404,342908
20758,LOC100505715,100505715
20759,ZNF45,7596
20760,ZNF221,7638
20761,ZNF155,7711
20762,LOC101928063,101928063
20763,ZNF230,7773
20764,ZNF222,7673
20765,ZNF223,7766
20766,ZNF284,342909
20767,ZNF224,7767
20768,LOC100379224,100379224
20769,ZNF225,7768
20770,ZNF234,10780
20771,ZNF226,7769
20772,ZNF227,7770
20773,ZNF233,353355
20774,ZNF235,9310
20775,ZNF112,7771
20776,ZNF285,26974
20777,ZNF229,7772
20778,ZNF180,7733
20779,CEACAM20,125931
20780,CEACAM22P,388550
20781,IGSF23,147710
20782,PVR,5817
20783,CEACAM19,56971
20784,CEACAM16,388551
20785,BCL3,602
20786,CBLC,23624
20787,BCAM,4059
20788,PVRL2,5819
20789,TOMM40,10452
20790,APOE,348
20791,APOC1,341
20792,APOC1P1,342
20793,APOC4,346
20794,APOC4-APOC2,100533990
20795,APOC2,344
20796,CLPTM1,1209
20797,RELB,5971
20798,CLASRP,11129
20799,ZNF296,162979
20800,GEMIN7,79760
20801,PPP1R37,284352
20802,NKPD1,284353
20803,TRAPPC6A,79090
20804,BLOC1S3,388552
20805,EXOC3L2,90332
20806,MARK4,57787
20807,CKM,1158
20808,KLC3,147700
20809,ERCC2,2068
20810,PPP1R13L,10848
20811,CD3EAP,10849
20812,ERCC1,2067
20813,FOSB,2354
20814,RTN2,6253
20815,PPM1N,147699
20816,VASP,7408
20817,OPA3,80207
20818,GPR4,2828
20819,EML2,24139
20820,MIR330,442902
20821,EML2-AS1,100287177
20822,GIPR,2696
20823,SNRPD2,6633
20824,QPCTL,54814
20825,FBXO46,23403
20826,BHMG1,388553
20827,SIX5,147912
20828,DMPK,1760
20829,DMWD,1762
20830,RSPH6A,81492
20831,SYMPK,8189
20832,FOXA3,3171
20833,IRF2BP1,26145
20834,MYPOP,339344
20835,NANOS2,339345
20836,NOVA2,4858
20837,CCDC61,729440
20838,PGLYRP1,8993
20839,IGFL4,444882
20840,LOC400706,400706
20841,IGFL3,388555
20842,IGFL2,147920
20843,DKFZp434J0226,93429
20844,IGFL1,374918
20845,HIF3A,64344
20846,PPP5C,5536
20847,CCDC8,83987
20848,PNMAL1,55228
20849,PPP5D1,100506012
20850,PNMAL2,57469
20851,CALM3,808
20852,PTGIR,5739
20853,GNG8,94235
20854,DACT3,147906
20855,DACT3-AS1,100506068
20856,PRKD2,25865
20857,STRN4,29888
20858,FKRP,79147
20859,SLC1A5,6510
20860,SNAR-E,100170220
20861,AP2S1,1175
20862,ARHGAP35,2909
20863,NPAS1,4861
20864,TMEM160,54958
20865,ZC3H4,23211
20866,SAE1,10055
20867,BBC3,27113
20868,CCDC9,26093
20869,INAFM1,255783
20870,C5AR1,728
20871,C5AR2,27202
20872,DHX34,9704
20873,MEIS3,56917
20874,SLC8A2,6543
20875,KPTN,11133
20876,NAPA-AS1,100505681
20877,NAPA,8775
20878,ZNF541,84215
20879,GLTSCR1,29998
20880,EHD2,30846
20881,GLTSCR2,29997
20882,SNORD23,692091
20883,SEPW1,6415
20884,TPRX1,284355
20885,CRX,1406
20886,SULT2A1,6822
20887,SNAR-C1,100170225
20888,SNAR-C4,100170219
20889,SNAR-C3,100170226
20890,BSPH1,100131137
20891,ELSPBP1,64100
20892,CABP5,56344
20893,PLA2G4C,8605
20894,LIG1,3978
20895,C19orf68,374920
20896,CARD8,22900
20897,CARD8-AS1,100505812
20898,ZNF114,163071
20899,CCDC114,93233
20900,EMP3,2014
20901,TMEM143,55260
20902,SYNGR4,23546
20903,KDELR1,10945
20904,GRIN2D,2906
20905,GRWD1,83743
20906,KCNJ14,3770
20907,CYTH2,9266
20908,LMTK3,114783
20909,SULT2B1,6820
20910,FAM83E,54854
20911,SPACA4,171169
20912,RPL18,6141
20913,SPHK2,56848
20914,DBP,1628
20915,CA11,770
20916,SEC1P,653677
20917,NTN5,126147
20918,FUT2,2524
20919,LOC105447645,105447645
20920,MAMSTR,284358
20921,RASIP1,54922
20922,IZUMO1,284359
20923,FUT1,2523
20924,FGF21,26291
20925,BCAT2,587
20926,HSD17B14,51171
20927,PLEKHA4,57664
20928,PPP1R15A,23645
20929,TULP2,7288
20930,NUCB1,4924
20931,NUCB1-AS1,100874085
20932,DHDH,27294
20933,BAX,581
20934,FTL,2512
20935,GYS1,2997
20936,RUVBL2,10856
20937,LHB,3972
20938,LOC101059948,101059948
20939,CGB,1082
20940,CGB2,114336
20941,CGB1,114335
20942,SNAR-G1,100126780
20943,CGB5,93659
20944,CGB8,94115
20945,CGB7,94027
20946,NTF4,4909
20947,KCNA7,3743
20948,SNRNP70,6625
20949,LIN7B,64130
20950,C19orf73,55150
20951,PPFIA3,8541
20952,HRC,3270
20953,TRPM4,54795
20954,SLC6A16,28968
20955,CD37,951
20956,TEAD2,8463
20957,DKKL1,27120
20958,LOC101928295,101928295
20959,CCDC155,147872
20960,PTH2,113091
20961,GFY,100507003
20962,SLC17A7,57030
20963,PIH1D1,55011
20964,ALDH16A1,126133
20965,FLT3LG,2323
20966,RPL13A,23521
20967,RPL13AP5,728658
20968,SNORD32A,26819
20969,RPS11,6205
20970,FCGRT,2217
20971,RCN3,57333
20972,NOSIP,51070
20973,PRRG2,5639
20974,PRR12,57479
20975,RRAS,6237
20976,SCAF1,58506
20977,IRF3,3661
20978,BCL2L12,83596
20979,PRMT1,3276
20980,ADM5,199800
20981,CPT1C,126129
20982,TSKS,60385
20983,AP2A1,160
20984,FUZ,80199
20985,MED25,81857
20986,PTOV1-AS1,100506033
20987,PTOV1,53635
20988,PTOV1-AS2,101928378
20989,PNKP,11284
20990,AKT1S1,84335
20991,TBC1D17,79735
20992,IL4I1,259307
20993,NUP62,23636
20994,ATF5,22809
20995,SIGLEC11,114132
20996,SIGLEC16,400709
20997,VRK3,51231
20998,ZNF473,25888
20999,FLJ26850,400710
21000,SNAR-B1,100170224
21001,SNAR-D,100170227
21002,IZUMO2,126123
21003,MYH14,79784
21004,KCNC3,3748
21005,NAPSB,256236
21006,NAPSA,9476
21007,NR1H2,7376
21008,POLD1,5424
21009,SPIB,6689
21010,MYBPC2,4606
21011,FAM71E1,112703
21012,EMC10,284361
21013,JOSD2,126119
21014,ASPDH,554235
21015,LRRC4B,94030
21016,SNAR-F,100126781
21017,SYT3,84258
21018,C19orf81,342918
21019,SHANK1,50944
21020,CLEC11A,6320
21021,GPR32,2854
21022,ACPT,93650
21023,C19orf48,84798
21024,SNORD88B,692203
21025,MGC45922,284365
21026,KLK1,3816
21027,KLK15,55554
21028,LOC105372441,105372441
21029,KLK3,354
21030,KLK2,3817
21031,KLKP1,606293
21032,KLK4,9622
21033,KLK5,25818
21034,KLK6,5653
21035,KLK7,5650
21036,KLK8,11202
21037,KLK9,284366
21038,KLK10,5655
21039,KLK11,11012
21040,KLK12,43849
21041,KLK13,26085
21042,KLK14,43847
21043,CTU1,90353
21044,SIGLEC9,27180
21045,SIGLEC7,27036
21046,LOC101928517,101928517
21047,SIGLEC17P,284367
21048,CD33,945
21049,SIGLECL1,284369
21050,IGLON5,402665
21051,VSIG10L,147645
21052,ETFB,2109
21053,CLDND2,125875
21054,NKG7,4818
21055,LIM2,3982
21056,C19orf84,147646
21057,SIGLEC10,89790
21058,LOC100129083,100129083
21059,SIGLEC8,27181
21060,CEACAM18,729767
21061,SIGLEC12,89858
21062,SIGLEC6,946
21063,ZNF175,7728
21064,LINC01530,729975
21065,SIGLEC5,8778
21066,SIGLEC14,100049587
21067,SPACA6P-AS,102238594
21068,SPACA6,147650
21069,HAS1,3036
21070,FPR1,2357
21071,FPR2,2358
21072,FPR3,2359
21073,ZNF577,84765
21074,ZNF649-AS1,101928571
21075,ZNF649,65251
21076,ZNF613,79898
21077,HCCAT3,101669766
21078,ZNF350,59348
21079,ZNF615,284370
21080,ZNF614,80110
21081,ZNF432,9668
21082,ZNF841,284371
21083,ZNF616,90317
21084,ZNF836,162962
21085,PPP2R1A,5518
21086,ZNF766,90321
21087,ZNF480,147657
21088,ZNF610,162963
21089,ZNF880,400713
21090,ZNF528-AS1,102724105
21091,ZNF528,84436
21092,ZNF534,147658
21093,ZNF578,147660
21094,ZNF808,388558
21095,ZNF701,55762
21096,ZNF137P,7696
21097,ZNF83,55769
21098,ZNF611,81856
21099,ZNF600,162966
21100,ZNF28,7576
21101,ZNF468,90333
21102,ZNF320,162967
21103,ZNF888,388559
21104,ZNF321P,399669
21105,ZNF816-ZNF321P,100529240
21106,ZNF816,125893
21107,ZNF702P,79986
21108,ERVV-1,147664
21109,ERVV-2,100271846
21110,ZNF160,90338
21111,ZNF415,55786
21112,ZNF347,84671
21113,ZNF665,79788
21114,ZNF818P,390963
21115,ZNF677,342926
21116,VN1R2,317701
21117,VN1R4,317703
21118,FAM90A27P,646508
21119,BIRC8,112401
21120,ZNF845,91664
21121,ZNF525,170958
21122,ZNF765,91661
21123,TPM3P9,147804
21124,ZNF761,388561
21125,ZNF813,126017
21126,ZNF331,55422
21127,LOC284379,284379
21128,DPRX,503834
21129,NLRP12,91662
21130,MYADM,91663
21131,PRKCG,5582
21132,CACNG7,59284
21133,CACNG8,59283
21134,CACNG6,59285
21135,VSTM1,284415
21136,TARM1,441864
21137,OSCAR,126014
21138,NDUFA3,4696
21139,TFPT,29844
21140,PRPF31,26121
21141,CNOT3,4849
21142,LENG1,79165
21143,TMC4,147798
21144,MBOAT7,79143
21145,TSEN34,79042
21146,RPS9,6203
21147,LILRB3,11025
21148,LILRA6,79168
21149,LILRB5,10990
21150,LILRB2,10288
21151,LILRA3,11026
21152,LILRA5,353514
21153,LILRA4,23547
21154,LAIR1,3903
21155,TTYH1,57348
21156,LENG8-AS1,104355426
21157,LENG8,114823
21158,LENG9,94059
21159,CDC42EP5,148170
21160,LAIR2,3904
21161,KIR3DX1,90011
21162,LILRA2,11027
21163,LILRA1,11024
21164,LILRB1,10859
21165,LILRB4,11006
21166,LILRP2,79166
21167,KIR3DL3,115653
21168,KIR2DL3,3804
21169,LOC101928804,101928804
21170,KIR2DL1,3802
21171,KIR2DL4,3805
21172,KIR3DL1,3811
21173,KIR2DS4,3809
21174,KIR3DL2,3812
21175,FCAR,2204
21176,NCR1,9437
21177,NLRP7,199713
21178,NLRP2,55655
21179,GP6,51206
21180,RDH13,112724
21181,EPS8L1,54869
21182,PPP1R12C,54776
21183,TNNT1,7138
21184,TNNI3,7137
21185,DNAAF3,352909
21186,SYT5,6861
21187,PTPRH,5794
21188,TMEM86B,255043
21189,PPP6R1,22870
21190,HSPBP1,23640
21191,BRSK1,84446
21192,TMEM150B,284417
21193,KMT5C,84787
21194,COX6B2,125965
21195,FAM71E2,284418
21196,IL11,3589
21197,TMEM190,147744
21198,TMEM238,388564
21199,RPL28,6158
21200,UBE2S,27338
21201,SHISA7,729956
21202,ISOC2,79763
21203,ZNF628,89887
21204,NAT14,57106
21205,SSC5D,284297
21206,SBK2,646643
21207,SBK3,100130827
21208,ZNF579,163033
21209,FIZ1,84922
21210,ZNF524,147807
21211,ZNF865,100507290
21212,ZNF784,147808
21213,ZNF580,51157
21214,ZNF581,51545
21215,CCDC106,29903
21216,U2AF2,11338
21217,EPN1,29924
21218,NLRP9,338321
21219,RFPL4A,342931
21220,RFPL4AL1,729974
21221,NLRP11,204801
21222,NLRP4,147945
21223,NLRP13,126204
21224,NLRP8,126205
21225,NLRP5,126206
21226,LOC101928886,101928886
21227,ZNF787,126208
21228,ZNF444,55311
21229,GALP,85569
21230,ZSCAN5B,342933
21231,ZSCAN5A,79149
21232,ZNF542P,147947
21233,ZNF582,147948
21234,ZNF582-AS1,386758
21235,ZNF583,147949
21236,ZNF667,63934
21237,ZNF667-AS1,100128252
21238,ZNF471,57573
21239,ZFP28,140612
21240,ZNF470,388566
21241,ZNF71,58491
21242,SMIM17,147670
21243,ZNF835,90485
21244,ZIM2-AS1,101929059
21245,ZIM2,23619
21246,PEG3,5178
21247,PEG3-AS1,100169890
21248,MIMT1,100073347
21249,USP29,57663
21250,ZIM3,114026
21251,DUXA,503835
21252,ZNF264,9422
21253,AURKC,6795
21254,ZNF805,390980
21255,ZNF460,10794
21256,ZNF543,125919
21257,ZNF304,57343
21258,ZNF547,284306
21259,TRAPPC2B,10597
21260,ZNF548,147694
21261,ZNF17,7565
21262,ZNF749,388567
21263,VN1R1,57191
21264,ZNF772,400720
21265,ZNF419,79744
21266,ZNF773,374928
21267,ZNF549,256051
21268,ZNF550,162972
21269,ZNF416,55659
21270,ZIK1,284307
21271,ZNF530,348327
21272,ZNF134,7693
21273,ZNF211,10520
21274,ZSCAN4,201516
21275,ZNF551,90233
21276,ZNF154,7710
21277,ZNF671,79891
21278,ZNF776,284309
21279,ZNF586,54807
21280,ZNF552,79818
21281,FKBP1AP1,2282
21282,ZNF587B,100293516
21283,ZNF587,84914
21284,ZNF814,730051
21285,ZNF417,147687
21286,ZNF418,147686
21287,ZNF256,10172
21288,C19orf18,147685
21289,ZNF606,80095
21290,LOC100128398,100128398
21291,ZSCAN1,284312
21292,ZNF135,7694
21293,ZSCAN18,65982
21294,ZNF329,79673
21295,ZNF274,10782
21296,ZNF544,27300
21297,ZNF8,7554
21298,ZSCAN22,342945
21299,A1BG,1
21300,A1BG-AS1,503538
21301,ZNF497,162968
21302,ZNF837,116412
21303,RPS5,6193
21304,RNF225,646862
21305,ZNF584,201514
21306,ZNF132,7691
21307,ZNF324B,388569
21308,ZNF324,25799
21309,ZNF446,55663
21310,SLC27A5,10998
21311,ZBTB45,84878
21312,TRIM28,10155
21313,MIR6807,102465976
21314,CHMP2A,27243
21315,UBE2M,9040
21316,MZF1-AS1,100131691
21317,MZF1,7593
21318,CENPBD1P1,65996
21319,DEFB125,245938
21320,DEFB126,81623
21321,DEFB127,140850
21322,DEFB132,400830
21323,C20orf96,140680
21324,ZCCHC3,85364
21325,LOC100507459,100507459
21326,SOX12,6666
21327,NRSN2,80023
21328,TRIB3,57761
21329,RBCK1,10616
21330,TBC1D20,128637
21331,CSNK2A1,1457
21332,TCF15,6939
21333,SRXN1,140809
21334,SCRT2,85508
21335,SLC52A3,113278
21336,FAM110A,83541
21337,ANGPT4,51378
21338,RSPO4,343637
21339,PSMF1,9491
21340,TMEM74B,55321
21341,C20orf202,400831
21342,RAD21L1,642636
21343,SNPH,9751
21344,SDCBP2,27111
21345,FKBP1A-SDCBP2,100528031
21346,SDCBP2-AS1,100507495
21347,FKBP1A,2280
21348,NSFL1C,55968
21349,SIRPB2,284759
21350,SIRPD,128646
21351,SIRPB1,10326
21352,SIRPG,55423
21353,SIRPG-AS1,101929010
21354,LOC100289473,100289473
21355,SIRPA,140885
21356,PDYN,5173
21357,STK35,140901
21358,LOC388780,388780
21359,TGM3,7053
21360,TGM6,343641
21361,SNRPB,6628
21362,ZNF343,79175
21363,TMC2,117532
21364,NOP56,10528
21365,SNORA51,677831
21366,IDH3B,3420
21367,EBF4,57593
21368,CPXM1,56265
21369,C20orf141,128653
21370,TMEM239,100288797
21371,PCED1A,64773
21372,VPS16,64601
21373,PTPRA,5786
21374,GNRH2,2797
21375,MRPS26,64949
21376,OXT,5020
21377,AVP,551
21378,UBOX5-AS1,100134015
21379,UBOX5,22888
21380,FASTKD5,60493
21381,LZTS3,9762
21382,DDRGK1,65992
21383,ITPA,3704
21384,SLC4A11,83959
21385,C20orf194,25943
21386,ATRN,8455
21387,GFRA4,64096
21388,ADAM33,80332
21389,SIGLEC1,6614
21390,HSPA12B,116835
21391,C20orf27,54976
21392,SPEF1,25876
21393,CENPB,1059
21394,CDC25B,994
21395,LOC101929125,101929125
21396,AP5S1,55317
21397,MAVS,57506
21398,PANK2,80025
21399,RNF24,11237
21400,SMOX,54498
21401,LINC01433,728228
21402,ADRA1D,146
21403,PRNP,5621
21404,PRND,23627
21405,PRNT,149830
21406,RASSF2,9770
21407,SLC23A2,9962
21408,TMEM230,29058
21409,PCNA,5111
21410,PCNA-AS1,100302739
21411,CDS2,8760
21412,PROKR2,128674
21413,LINC00658,100507629
21414,LOC643406,643406
21415,LINC00654,149837
21416,GPCPD1,56261
21417,C20orf196,149840
21418,CHGB,1114
21419,TRMT6,51605
21420,MCM8,84515
21421,MCM8-AS1,101929225
21422,CRLS1,54675
21423,LRRN4,164312
21424,FERMT1,55612
21425,CASC20,101929244
21426,BMP2,650
21427,LINC01428,101929265
21428,LOC101929312,101929312
21429,HAO1,54363
21430,TMX4,56255
21431,PLCB1,23236
21432,PLCB4,5332
21433,LAMP5-AS1,101929329
21434,LAMP5,24141
21435,PAK7,57144
21436,LOC101929371,101929371
21437,SNAP25-AS1,100131208
21438,ANKEF1,63926
21439,SNAP25,6616
21440,MKKS,8195
21441,SLX4IP,128710
21442,JAG1,182
21443,LOC101929395,101929395
21444,LOC101929413,101929413
21445,LOC339593,339593
21446,LINC00687,728450
21447,BTBD3,22903
21448,LOC101929486,101929486
21449,LOC102606466,102606466
21450,LOC100505515,100505515
21451,SPTLC3,55304
21452,ISM1,140862
21453,ISM1-AS1,100505536
21454,TASP1,55617
21455,ESF1,51575
21456,NDUFAF5,79133
21457,SEL1L2,80343
21458,MACROD2,140733
21459,FLRT3,23767
21460,MACROD2-IT1,140848
21461,MACROD2-AS1,100379174
21462,LOC613266,613266
21463,KIF16B,55614
21464,SNRPB2,6629
21465,OTOR,56914
21466,PCSK2,5126
21467,BFSP1,631
21468,DSTN,11034
21469,RRBP1,6238
21470,BANF2,140836
21471,SNX5,27131
21472,SNORD17,692086
21473,MGME1,92667
21474,OVOL2,58495
21475,PET117,100303755
21476,CSRP2BP,57325
21477,ZNF133,7692
21478,LINC00851,440757
21479,DZANK1,55184
21480,POLR3F,10621
21481,RBBP9,10741
21482,SEC23B,10483
21483,LINC00493,388789
21484,DTD1,92675
21485,LOC101929526,101929526
21486,LINC00652,29075
21487,LOC100270804,100270804
21488,C20orf78,100128496
21489,SCP2D1,140856
21490,SLC24A3,57419
21491,LOC100130264,100130264
21492,RIN2,54453
21493,NAA20,51126
21494,CRNKL1,51340
21495,CFAP61,26074
21496,INSM1,3642
21497,RALGAPA2,57186
21498,KIZ,55857
21499,KIZ-AS1,101929591
21500,XRN2,22803
21501,NKX2-4,644524
21502,NKX2-2,4821
21503,LOC101929625,101929625
21504,LOC101929608,101929608
21505,PAX1,5075
21506,LINC01432,100270679
21507,LINC01427,101929663
21508,LOC284788,284788
21509,LINC00261,140828
21510,FOXA2,3170
21511,LINC01384,101929685
21512,SSTR4,6754
21513,THBD,7056
21514,CD93,22918
21515,LINC00656,200261
21516,NXT1,29107
21517,LOC100505683,100505683
21518,GZF1,64412
21519,NAPB,63908
21520,CSTL1,128817
21521,CST8,10047
21522,CST13P,164380
21523,CST9L,128821
21524,CST9,128822
21525,CST3,1471
21526,CST4,1472
21527,CST1,1469
21528,CST2,1470
21529,CST5,1473
21530,GGTLC1,92086
21531,FLJ33581,400839
21532,SYNDIG1,79953
21533,CST7,8530
21534,APMAP,57136
21535,ACSS1,84532
21536,VSX1,30813
21537,LOC284798,284798
21538,LOC101926889,101926889
21539,ENTPD6,955
21540,PYGB,5834
21541,ABHD12,26090
21542,GINS1,9837
21543,NINL,22981
21544,NANP,140838
21545,ZNF337-AS1,102724826
21546,ZNF337,26152
21547,FAM182B,728882
21548,LOC101926935,101926935
21549,LOC101926955,101926955
21550,LOC100134868,100134868
21551,FAM182A,284800
21552,NCOR1P1,149934
21553,MIR663AHG,284801
21554,MIR663A,724033
21555,FRG1BP,284802
21556,MLLT10P1,140678
21557,DEFB118,117285
21558,DEFB121,245934
21559,DEFB123,245936
21560,REM1,28954
21561,LINC00028,140875
21562,HM13,81502
21563,MCTS2P,100101490
21564,HM13-AS1,100874042
21565,ID1,3397
21566,COX4I2,84701
21567,BCL2L1,598
21568,ABALON,103021294
21569,TPX2,22974
21570,MYLK2,85366
21571,FOXS1,2307
21572,DUSP15,128853
21573,TTLL9,164395
21574,PDRG1,81572
21575,XKR7,343702
21576,CCM2L,140706
21577,HCK,3055
21578,TM9SF4,9777
21579,TSPY26P,128854
21580,PLAGL2,5326
21581,POFUT1,23509
21582,KIF3B,9371
21583,ASXL1,171023
21584,NOL4L,140688
21585,LOC101929698,101929698
21586,LOC149950,149950
21587,C20orf203,284805
21588,COMMD7,149951
21589,DNMT3B,1789
21590,MAPRE1,22919
21591,SUN5,140732
21592,BPIFB2,80341
21593,BPIFB6,128859
21594,BPIFB3,359710
21595,BPIFB4,149954
21596,BPIFA2,140683
21597,BPIFA4P,317716
21598,BPIFA3,128861
21599,BPIFA1,51297
21600,BPIFB1,92747
21601,CDK5RAP1,51654
21602,SNTA1,6640
21603,CBFA2T2,9139
21604,NECAB3,63941
21605,C20orf144,128864
21606,ACTL10,170487
21607,E2F1,1869
21608,PXMP4,11264
21609,ZNF341,84905
21610,ZNF341-AS1,101929746
21611,CHMP4B,128866
21612,RALY-AS1,101926888
21613,RALY,22913
21614,EIF2S2,8894
21615,ASIP,434
21616,AHCY,191
21617,ITCH,83737
21618,DYNLRB1,83658
21619,MAP1LC3A,84557
21620,PIGU,128869
21621,TP53INP2,58476
21622,NCOA6,23054
21623,HMGB3P1,128872
21624,GGT7,2686
21625,ACSS2,55902
21626,GSS,2937
21627,MYH7B,57644
21628,TRPC4AP,26133
21629,EDEM2,55741
21630,PROCR,10544
21631,MMP24,10893
21632,MMP24-AS1,101410538
21633,EIF6,3692
21634,FAM83C-AS1,140846
21635,FAM83C,128876
21636,UQCC1,55245
21637,GDF5,8200
21638,CEP250,11190
21639,C20orf173,140873
21640,ERGIC3,51614
21641,FER1L4,80307
21642,SPAG4,6676
21643,CPNE1,8904
21644,RBM12,10137
21645,NFS1,9054
21646,ROMO1,140823
21647,RBM39,9584
21648,PHF20,51230
21649,SCAND1,51282
21650,CNBD2,140894
21651,LINC00657,647979
21652,EPB41L1,2036
21653,AAR2,25980
21654,DLGAP4,22839
21655,DLGAP4-AS1,101926987
21656,MYL9,10398
21657,TGIF2,60436
21658,TGIF2-C20orf24,100527943
21659,C20orf24,55969
21660,SLA2,84174
21661,NDRG3,57446
21662,DSN1,79980
21663,SOGA1,140710
21664,TLDC2,140711
21665,SAMHD1,25939
21666,RBL1,5933
21667,MROH8,140699
21668,RPN2,6185
21669,GHRH,2691
21670,MANBAL,63905
21671,SRC,6714
21672,BLCAP,10904
21673,NNAT,4826
21674,LINC00489,100861522
21675,LOC100287792,100287792
21676,CTNNBL1,56259
21677,VSTM2L,128434
21678,TTI1,9675
21679,RPRD1B,58490
21680,TGM2,7052
21681,KIAA1755,85449
21682,LOC149684,149684
21683,BPI,671
21684,LBP,3929
21685,SNHG17,388796
21686,SNORA71B,26776
21687,SNORA71A,26777
21688,SNORA71C,677839
21689,SNORA71D,677840
21690,SNHG11,128439
21691,SNORA71E,677821
21692,RALGAPB,57148
21693,ADIG,149685
21694,ARHGAP40,343578
21695,SLC32A1,140679
21696,ACTR5,79913
21697,PPP1R16B,26051
21698,FAM83D,81610
21699,DHX35,60625
21700,LOC339568,339568
21701,LOC100505663,100505663
21702,MAFB,9935
21703,TOP1,7150
21704,PLCG1-AS1,101927117
21705,PLCG1,5335
21706,ZHX3,23051
21707,LPIN3,64900
21708,EMILIN3,90187
21709,CHD6,84181
21710,PTPRT,11122
21711,LOC101927159,101927159
21712,SRSF6,6431
21713,L3MBTL1,26013
21714,SGK2,10110
21715,IFT52,51098
21716,MYBL2,4605
21717,GTSF1L,149699
21718,TOX2,84969
21719,JPH2,57158
21720,OSER1,51526
21721,OSER1-AS1,100505783
21722,GDAP1L1,78997
21723,FITM2,128486
21724,R3HDML,140902
21725,HNF4A,3172
21726,HNF4A-AS1,101927219
21727,LINC01430,101927242
21728,C20orf62,140834
21729,TTPAL,79183
21730,SERINC3,10955
21731,PKIG,11142
21732,ADA,100
21733,LINC01260,79015
21734,WISP2,8839
21735,KCNK15,60598
21736,RIMS4,140730
21737,YWHAB,7529
21738,PABPC1L,80336
21739,TOMM34,10953
21740,STK4-AS1,100505826
21741,STK4,6789
21742,KCNS1,3787
21743,WFDC5,149708
21744,WFDC12,128488
21745,PI3,5266
21746,SEMG1,6406
21747,SEMG2,6407
21748,SLPI,6590
21749,MATN4,8785
21750,RBPJL,11317
21751,SDC4,6385
21752,SYS1,90196
21753,SYS1-DBNDD2,767557
21754,TP53TG5,27296
21755,DBNDD2,55861
21756,PIGT,51604
21757,WFDC2,10406
21758,SPINT3,10816
21759,WFDC6,140870
21760,EPPIN-WFDC6,100526773
21761,EPPIN,57119
21762,WFDC8,90199
21763,WFDC9,259240
21764,WFDC10A,140832
21765,WFDC11,259239
21766,WFDC10B,280664
21767,WFDC13,164237
21768,WFDC3,140686
21769,DNTTIP1,116092
21770,UBE2C,11065
21771,TNNC2,7125
21772,SNX21,90203
21773,ACOT8,10005
21774,ZSWIM3,140831
21775,ZSWIM1,90204
21776,SPATA25,128497
21777,NEURL2,140825
21778,CTSA,5476
21779,PLTP,5360
21780,PCIF1,63935
21781,ZNF335,63925
21782,MMP9,4318
21783,SLC12A5,57468
21784,NCOA5,57727
21785,CD40,958
21786,CDH22,64405
21787,SLC35C2,51006
21788,ELMO2,63916
21789,ZNF663P,100130934
21790,MKRN7P,7686
21791,ZNF334,55713
21792,OCSTAMP,128506
21793,SLC13A3,64849
21794,TP53RK,112858
21795,SLC2A10,81031
21796,EYA2,2139
21797,ZMYND8,23613
21798,LOC100131496,100131496
21799,NCOA3,8202
21800,SULF2,55959
21801,LINC01522,101927457
21802,LOC101060004,101060004
21803,LINC00494,284749
21804,PREX1,57580
21805,ARFGEF2,10564
21806,CSE1L-AS1,102723483
21807,CSE1L,1434
21808,STAU1,6780
21809,DDX27,55661
21810,ZNFX1,57169
21811,ZFAS1,441951
21812,KCNB1,3745
21813,PTGIS,5740
21814,B4GALT5,9334
21815,SLC9A8,23315
21816,SPATA2,9825
21817,RNF114,55905
21818,SNAI1,6615
21819,TRERNA1,100887755
21820,UBE2V1,7335
21821,TMEM189-UBE2V1,387522
21822,TMEM189,387521
21823,LINC01273,101927541
21824,CEBPB-AS1,101927559
21825,CEBPB,1051
21826,LOC100506115,100506115
21827,LINC01270,284751
21828,LINC01271,101927586
21829,PTPN1,5770
21830,FAM65C,140876
21831,LOC100506175,100506175
21832,PARD6B,84612
21833,BCAS4,55653
21834,ADNP,23394
21835,ADNP-AS1,101927631
21836,DPM1,8813
21837,MOCS3,27304
21838,KCNG1,3755
21839,NFATC2,4773
21840,ATP9A,10079
21841,SALL4,57167
21842,LINC01429,101927678
21843,ZFP64,55734
21844,LINC01524,101927700
21845,TSHZ2,128553
21846,LOC101927770,101927770
21847,ZNF217,7764
21848,SUMO1P1,391257
21849,BCAS1,8537
21850,CYP24A1,1591
21851,PFDN4,5203
21852,DOK5,55816
21853,LINC01441,101927796
21854,LINC01440,102723578
21855,CBLN4,140689
21856,MC3R,4159
21857,FAM210B,116151
21858,AURKA,6790
21859,CSTF1,1477
21860,CASS4,57091
21861,RTFDC1,51507
21862,GCNT7,140687
21863,FAM209A,200232
21864,FAM209B,388799
21865,TFAP2C,7022
21866,BMP7,655
21867,BMP7-AS1,102723590
21868,SPO11,23626
21869,RAE1,8480
21870,MTRNR2L3,100462983
21871,RBM38,55544
21872,CTCFL,140690
21873,PCK1,5105
21874,ZBP1,81030
21875,PMEPA1,56937
21876,NKILA,105416157
21877,C20orf85,128602
21878,ANKRD60,140731
21879,PPP4R1L,55370
21880,RAB22A,57403
21881,VAPB,9217
21882,APCDD1L,164284
21883,APCDD1L-AS1,149773
21884,MGC4294,79160
21885,STX16,8675
21886,STX16-NPEPL1,100534593
21887,NPEPL1,79716
21888,GNAS-AS1,149775
21889,GNAS,2778
21890,LOC101927932,101927932
21891,NELFCD,51497
21892,CTSZ,1522
21893,TUBB1,81027
21894,ATP5E,514
21895,SLMO2-ATP5E,100533975
21896,PRELID3B,51012
21897,ZNF831,128611
21898,EDN3,1908
21899,PHACTR3,116154
21900,LOC100506384,100506384
21901,SYCP2,10388
21902,FAM217B,63939
21903,PPP1R3D,5509
21904,CDH26,60437
21905,C20orf197,284756
21906,LOC729296,729296
21907,MIR646HG,284757
21908,LOC101928048,101928048
21909,LOC100506470,100506470
21910,CDH4,1002
21911,TAF4,6874
21912,LSM14B,149986
21913,PSMA7,5688
21914,SS18L1,26039
21915,MTG2,26164
21916,HRH3,11255
21917,OSBPL2,9885
21918,ADRM1,11047
21919,LAMA5,3911
21920,LAMA5-AS1,101928158
21921,RPS21,6227
21922,CABLES2,81928
21923,RBBP8NL,140893
21924,GATA5,140628
21925,C20orf166-AS1,253868
21926,MIR1-1HG,128826
21927,MIR133A2,406923
21928,SLCO4A1,28231
21929,SLCO4A1-AS1,100127888
21930,NTSR1,4923
21931,LINC00659,100652730
21932,MRGBP,55257
21933,OGFR-AS1,101409261
21934,OGFR,11054
21935,COL9A3,1299
21936,TCFL5,10732
21937,DPH3P1,100132911
21938,DIDO1,11083
21939,GID8,54994
21940,SLC17A9,63910
21941,BHLHE23,128408
21942,LOC63930,63930
21943,LINC00029,100144596
21944,LINC01056,100144597
21945,HAR1B,768097
21946,HAR1A,768096
21947,YTHDF1,54915
21948,BIRC7,79444
21949,NKAIN4,128414
21950,FLJ16779,100192386
21951,ARFGAP1,55738
21952,COL20A1,57642
21953,CHRNA4,1137
21954,LOC100130587,100130587
21955,KCNQ2,3785
21956,EEF1A2,1917
21957,PPDPF,79144
21958,PTK6,5753
21959,SRMS,6725
21960,C20orf195,79025
21961,HELZ2,85441
21962,GMEB2,26205
21963,STMN3,50861
21964,RTEL1,51750
21965,RTEL1-TNFRSF6B,100533107
21966,TNFRSF6B,8771
21967,ARFRP1,10139
21968,ZGPAT,84619
21969,LIME1,54923
21970,SLC2A4RG,56731
21971,ZBTB46,140685
21972,ZBTB46-AS1,101928604
21973,ABHD16B,140701
21974,TPD52L2,7165
21975,DNAJC5,80331
21976,UCKL1,54963
21977,MIR647,693232
21978,UCKL1-AS1,100113386
21979,ZNF512B,57473
21980,SAMD10,140700
21981,PRPF6,24148
21982,LINC00176,284739
21983,SOX18,54345
21984,TCEA2,6919
21985,RGS19,10287
21986,OPRL1,4987
21987,LKAAEAR1,198437
21988,NPBWR2,2832
21989,MYT1,4661
21990,PCMTD2,55251
21991,LINC00266-1,140849
21992,MIR3648-1,100500862
21993,TEKT4P2,100132288
21994,TPTE,7179
21995,BAGE4,85317
21996,BAGE5,85316
21997,BAGE2,85319
21998,BAGE,574
21999,ANKRD30BP2,149992
22000,POTED,317754
22001,CYP4F29P,54055
22002,ANKRD20A11P,391267
22003,LIPI,149998
22004,RBM11,54033
22005,ABCC13,150000
22006,HSPA13,6782
22007,SAMSN1,64092
22008,LOC388813,388813
22009,NRIP1,8204
22010,USP25,29761
22011,MIR99AHG,388815
22012,CXADR,1525
22013,BTG3,10950
22014,C21orf91-OT1,246312
22015,C21orf91,54149
22016,CHODL,140578
22017,TMPRSS15,5651
22018,LOC101927797,101927797
22019,LINC00320,387486
22020,NCAM2,4685
22021,LINC00317,378828
22022,LINC01425,101927821
22023,LOC101927843,101927843
22024,LINC00308,54143
22025,D21S2088E,266917
22026,LOC101927869,101927869
22027,LOC339622,339622
22028,LINC00158,54072
22029,MIR155HG,114614
22030,LINC00515,282566
22031,MRPL39,54148
22032,JAM2,58494
22033,ATP5J,522
22034,GABPA,2551
22035,APP,351
22036,CYYR1,116159
22037,ADAMTS1,9510
22038,ADAMTS5,11096
22039,LINC00113,54088
22040,LINC00314,246705
22041,LOC284825,284825
22042,LOC101927973,101927973
22043,LINC00161,118421
22044,N6AMT1,29104
22045,LTN1,26046
22046,RWDD2B,10069
22047,USP16,10600
22048,CCT8,10694
22049,MAP3K7CL,56911
22050,LINC00189,193629
22051,BACH1,571
22052,BACH1-IT2,100874322
22053,GRIK1,2897
22054,GRIK1-AS2,100379661
22055,GRIK1-AS1,642976
22056,CLDN17,26285
22057,LINC00307,266919
22058,CLDN8,9073
22059,KRTAP24-1,643803
22060,KRTAP26-1,388818
22061,KRTAP27-1,643812
22062,KRTAP13-2,337959
22063,KRTAP13-1,140258
22064,KRTAP13-3,337960
22065,KRTAP13-4,284827
22066,KRTAP19-1,337882
22067,KRTAP19-3,337970
22068,KRTAP19-5,337972
22069,KRTAP19-6,337973
22070,KRTAP6-3,337968
22071,KRTAP20-2,337976
22072,KRTAP21-2,337978
22073,KRTAP21-1,337977
22074,KRTAP8-1,337879
22075,KRTAP7-1,337878
22076,KRTAP11-1,337880
22077,KRTAP19-8,728299
22078,TIAM1,7074
22079,SOD1,6647
22080,SCAF4,57466
22081,HUNK,30811
22082,MIS18A,54069
22083,MRAP,56246
22084,URB1,9875
22085,SNORA80A,677846
22086,URB1-AS1,84996
22087,EVA1C,59271
22088,TCP10L,140290
22089,C21orf59,56683
22090,SYNJ1,8867
22091,PAXBP1-AS1,100506215
22092,PAXBP1,94104
22093,C21orf62-AS1,54067
22094,C21orf62,56245
22095,OLIG2,10215
22096,LINC00945,101930746
22097,OLIG1,116448
22098,LOC101928107,101928107
22099,LINC01548,728409
22100,IFNAR2,3455
22101,IL10RB-AS1,100288432
22102,IL10RB,3588
22103,IFNAR1,3454
22104,IFNGR2,3460
22105,TMEM50B,757
22106,DNAJC28,54943
22107,GART,2618
22108,SON,6651
22109,DONSON,29980
22110,CRYZL1,9946
22111,ITSN1,6453
22112,ATP5O,539
22113,SLC5A3,6526
22114,MRPS6,64968
22115,LINC00310,114036
22116,KCNE2,9992
22117,SMIM11A,54065
22118,C21orf140,101928147
22119,KCNE1,3753
22120,RCAN1,1827
22121,CLIC6,54102
22122,LINC00160,54064
22123,LINC01426,100506385
22124,RUNX1,861
22125,RUNX1-IT1,80215
22126,LOC100506403,100506403
22127,LOC101928269,101928269
22128,LOC100996609,100996609
22129,SETD4,54093
22130,LOC100133286,100133286
22131,CBR1,873
22132,CBR3-AS1,100506428
22133,CBR3,874
22134,DOPEY2,9980
22135,MORC3,23515
22136,CHAF1B,8208
22137,CLDN14,23562
22138,SIM2,6493
22139,HLCS,3141
22140,RIPPLY3,53820
22141,LOC105372795,105372795
22142,PIGP,51227
22143,TTC3,7267
22144,DSCR9,257203
22145,DSCR3,10311
22146,DYRK1A,1859
22147,KCNJ6,3763
22148,DSCR4,10281
22149,DSCR8,84677
22150,DSCR10,259234
22151,KCNJ15,3772
22152,LINC01423,102724678
22153,ERG,2078
22154,LINC00114,400866
22155,ETS2,2114
22156,LOC101928398,101928398
22157,FLJ45139,400867
22158,LOC101928435,101928435
22159,PSMG1,8624
22160,BRWD1,54014
22161,BRWD1-IT2,257357
22162,BRWD1-AS1,100874093
22163,HMGN1,3150
22164,WRB,7485
22165,LCA5L,150082
22166,SH3BGR,6450
22167,B3GALT5-AS1,114041
22168,B3GALT5,10317
22169,IGSF5,150084
22170,PCP4,5121
22171,DSCAM,1826
22172,DSCAM-AS1,100506492
22173,DSCAM-IT1,100874326
22174,LINC00323,284835
22175,BACE2,25825
22176,PLAC4,191585
22177,FAM3B,54097
22178,MX2,4600
22179,MX1,4599
22180,TMPRSS2,7113
22181,LINC00111,54090
22182,LINC00479,150135
22183,LINC00112,54089
22184,RIPK4,54101
22185,PRDM15,63977
22186,C2CD2,25966
22187,ZBTB21,49854
22188,ZNF295-AS1,150142
22189,UMODL1,89766
22190,UMODL1-AS1,150147
22191,ABCG1,9619
22192,TFF3,7033
22193,TFF2,7032
22194,TFF1,7031
22195,TMPRSS3,64699
22196,UBASH3A,53347
22197,RSPH1,89765
22198,SLC37A1,54020
22199,LOC101928233,101928233
22200,PDE9A,5152
22201,WDR4,10785
22202,NDUFV3,4731
22203,ERVH48-1,90625
22204,PKNOX1,5316
22205,CBS,875
22206,U2AF1,7307
22207,CRYAA,1409
22208,LINC00322,100126693
22209,TCONS_00029157,101928399
22210,SIK1,150094
22211,LINC00319,284836
22212,LINC00313,114038
22213,HSF2BP,11077
22214,RRP1B,23076
22215,PDXK,8566
22216,CSTB,1476
22217,RRP1,8568
22218,AATBC,284837
22219,AGPAT3,56894
22220,TRAPPC10,7109
22221,PWP2,5822
22222,C21orf33,8209
22223,ICOSLG,23308
22224,DNMT3L,29947
22225,AIRE,326
22226,PFKL,5211
22227,C21orf2,755
22228,TRPM2,7226
22229,TRPM2-AS,101928607
22230,LRRC3-AS1,100861510
22231,LRRC3,81543
22232,TSPEAR,54084
22233,TSPEAR-AS1,54082
22234,TSPEAR-AS2,114043
22235,KRTAP10-1,386677
22236,KRTAP10-2,386679
22237,KRTAP10-3,386682
22238,KRTAP10-4,386672
22239,KRTAP10-5,386680
22240,KRTAP10-6,386674
22241,KRTAP10-7,386675
22242,KRTAP10-8,386681
22243,KRTAP10-9,386676
22244,KRTAP10-10,353333
22245,KRTAP10-11,386678
22246,KRTAP12-4,386684
22247,KRTAP12-3,386683
22248,KRTAP12-2,353323
22249,KRTAP12-1,353332
22250,KRTAP10-12,386685
22251,UBE2G2,7327
22252,LINC01424,101928689
22253,SUMO3,6612
22254,PTTG1IP,754
22255,ITGB2,3689
22256,ITGB2-AS1,100505746
22257,LINC01547,84536
22258,FAM207A,85395
22259,LINC00163,727699
22260,LINC00162,378825
22261,SSR4P1,728039
22262,ADARB1,104
22263,POFUT2,23275
22264,LOC642852,642852
22265,LINC00316,388830
22266,COL18A1,80781
22267,COL18A1-AS2,100874236
22268,COL18A1-AS1,378832
22269,SLC19A1,6573
22270,LOC100129027,100129027
22271,PCBP3,54039
22272,LOC101928796,101928796
22273,COL6A1,1291
22274,COL6A2,1292
22275,FTCD,10841
22276,SPATC1L,84221
22277,LSS,4047
22278,MCM3AP-AS1,114044
22279,MCM3AP,8888
22280,YBEY,54059
22281,C21orf58,54058
22282,PCNT,5116
22283,DIP2A,23181
22284,DIP2A-IT1,100862692
22285,S100B,6285
22286,PRMT2,3275
22287,LOC102723780,102723780
22288,RNA5-8S5,100008587
22289,DUXAP8,503637
22290,BMS1P18,414763
22291,POTEH,23784
22292,POTEH-AS1,100852406
22293,OR11H1,81061
22294,CCT8L2,150160
22295,TPTEP1,387590
22296,ANKRD62P1-PARP4P3,23783
22297,XKR3,150165
22298,HSFY1P1,27437
22299,GAB4,128954
22300,CECR7,100130418
22301,IL17RA,23765
22302,CECR6,27439
22303,LOC100996342,100996342
22304,CECR5,27440
22305,CECR5-AS1,100130717
22306,CECR1,51816
22307,CECR3,27442
22308,CECR2,27443
22309,SLC25A18,83733
22310,LOC101929372,101929372
22311,ATP6V1E1,529
22312,BCL2L13,23786
22313,BID,637
22314,MIR3198-1,100423025
22315,LINC00528,200298
22316,MICAL3,57553
22317,FLJ41941,100192420
22318,PEX26,55670
22319,TUBA8,51807
22320,USP18,11274
22321,GGT3P,2679
22322,DGCR6,8214
22323,PRODH,5625
22324,DGCR5,26220
22325,DGCR9,25787
22326,DGCR10,26222
22327,DGCR2,9993
22328,DGCR11,25786
22329,DGCR14,8220
22330,TSSK2,23617
22331,GSC2,2928
22332,LOC100652736,100652736
22333,SLC25A1,6576
22334,CLTCL1,8218
22335,HIRA,7290
22336,MRPL40,64976
22337,C22orf39,128977
22338,UFD1L,7353
22339,CDC45,8318
22340,CLDN5,7122
22341,LINC00895,150185
22342,SEPT5,5413
22343,SEPT5-GP1BB,100526833
22344,GP1BB,2812
22345,TBX1,6899
22346,GNB1L,54584
22347,C22orf29,79680
22348,TXNRD2,10587
22349,COMT,1312
22350,ARVCF,421
22351,TANGO2,128989
22352,DGCR8,54487
22353,TRMT2A,27037
22354,RANBP1,5902
22355,ZDHHC8,29801
22356,CCDC188,388849
22357,LOC284865,284865
22358,LINC00896,150197
22359,RTN4R,65078
22360,DGCR6L,85359
22361,TMEM191B,728229
22362,PI4KAP1,728233
22363,RIMBP3,85376
22364,ZNF74,7625
22365,SCARF2,91179
22366,KLHL22,84861
22367,MED15,51586
22368,POM121L4P,266697
22369,TMEM191A,84222
22370,PI4KA,5297
22371,SERPIND1,3053
22372,SNAP29,9342
22373,CRKL,1399
22374,LOC101928891,101928891
22375,AIFM3,150209
22376,LZTR1,8216
22377,THAP7,80764
22378,THAP7-AS1,439931
22379,TUBA3FP,113691
22380,P2RX6,9127
22381,SLC7A4,6545
22382,P2RX6P,440799
22383,LRRC74B,400891
22384,BCRP2,400892
22385,FAM230B,284861
22386,POM121L8P,29797
22387,RIMBP3B,440804
22388,HIC2,23119
22389,TMEM191C,645426
22390,PI4KAP2,375133
22391,RIMBP3C,150221
22392,UBE2L3,7332
22393,YDJC,150223
22394,CCDC116,164592
22395,SDF2L1,23753
22396,PPIL2,23759
22397,YPEL1,29799
22398,MAPK1,5594
22399,PPM1F,9647
22400,TOP3B,8940
22401,VPREB1,7441
22402,BMS1P20,96610
22403,ZNF280B,140883
22404,ZNF280A,129025
22405,PRAME,23532
22406,LL22NC03-63E9.3,648691
22407,POM121L1P,25812
22408,GGTLC2,91227
22409,IGLL5,100423062
22410,RSPH14,27156
22411,GNAZ,2781
22412,RAB36,9609
22413,BCR,613
22414,FBXW4P1,26226
22415,CES5AP1,649264
22416,ZDHHC8P1,150244
22417,LOC101929374,101929374
22418,LOC388882,388882
22419,IGLL1,3543
22420,DRICH1,51233
22421,GUSBP11,91316
22422,RGL4,266747
22423,ZNF70,7621
22424,VPREB3,29802
22425,C22orf15,150248
22426,CHCHD10,400916
22427,MMP11,4320
22428,SMARCB1,6598
22429,DERL3,91319
22430,SLC2A11,66035
22431,MIF-AS1,284889
22432,MIF,4282
22433,GSTT2B,653689
22434,DDTL,100037417
22435,DDT,1652
22436,GSTT2,2953
22437,GSTTP1,25774
22438,LOC391322,391322
22439,GSTT1,2952
22440,GSTTP2,653399
22441,CABIN1,23523
22442,SUSD2,56241
22443,GGT5,2687
22444,POM121L9P,29774
22445,SPECC1L,23384
22446,SPECC1L-ADORA2A,101730217
22447,ADORA2A,135
22448,ADORA2A-AS1,646023
22449,UPB1,51733
22450,GUCD1,83606
22451,SNRPD3,6634
22452,GGT1,2678
22453,LRRC75B,388886
22454,BCRP3,644165
22455,POM121L10P,646074
22456,PIWIL3,440822
22457,TOP1P2,7152
22458,SGSM1,129049
22459,TMEM211,255349
22460,KIAA1671,85379
22461,LOC100128531,100128531
22462,CRYBB3,1417
22463,CRYBB2,1415
22464,IGLL3P,91353
22465,LRP5L,91355
22466,CRYBB2P1,1416
22467,ADRBK2,157
22468,MYO18B,84700
22469,SEZ6L,23544
22470,ASPHD2,57168
22471,HPS4,89781
22472,SRRD,402055
22473,TFIP11,24144
22474,TPST2,8459
22475,CRYBB1,1414
22476,CRYBA4,1413
22477,MIAT,440823
22478,MIATNB,102724827
22479,LINC01422,101929539
22480,MN1,4330
22481,PITPNB,23760
22482,TTC28-AS1,284900
22483,TTC28,23331
22484,CHEK2,11200
22485,HSCB,150274
22486,CCDC117,150275
22487,XBP1,7494
22488,ZNRF3,84133
22489,ZNRF3-AS1,100874123
22490,C22orf31,25770
22491,KREMEN1,83999
22492,EMID1,129080
22493,RHBDD3,25807
22494,EWSR1,2130
22495,GAS2L1,10634
22496,RASL10A,10633
22497,AP1B1,162
22498,RFPL1S,10740
22499,RFPL1,5988
22500,NEFH,4744
22501,THOC5,8563
22502,NIPSNAP1,8508
22503,NF2,4771
22504,CABP7,164633
22505,ZMAT5,55954
22506,UQCR10,29796
22507,ASCC2,84164
22508,MTMR3,8897
22509,HORMAD2-AS1,101929664
22510,HORMAD2,150280
22511,LIF,3976
22512,OSM,5008
22513,GATSL3,652968
22514,TBC1D10A,83874
22515,SF3A1,10291
22516,CCDC157,550631
22517,KIAA1656,85371
22518,RNF215,200312
22519,SEC14L2,23541
22520,MTFP1,51537
22521,SEC14L3,266629
22522,SDC4P,376844
22523,SEC14L4,284904
22524,SEC14L6,730005
22525,GAL3ST1,9514
22526,PES1,23481
22527,TCN2,6948
22528,SLC35E4,339665
22529,DUSP18,150290
22530,OSBP2,23762
22531,MORC2-AS1,150291
22532,MORC2,22880
22533,TUG1,55000
22534,SMTN,6525
22535,SELM,140606
22536,INPP5J,27124
22537,PLA2G3,50487
22538,RNF185,91445
22539,LIMK2,3985
22540,PIK3IP1,113791
22541,PATZ1,23598
22542,PIK3IP1-AS1,101929760
22543,FLJ20464,54944
22544,DRG1,4733
22545,EIF4ENIF1,56478
22546,SFI1,9814
22547,PISD,23761
22548,PRR14L,253143
22549,DEPDC5,9681
22550,C22orf24,25775
22551,YWHAH,7533
22552,SLC5A1,6523
22553,AP1B1P1,23782
22554,C22orf42,150297
22555,RFPL2,10739
22556,SLC5A4,6527
22557,RFPL3,10738
22558,RFPL3S,10737
22559,LOC339666,339666
22560,RTCB,51493
22561,BPIFC,254240
22562,FBXO7,25793
22563,SYN3,8224
22564,TIMP3,7078
22565,LARGE,9215
22566,LARGE-AS1,100506195
22567,ISX,91464
22568,LINC01399,104310353
22569,HMGXB4,10042
22570,TOM1,10043
22571,HMOX1,3162
22572,MCM5,4174
22573,RASD2,23551
22574,MB,4151
22575,APOL6,80830
22576,APOL5,80831
22577,RBFOX2,23543
22578,APOL3,80833
22579,APOL4,80832
22580,APOL2,23780
22581,APOL1,8542
22582,MYH9,4627
22583,TXN2,25828
22584,FOXRED2,80020
22585,EIF3D,8664
22586,CACNG2,10369
22587,IFT27,11020
22588,PVALB,5816
22589,NCF4,4689
22590,CSF2RB,1439
22591,LL22NC01-81G9.3,100506241
22592,TEX33,339669
22593,TST,7263
22594,MPST,4357
22595,KCTD17,79734
22596,TMPRSS6,164656
22597,IL2RB,3560
22598,C1QTNF6,114904
22599,SSTR3,6753
22600,RAC2,5880
22601,CYTH4,27128
22602,ELFN2,114794
22603,LOC100506271,100506271
22604,MFNG,4242
22605,CARD10,29775
22606,CDC42EP1,11135
22607,LGALS2,3957
22608,GGA1,26088
22609,SH3BP1,23616
22610,LOC101927051,101927051
22611,PDXP,57026
22612,LGALS1,3956
22613,NOL12,79159
22614,TRIOBP,11078
22615,H1F0,3005
22616,GCAT,23464
22617,GALR3,8484
22618,ANKRD54,129138
22619,MIR658,724028
22620,EIF3L,51386
22621,MICALL1,85377
22622,C22orf23,84645
22623,POLR2F,5435
22624,SOX10,6663
22625,PICK1,9463
22626,SLC16A8,23539
22627,BAIAP2L2,80115
22628,PLA2G6,8398
22629,MAFF,23764
22630,TMEM184B,25829
22631,CSNK1E,1454
22632,LOC400927-CSNK1E,102800317
22633,LOC400927,400927
22634,KCNJ4,3761
22635,KDELR3,11015
22636,DDX17,10521
22637,DMC1,11144
22638,FAM227A,646851
22639,CBY1,25776
22640,TOMM22,56993
22641,JOSD1,9929
22642,GTPBP1,9567
22643,SUN2,25777
22644,DNAL4,10126
22645,NPTXR,23467
22646,CBX6,23466
22647,APOBEC3A,200315
22648,APOBEC3A_B,100913187
22649,APOBEC3B,9582
22650,APOBEC3B-AS1,100874530
22651,APOBEC3C,27350
22652,APOBEC3D,140564
22653,APOBEC3F,200316
22654,APOBEC3G,60489
22655,APOBEC3H,164668
22656,CBX7,23492
22657,PDGFB,5155
22658,RPL3,6122
22659,SNORD83B,116938
22660,SYNGR1,9145
22661,TAB1,10454
22662,LOC100506472,100506472
22663,MGAT3,4248
22664,MGAT3-AS1,104502417
22665,MIEF1,54471
22666,ATF4,468
22667,RPS19BP1,91582
22668,CACNA1I,8911
22669,ENTHD1,150350
22670,GRAP2,9402
22671,FAM83F,113828
22672,LOC100130899,100130899
22673,TNRC6B,23112
22674,ADSL,158
22675,SGSM3,27352
22676,MKL1,57591
22677,LOC101927257,101927257
22678,MCHR1,2847
22679,SLC25A17,10478
22680,ST13,6767
22681,XPNPEP3,63929
22682,DNAJB7,150353
22683,RBX1,9978
22684,EP300,2033
22685,EP300-AS1,101927279
22686,L3MBTL2,83746
22687,CHADL,150356
22688,RANGAP1,5905
22689,ZC3H7B,23264
22690,TEF,7008
22691,TOB2,10766
22692,PHF5A,84844
22693,ACO2,50
22694,POLR3H,171568
22695,CSDC2,27254
22696,PMM1,5372
22697,DESI1,27351
22698,XRCC6,2547
22699,SNU13,4809
22700,C22orf46,79640
22701,MEI1,150365
22702,CCDC134,79879
22703,SREBF2,6721
22704,SHISA8,440829
22705,TNFRSF13C,115650
22706,CENPM,79019
22707,LINC00634,339674
22708,SEPT3,55964
22709,WBP2NL,164684
22710,NAGA,4668
22711,FAM109B,150368
22712,SMDT1,91689
22713,NDUFA6,4700
22714,NDUFA6-AS1,100132273
22715,CYP2D6,1565
22716,LOC101929829,101929829
22717,CYP2D7,1564
22718,TCF20,6942
22719,OGFRP1,388906
22720,LINC01315,102723775
22721,NFAM1,150372
22722,SERHL,94009
22723,RRP7A,27341
22724,SERHL2,253190
22725,RRP7BP,91695
22726,POLDIP3,84271
22727,RNU12,267010
22728,CYB5R3,1727
22729,ATP5L2,267020
22730,A4GALT,53947
22731,ARFGAP3,26286
22732,PACSIN2,11252
22733,LOC100506679,100506679
22734,TTLL1,25809
22735,BIK,638
22736,MCAT,27349
22737,TSPO,706
22738,TTLL12,23170
22739,SCUBE1,80274
22740,MPPED1,758
22741,EFCAB6-AS1,100874197
22742,EFCAB6,64800
22743,SULT4A1,25830
22744,PNPLA5,150379
22745,PNPLA3,80339
22746,SAMM50,25813
22747,PARVB,29780
22748,PARVG,64098
22749,KIAA1644,85352
22750,LOC101927526,101927526
22751,LDOC1L,84247
22752,LINC00207,388910
22753,LINC00229,414351
22754,PRR5,55615
22755,PRR5-ARHGAP8,553158
22756,ARHGAP8,23779
22757,PHF21B,112885
22758,NUP50-AS1,100506714
22759,NUP50,10762
22760,KIAA0930,23313
22761,UPK3A,7380
22762,FAM118A,55007
22763,SMC1B,27127
22764,RIBC2,26150
22765,FBLN1,2192
22766,LOC100506737,100506737
22767,ATXN10,25814
22768,WNT7B,7477
22769,LOC730668,730668
22770,LINC00899,100271722
22771,PRR34,55267
22772,PRR34-AS1,150381
22773,MIRLET7BHG,400931
22774,PPARA,5465
22775,CDPF1,150383
22776,PKDREJ,10343
22777,TTC38,55020
22778,GTSE1-AS1,150384
22779,GTSE1,51512
22780,TRMU,55687
22781,CELSR1,9620
22782,GRAMD4,23151
22783,CERK,64781
22784,TBC1D22A,25771
22785,FLJ32756,642757
22786,LL22NC03-75H12.2,101927722
22787,LINC00898,400932
22788,LOC284930,284930
22789,FAM19A5,25817
22790,LOC284933,284933
22791,LINC01310,100128946
22792,C22orf34,348645
22793,BRD1,23774
22794,ZBED4,9889
22795,ALG12,79087
22796,CRELD2,79174
22797,PIM3,415116
22798,IL17REL,400935
22799,MLC1,23209
22800,MOV10L1,54456
22801,PANX2,56666
22802,TRABD,80305
22803,SELO,83642
22804,TUBGCP6,85378
22805,HDAC10,83933
22806,MAPK12,6300
22807,MAPK11,5600
22808,PLXNB2,23654
22809,DENND6B,414918
22810,PPP6R2,9701
22811,SBF1,6305
22812,ADM2,79924
22813,MIOX,55586
22814,LMF2,91289
22815,NCAPH2,29781
22816,SCO2,9997
22817,TYMP,1890
22818,ODF3B,440836
22819,KLHDC7B,113730
22820,SYCE3,644186
22821,CPT1B,1375
22822,CHKB-CPT1B,386593
22823,CHKB,1120
22824,CHKB-AS1,100144603
22825,MAPK8IP2,23542
22826,ARSA,410
22827,SHANK3,85358
22828,ACR,49
22829,RPL23AP82,284942
22830,RABL2B,11158
22831,LINC00102,100359394
22832,XG,7499
22833,GYG2,8908
22834,ARSD,414
22835,ARSE,415
22836,ARSH,347527
22837,ARSF,416
22838,LINC01546,100129464
22839,MXRA5,25878
22840,PRKX,5613
22841,PRKX-AS1,100873944
22842,LOC389906,389906
22843,LOC101928201,101928201
22844,NLGN4X,57502
22845,VCX3A,51481
22846,PUDP,8226
22847,STS,412
22848,VCX,26609
22849,PNPLA4,8228
22850,VCX2,51480
22851,VCX3B,425054
22852,ANOS1,3730
22853,FAM9A,171482
22854,FAM9B,171483
22855,TBL1X,6907
22856,GPR143,4935
22857,SHROOM2,357
22858,CLDN34,100288814
22859,WWC3,55841
22860,CLCN4,1183
22861,MID1,4281
22862,HCCS,3052
22863,ARHGAP6,395
22864,MSL3,10943
22865,FRMPD4,9758
22866,PRPS2,5634
22867,TLR7,51284
22868,TLR8-AS1,349408
22869,TLR8,51311
22870,TMSB4X,7114
22871,FAM9C,171484
22872,GS1-600G8.3,100093698
22873,ATXN3L,92552
22874,EGFL6,25975
22875,TCEANC,170082
22876,RAB9A,9367
22877,TRAPPC2,6399
22878,OFD1,8481
22879,GPM6B,2824
22880,GEMIN8,54960
22881,UBE2E4P,286480
22882,GLRA2,2742
22883,FANCB,2187
22884,MOSPD2,158747
22885,ASB9,140462
22886,ASB11,140456
22887,PIGA,5277
22888,FIGF,2277
22889,PIR-FIGF,100532742
22890,PIR,8544
22891,BMX,660
22892,ACE2,59272
22893,GS1-594A7.3,104798195
22894,TMEM27,57393
22895,CA5BP1,340591
22896,CA5B,11238
22897,INE2,8551
22898,ZRSR2,8233
22899,AP1S2,8905
22900,GRPR,2925
22901,MAGEB17,645864
22902,CTPS2,56474
22903,S100G,795
22904,SYAP1,94056
22905,TXLNG,55787
22906,RBBP7,5931
22907,REPS2,9185
22908,NHS,4810
22909,NHS-AS1,100873920
22910,SCML1,6322
22911,RAI2,10742
22912,BEND2,139105
22913,SCML2,10389
22914,CDKL5,6792
22915,RS1,6247
22916,PPEF1,5475
22917,PHKA2-AS1,100132163
22918,PHKA2,5256
22919,ADGRG2,10149
22920,PDHA1,5160
22921,MAP3K15,389840
22922,SH3KBP1,30011
22923,CXorf23,256643
22924,LOC729609,729609
22925,MAP7D2,256714
22926,EIF1AX,1964
22927,SCARNA9L,100158262
22928,EIF1AX-AS1,100874078
22929,RPS6KA3,6197
22930,CNKSR2,22866
22931,KLHL34,257240
22932,SMPX,23676
22933,MBTPS2,51360
22934,YY2,404281
22935,SMS,6611
22936,PHEX,5251
22937,PHEX-AS1,100873942
22938,PTCHD1-AS,100873065
22939,ZNF645,158506
22940,DDX53,168400
22941,PTCHD1,139411
22942,PRDX4,10549
22943,ACOT9,23597
22944,SAT1,6303
22945,APOO,79135
22946,CXorf58,254158
22947,KLHL15,80311
22948,EIF2S3,1968
22949,ZFX-AS1,100873922
22950,ZFX,7543
22951,SUPT20HL2,170067
22952,SUPT20HL1,100130302
22953,PDK3,5165
22954,PCYT1B,9468
22955,POLA1,5422
22956,ARX,170302
22957,MAGEB18,286514
22958,MAGEB6,158809
22959,MAGEB5,347541
22960,VENTXP1,139538
22961,PPP4R3CP,139420
22962,DCAF8L2,347442
22963,MAGEB10,139422
22964,DCAF8L1,139425
22965,IL1RAPL1,11141
22966,MAGEB2,4113
22967,MAGEB3,4114
22968,MAGEB4,4115
22969,MAGEB1,4112
22970,NR0B1,190
22971,CXorf21,80231
22972,GK,2710
22973,TAB3,257397
22974,FTHL17,53940
22975,DMD,1756
22976,FAM47A,158724
22977,TMEM47,83604
22978,FAM47B,170062
22979,MAGEB16,139604
22980,CFAP47,286464
22981,FAM47C,442444
22982,FTH1P18,441490
22983,PRRG1,5638
22984,LANCL3,347404
22985,XK,7504
22986,CYBB,1536
22987,DYNLT3,6990
22988,HYPM,25763
22989,SYTL5,94122
22990,SRPX,8406
22991,RPGR,6103
22992,OTC,5009
22993,TSPAN7,7102
22994,MID1IP1-AS1,100874211
22995,MID1IP1,58526
22996,LINC01281,286442
22997,LINC01282,101927449
22998,BCOR,54880
22999,LOC101927476,101927476
23000,ATP6AP2,10159
23001,MPC1L,347411
23002,CXorf38,159013
23003,MED14,9282
23004,MED14-AS1,100873985
23005,LOC100132831,100132831
23006,USP9X,8239
23007,DDX3X,1654
23008,NYX,60506
23009,CASK,8573
23010,GPR34,2857
23011,GPR82,27197
23012,PPP1R2P9,80316
23013,LOC101927501,101927501
23014,MAOA,4128
23015,MAOB,4129
23016,NDP,4693
23017,EFHC2,80258
23018,FUNDC1,139341
23019,DUSP21,63904
23020,KDM6A,7403
23021,CXorf36,79742
23022,LINC01204,101927528
23023,LOC392452,392452
23024,MIR221,407006
23025,MIR222,407007
23026,FLJ25917,401585
23027,LINC01186,101927574
23028,KRBOX4,55634
23029,ZNF674,641339
23030,ZNF674-AS1,401588
23031,CHST7,56548
23032,SLC9A7,84679
23033,RP2,6102
23034,LINC01545,724087
23035,JADE3,9767
23036,RGN,9104
23037,NDUFB11,54539
23038,RBM10,8241
23039,UBA1,7317
23040,INE1,8552
23041,CDK16,5127
23042,USP11,8237
23043,ZNF157,7712
23044,ZNF41,7592
23045,CXorf24,203414
23046,ARAF,369
23047,SYN1,6853
23048,TIMP1,7076
23049,CFP,5199
23050,ELK1,2002
23051,UXT,8409
23052,UXT-AS1,100133957
23053,CXXC1P1,392459
23054,ZNF81,347344
23055,ZNF182,7569
23056,SPACA5,389852
23057,ZNF630-AS1,100874120
23058,ZNF630,57232
23059,SSX6,280657
23060,SPACA5B,729201
23061,SSX5,6758
23062,SSX1,6756
23063,SSX9,280660
23064,SSX3,10214
23065,SSX4,6759
23066,SSX4B,548313
23067,SLC38A5,92745
23068,FTSJ1,24140
23069,PORCN,64840
23070,EBP,10682
23071,TBC1D25,4943
23072,RBM3,5935
23073,WDR13,64743
23074,WAS,7454
23075,SUV39H1,6839
23076,GLOD5,392465
23077,GATA1,2623
23078,HDAC6,10013
23079,ERAS,3266
23080,PCSK1N,27344
23081,TIMM17B,10245
23082,PQBP1,10084
23083,SLC35A2,7355
23084,PIM2,11040
23085,OTUD5,55593
23086,KCND1,3750
23087,GRIPAP1,56850
23088,TFE3,7030
23089,CCDC120,90060
23090,PRAF2,11230
23091,WDR45,11152
23092,GPKOW,27238
23093,MAGIX,79917
23094,PLP2,5355
23095,PRICKLE3,4007
23096,SYP,6855
23097,SYP-AS1,100873921
23098,CACNA1F,778
23099,CCDC22,28952
23100,FOXP3,50943
23101,PPP1R3F,89801
23102,GAGE10,643832
23103,GAGE12J,729396
23104,GAGE2E,26749
23105,GAGE8,100101629
23106,GAGE2D,729408
23107,GAGE12I,26748
23108,GAGE2B,645037
23109,GAGE12H,729442
23110,GAGE12G,645073
23111,GAGE12E,729431
23112,GAGE12C,729422
23113,GAGE2A,729447
23114,GAGE1,2543
23115,PAGE1,8712
23116,PAGE4,9506
23117,USP27X-AS1,158572
23118,USP27X,389856
23119,CLCN5,1184
23120,AKAP4,8852
23121,CCNB3,85417
23122,DGKK,139189
23123,SHROOM4,57477
23124,BMP15,9210
23125,LINC01284,101926971
23126,NUDT10,170685
23127,CXorf67,340602
23128,NUDT11,55190
23129,CENPVP1,389857
23130,CENPVP2,441495
23131,GSPT2,23708
23132,MAGED1,9500
23133,SNORA11E,101340250
23134,MAGED4B,81557
23135,MAGED4,728239
23136,SNORA11D,100124541
23137,XAGE2,9502
23138,XAGE1B,653220
23139,XAGE1E,653067
23140,SSX8,280659
23141,SSX7,280658
23142,SSX2,6757
23143,SSX2B,727837
23144,SPANXN5,494197
23145,XAGE5,170627
23146,XAGE3,170626
23147,FAM156B,727866
23148,FAM156A,29057
23149,GPR173,54328
23150,TSPYL2,64061
23151,KANTR,102723508
23152,KDM5C,8242
23153,IQSEC2,23096
23154,SMC1A,8243
23155,RIBC1,158787
23156,HSD17B10,3028
23157,HUWE1,10075
23158,PHF8,23133
23159,FAM120C,54954
23160,WNK3,65267
23161,TSR2,90121
23162,FGD1,2245
23163,GNL3L,54552
23164,ITIH6,347365
23165,MAGED2,10916
23166,TRO,7216
23167,PFKFB1,5207
23168,APEX2,27301
23169,ALAS2,212
23170,PAGE2B,389860
23171,PAGE2,203569
23172,FAM104B,90736
23173,MTRNR2L10,100463488
23174,PAGE5,90737
23175,PAGE3,139793
23176,LOC100421746,100421746
23177,MAGEH1,28986
23178,USP51,158880
23179,FOXR2,139628
23180,RRAGB,10325
23181,KLF8,11279
23182,UBQLN2,29978
23183,LINC01420,550643
23184,UQCRBP1,442454
23185,SPIN3,169981
23186,SPIN2B,474343
23187,SPIN2A,54466
23188,FAAH2,158584
23189,ZXDB,158586
23190,ZXDA,7789
23191,SPIN4,139886
23192,LINC01278,92249
23193,ARHGEF9,23229
23194,AMER1,139285
23195,ASB12,142689
23196,MTMR8,55613
23197,ZC4H2,55906
23198,ZC3H12B,340554
23199,LAS1L,81887
23200,FRMD8P1,83957
23201,MSN,4478
23202,VSIG4,11326
23203,HEPH,9843
23204,EDA2R,60401
23205,AR,367
23206,OPHN1,4983
23207,YIPF6,286451
23208,STARD8,9754
23209,EFNB1,1947
23210,PJA1,64219
23211,LINC00269,100996279
23212,FAM155B,27112
23213,EDA,1896
23214,AWAT2,158835
23215,OTUD6A,139562
23216,IGBP1,3476
23217,DGAT2L6,347516
23218,AWAT1,158833
23219,P2RY4,5030
23220,ARR3,407
23221,RAB41,347517
23222,PDZD11,51248
23223,KIF4A,24137
23224,GDPD2,54857
23225,DLG3,1741
23226,DLG3-AS1,100873930
23227,TEX11,56159
23228,SLC7A3,84889
23229,SNX12,29934
23230,FOXO4,4303
23231,CXorf65,158830
23232,IL2RG,3561
23233,MED12,9968
23234,NLGN3,54413
23235,BCYRN1,618
23236,GJB1,2705
23237,ZMYM3,9203
23238,NONO,4841
23239,ITGB1BP2,26548
23240,TAF1,6872
23241,INGX,27160
23242,OGT,8473
23243,ACRC,93953
23244,CXCR3,2833
23245,LINC00891,441501
23246,CXorf49B,100132994
23247,CXorf49,100130361
23248,NHSL2,340527
23249,RPS26P11,441502
23250,RGAG4,340526
23251,FLJ44635,392490
23252,PIN4,5303
23253,ERCC6L,54821
23254,RPS4X,6191
23255,CITED1,4435
23256,HDAC8,55869
23257,PHKA1,5255
23258,DMRTC1B,728656
23259,DMRTC1,63947
23260,LOC100132304,100132304
23261,FAM226A,203429
23262,PABPC1L2B-AS1,101928345
23263,PABPC1L2B,645974
23264,PABPC1L2A,340529
23265,NAP1L6,645996
23266,NAP1L2,4674
23267,CDX4,1046
23268,MAP2K4P1,139201
23269,CHIC1,53344
23270,TSIX,9383
23271,XIST,7503
23272,JPX,554203
23273,FTX,100302692
23274,ZCCHC13,389874
23275,SLC16A2,6567
23276,RLIM,51132
23277,KIAA2022,340533
23278,ABCB7,22
23279,UPRT,139596
23280,ZDHHC15,158866
23281,TTC3P1,286495
23282,MAGEE2,139599
23283,PBDC1,51260
23284,MAGEE1,57692
23285,MIR325HG,101928469
23286,ATRX,546
23287,MAGT1,84061
23288,COX7B,1349
23289,ATP7A,538
23290,PGAM4,441531
23291,PGK1,5230
23292,TAF9B,51616
23293,CYSLTR1,10800
23294,ZCCHC5,203430
23295,LPAR4,2846
23296,P2RY10,27334
23297,GPR174,84636
23298,ITM2A,9452
23299,TBX22,50945
23300,LOC101060146,101060146
23301,FAM46D,169966
23302,BRWD3,254065
23303,HMGN5,79366
23304,SH3BGRL,6451
23305,POU3F4,5456
23306,RPS6KA6,27330
23307,HDX,139324
23308,UBE2DNL,100131816
23309,APOOL,139322
23310,SATL1,340562
23311,LOC101928128,101928128
23312,ZNF711,7552
23313,POF1B,79983
23314,CHM,1121
23315,DACH2,117154
23316,KLHL4,56062
23317,CPXCR1,53336
23318,TGIF2LX,90316
23319,PABPC5-AS1,727694
23320,PABPC5,140886
23321,PCDH11X,27328
23322,NAP1L3,4675
23323,FAM133A,286499
23324,BRDTP1,643486
23325,DIAPH2,1730
23326,RPA4,29935
23327,EPAG,10824
23328,XRCC6P5,442459
23329,PCDH19,57526
23330,TNMD,64102
23331,TSPAN6,7105
23332,SRPX2,27286
23333,SYTL4,94121
23334,CSTF2,1478
23335,NOX1,27035
23336,XKRX,402415
23337,ARL13A,392509
23338,TRMT2B,79979
23339,TMEM35,59353
23340,CENPI,2491
23341,DRP2,1821
23342,TAF7L,54457
23343,TIMM8A,1678
23344,BTK,695
23345,RPL36A,6173
23346,RPL36A-HNRNPH2,100529097
23347,GLA,2717
23348,HNRNPH2,3188
23349,ARMCX4,100131755
23350,ARMCX1,51309
23351,ARMCX6,54470
23352,ARMCX3,51566
23353,ARMCX2,9823
23354,NXF5,55998
23355,ZMAT1,84460
23356,TCEAL2,140597
23357,TCEAL6,158931
23358,BEX5,340542
23359,NXF2B,728343
23360,NXF2,56001
23361,TCP11X2,100996648
23362,TMSB15A,11013
23363,NXF4,55999
23364,ARMCX5,64860
23365,ARMCX5-GPRASP2,100528062
23366,GPRASP1,9737
23367,GPRASP2,114928
23368,BHLHB9,80823
23369,LINC00630,100287765
23370,RAB40AL,282808
23371,BEX1,55859
23372,NXF3,56000
23373,BEX4,56271
23374,TCEAL8,90843
23375,TCEAL5,340543
23376,BEX2,84707
23377,TCEAL7,56849
23378,WBP5,51186
23379,NGFRAP1,27018
23380,RAB40A,142684
23381,LOC105373300,105373300
23382,TCEAL4,79921
23383,TCEAL3,85012
23384,TCEAL1,9338
23385,MORF4L2,9643
23386,MORF4L2-AS1,340544
23387,GLRA4,441509
23388,TMEM31,203562
23389,PLP1,5354
23390,RAB9B,51209
23391,TMSB15B,286527
23392,H2BFWT,158983
23393,H2BFM,286436
23394,LOC100101478,100101478
23395,SLC25A53,401612
23396,ZCCHC18,644353
23397,LOC286437,286437
23398,FAM199X,139231
23399,ESX1,80712
23400,IL1RAPL2,26280
23401,TEX13A,56157
23402,NRK,203447
23403,SERPINA7,6906
23404,MUM1L1,139221
23405,CXorf57,55086
23406,RNF128,79589
23407,TBC1D8B,54885
23408,RIPPLY1,92129
23409,CLDN2,9075
23410,MORC4,79710
23411,RBM41,55285
23412,NUP62CL,54830
23413,PIH1D3,139212
23414,FRMPD3-AS1,100874122
23415,FRMPD3,84443
23416,PRPS1,5631
23417,TSC22D3,1831
23418,MID2,11043
23419,LOC101928335,101928335
23420,TEX13B,56156
23421,VSIG1,340547
23422,PSMD10,5716
23423,ATG4A,115201
23424,COL4A6,1288
23425,COL4A5,1287
23426,IRS4,8471
23427,LOC101928358,101928358
23428,GUCY2F,2986
23429,NXT2,55916
23430,KCNE5,23630
23431,ACSL4,2182
23432,TMEM164,84187
23433,AMMECR1,9949
23434,RGAG1,57529
23435,TDGF1P3,6998
23436,CHRDL1,91851
23437,PAK3,5063
23438,CAPN6,827
23439,DCX,1641
23440,LINC00890,401613
23441,ALG13,79868
23442,TRPC5,7224
23443,TRPC5OS,100329135
23444,ZCCHC16,340595
23445,LHFPL1,340596
23446,AMOT,154796
23447,LOC101928437,101928437
23448,XACT,105463123
23449,HTR2C,3358
23450,IL13RA2,3598
23451,LRCH2,57631
23452,RBMXL3,139804
23453,LUZP4,51213
23454,PLS3-AS1,101927352
23455,PLS3,5358
23456,LOC642776,642776
23457,AGTR2,186
23458,SLC6A14,11254
23459,CT83,203413
23460,KLHL13,90293
23461,WDR44,54521
23462,DOCK11,139818
23463,IL13RA1,3597
23464,ZCCHC12,170261
23465,LINC01285,101928287
23466,LONRF3,79836
23467,KIAA1210,57481
23468,PGRMC1,10857
23469,LOC101928336,101928336
23470,SLC25A43,203427
23471,SLC25A5-AS1,100303728
23472,SLC25A5,292
23473,CXorf56,63932
23474,UBE2A,7319
23475,NKRF,55922
23476,SEPT6,23157
23477,SOWAHD,347454
23478,RPL39,6170
23479,UPF3B,65109
23480,RNF113A,7737
23481,NDUFA1,4694
23482,AKAP14,158798
23483,NKAP,79576
23484,RHOXF1P1,101928941
23485,RHOXF1-AS1,101928969
23486,RHOXF2B,727940
23487,RHOXF1,158800
23488,LINC01402,104797536
23489,RHOXF2,84528
23490,NKAPP1,158801
23491,ZBTB33,10009
23492,TMEM255A,55026
23493,ATP1B4,23439
23494,LAMP2,3920
23495,CUL4B,8450
23496,MCTS1,28985
23497,C1GALT1C1,29071
23498,CT47B1,643311
23499,GLUD2,2747
23500,GRIA3,2892
23501,THOC2,57187
23502,XIAP,331
23503,LOC101928402,101928402
23504,STAG2,10735
23505,SH2D1A,4068
23506,TENM1,10178
23507,LOC100129520,100129520
23508,LOC101928495,101928495
23509,DCAF12L2,340578
23510,DCAF12L1,139170
23511,PRR32,100130613
23512,ACTRT1,139741
23513,SMARCA1,6594
23514,OCRL,4952
23515,APLN,8862
23516,XPNPEP2,7512
23517,SASH3,54440
23518,ZDHHC9,51114
23519,UTP14A,10813
23520,BCORL1,63035
23521,ELF4,2000
23522,AIFM1,9131
23523,RAB33A,9363
23524,ZNF280C,55609
23525,SLC25A14,9016
23526,GPR119,139760
23527,RBMX2,51634
23528,ENOX2,10495
23529,ARHGAP36,158763
23530,IGSF1,3547
23531,OR13H1,347468
23532,FIRRE,286467
23533,STK26,51765
23534,FRMD7,90167
23535,RAP2C,57826
23536,RAP2C-AS1,101928578
23537,MBNL3,55796
23538,HS6ST2,90161
23539,HS6ST2-AS1,100874102
23540,USP26,83844
23541,TFDP3,51270
23542,GPC4,2239
23543,GPC3,2719
23544,CCDC160,347475
23545,PHF6,84295
23546,HPRT1,3251
23547,MIR503HG,84848
23548,LINC00629,100506757
23549,PLAC1,10761
23550,FAM122B,159090
23551,FAM122C,159091
23552,MOSPD1,56180
23553,SMIM10,644538
23554,FAM127C,441518
23555,FAM127A,8933
23556,FAM127B,26071
23557,SMIM10L2B,644596
23558,CT55,54967
23559,ZNF75D,7626
23560,ZNF449,203523
23561,LOC100506790,100506790
23562,SMIM10L2A,399668
23563,DDX26B-AS1,100874118
23564,DDX26B,203522
23565,CT45A1,541466
23566,CT45A5,441521
23567,CT45A3,441519
23568,CT45A10,102723631
23569,SAGE1,55511
23570,MMGT1,93380
23571,SLC9A6,10479
23572,FHL1,2273
23573,MAP7D3,79649
23574,ADGRG4,139378
23575,BRS3,680
23576,HTATSF1,27336
23577,VGLL1,51442
23578,LINC00892,100128420
23579,CD40LG,959
23580,ARHGEF6,9459
23581,RBMX,27316
23582,GPR101,83550
23583,ZIC3,7547
23584,LINC00889,158696
23585,FGF13,2258
23586,FGF13-AS1,100129662
23587,SRD5A1P1,6719
23588,F9,2158
23589,MCF2,4168
23590,ATP11C,286410
23591,CXorf66,347487
23592,LOC389895,389895
23593,SOX3,6658
23594,LINC00632,286411
23595,CDR1,1038
23596,SPANXB1,728695
23597,LDOC1,23641
23598,SPANXA2-OT1,619455
23599,SPANXA1,30014
23600,SPANXD,64648
23601,SPANXC,64663
23602,MAGEC3,139081
23603,MAGEC1,9947
23604,MAGEC2,51438
23605,SPANXN4,441525
23606,SPANXN3,139067
23607,SLITRK4,139065
23608,SPANXN2,494119
23609,UBE2NL,389898
23610,SPANXN1,494118
23611,SLITRK2,84631
23612,TMEM257,9142
23613,CXorf51A,100129239
23614,FMR1-AS1,100126270
23615,FMR1,2332
23616,FMR1NB,158521
23617,AFF2,2334
23618,IDS,3423
23619,LINC00893,100131434
23620,CXorf40A,91966
23621,MAGEA9B,728269
23622,HSFX2,100130086
23623,TMEM185A,84548
23624,MAGEA11,4110
23625,HSFX1,100506164
23626,MAGEA9,4108
23627,LINC00850,101241891
23628,MAGEA8-AS1,101410537
23629,MAGEA8,4107
23630,CXorf40B,541578
23631,LINC00894,100272228
23632,MAMLD1,10046
23633,MTM1,4534
23634,MTMR1,8776
23635,CD99L2,83692
23636,HMGB3,3149
23637,GPR50,9248
23638,VMA21,203547
23639,PASD1,139135
23640,PRRG3,79057
23641,FATE1,89885
23642,CNGA2,1260
23643,MAGEA4,4103
23644,GABRE,2564
23645,MAGEA5,4104
23646,MAGEA10-MAGEA5,100533997
23647,MAGEA10,4109
23648,GABRA3,2556
23649,GABRQ,55879
23650,MAGEA6,4105
23651,MAGEA2B,266740
23652,CSAG4,100130935
23653,MAGEA12,4111
23654,CSAG1,158511
23655,MAGEA2,4101
23656,MAGEA3,4102
23657,CETN2,1069
23658,NSDHL,50814
23659,ZNF185,7739
23660,PNMA5,114824
23661,PNMA3,29944
23662,PNMA6A,84968
23663,MAGEA1,4100
23664,ZNF275,10838
23665,ZFP92,139735
23666,TREX2,11219
23667,HAUS7,55559
23668,BGN,633
23669,ATP2B3,492
23670,FAM58A,92002
23671,LOC105373383,105373383
23672,DUSP9,1852
23673,PNCK,139728
23674,SLC6A8,6535
23675,BCAP31,10134
23676,ABCD1,215
23677,PLXNB3,5365
23678,SRPK3,26576
23679,IDH3G,3421
23680,SSR4,6748
23681,PDZD4,57595
23682,L1CAM,3897
23683,LOC100996465,100996465
23684,AVPR2,554
23685,ARHGAP4,393
23686,NAA10,8260
23687,RENBP,5973
23688,HCFC1,3054
23689,HCFC1-AS1,100873990
23690,TMEM187,8269
23691,IRAK1,3654
23692,MECP2,4204
23693,OPN1LW,5956
23694,OPN1MW,2652
23695,OPN1MW2,728458
23696,TEX28,1527
23697,TKTL1,8277
23698,FLNA,2316
23699,EMD,2010
23700,RPL10,6134
23701,SNORA70,26778
23702,DNASE1L1,1774
23703,TAZ,6901
23704,LOC158960,158960
23705,ATP6AP1,537
23706,GDI1,2664
23707,FAM50A,9130
23708,PLXNA3,55558
23709,LAGE3,8270
23710,UBL4A,8266
23711,SLC10A3,8273
23712,FAM3A,60343
23713,G6PD,2539
23714,IKBKG,8517
23715,FAM223A,100132967
23716,CTAG1B,1485
23717,CTAG1A,246100
23718,CTAG2,30848
23719,GAB3,139716
23720,DKC1,1736
23721,MPP1,4354
23722,SMIM9,100132963
23723,F8,2157
23724,H2AFB1,474382
23725,F8A1,8263
23726,FUNDC2,65991
23727,CMC4,100272147
23728,MTCP1,4515
23729,BRCC3,79184
23730,VBP1,7411
23731,RAB39B,116442
23732,CLIC2,1193
23733,H2AFB2,474381
23734,TMLHE-AS1,100507404
23735,TMLHE,55217
23736,SRY,6736
23737,RPS4Y1,6192
23738,ZFY,7544
23739,LINC00278,100873962
23740,TGIF2LY,90655
23741,PCDH11Y,83259
23742,TSPY2,64591
23743,TTTY7,246122
23744,AMELY,266
23745,TBL1Y,90665
23746,PRKY,5616
23747,TTTY12,83867
23748,TTTY11,83866
23749,TSPY8,728403
23750,TSPY4,728395
23751,TSPY3,728137
23752,TSPY1,7258
23753,TTTY7B,100101120
23754,TTTY21B,100101115
23755,TTTY2,60439
23756,GYG2P1,352887
23757,TTTY15,64595
23758,USP9Y,8287
23759,DDX3Y,8653
23760,UTY,7404
23761,TMSB4Y,9087
23762,VCY,9084
23763,VCY1B,353513
23764,NLGN4Y,22829
23765,NLGN4Y-AS1,100874056
23766,FAM41AY1,340618
23767,FAM224B,401629
23768,XKRY,9082
23769,FAM224A,401630
23770,HSFY1,86614
23771,TTTY9A,83864
23772,TTTY14,83869
23773,CD24,100133941
23774,BCORP1,286554
23775,TXLNGY,246126
23776,KDM5D,8284
23777,TTTY10,246119
23778,EIF1AY,9086
23779,RPS4Y2,140032
23780,CYorf17,100533178
23781,RBMY2EP,159125
23782,RBMY1B,378948
23783,RBMY1F,159163
23784,TTTY5,83863
23785,RBMY2FP,159162
23786,RBMY1J,378951
23787,LOC101929148,101929148
23788,PRY,9081
23789,TTTY4,114761
23790,DAZ2,57055
23791,CDY1B,253175
23792,GOLGA2P3Y,401634
23793,TTTY4B,474149
23794,BPY2B,442867
23795,DAZ3,57054
23796,DAZ4,57135
23797,GOLGA2P2Y,84559
23798,CSPG4P1Y,114758
23799,FAM230C,26080
23800,LOC100233156,100233156
23801,LOC389834,389834
23802,FLJ43315,644316
23803,MAFIP,727764
23804,LOC283788,283788
23805,KIR2DL5B,553128
23806,LOC100288966,100288966
23807,DUX4,100288687
